{
  "type": "FeatureCollection",
  "name": "Interior sample points for source-bounded named OSM objects; not a complete island inventory",
  "properties": {
    "license": "ODbL-1.0",
    "attribution": "© OpenStreetMap contributors",
    "complete_island_census": false
  },
  "features": [
    {
      "type": "Feature",
      "id": "relation/2445882",
      "geometry": {
        "type": "Point",
        "coordinates": [
          111.20019091541022,
          19.90955445
        ]
      },
      "properties": {
        "object_id": "relation/2445882",
        "name": "七洲列岛",
        "osm_type": "relation",
        "osm_id": 2445882,
        "source_url": "https://www.openstreetmap.org/relation/2445882",
        "status": "representative_point_value",
        "geometry_intersecting_mgrs": [
          "MGRS-49QEB",
          "MGRS-49QEC"
        ],
        "representative_point_method": "GEOS PointOnSurface of valid source polygon/MultiPolygon",
        "representative_point_inside_geometry": true,
        "accepted_sample_dates": [
          "2025-04-23"
        ],
        "is_full_object_coverage_verified": false,
        "quality_guard_verified": false
      }
    },
    {
      "type": "Feature",
      "id": "relation/4094778",
      "geometry": {
        "type": "Point",
        "coordinates": [
          109.62893206281255,
          19.160385849999997
        ]
      },
      "properties": {
        "object_id": "relation/4094778",
        "name": "海南岛",
        "osm_type": "relation",
        "osm_id": 4094778,
        "source_url": "https://www.openstreetmap.org/relation/4094778",
        "status": "representative_point_value",
        "geometry_intersecting_mgrs": [
          "MGRS-48QZF",
          "MGRS-48QZG",
          "MGRS-49QBA",
          "MGRS-49QBB",
          "MGRS-49QBC",
          "MGRS-49QCA",
          "MGRS-49QCB",
          "MGRS-49QCC",
          "MGRS-49QDA",
          "MGRS-49QDB",
          "MGRS-49QDC",
          "MGRS-49QEB"
        ],
        "representative_point_method": "GEOS PointOnSurface of valid source polygon/MultiPolygon",
        "representative_point_inside_geometry": true,
        "accepted_sample_dates": [
          "2025-03-02"
        ],
        "is_full_object_coverage_verified": false,
        "quality_guard_verified": false
      }
    },
    {
      "type": "Feature",
      "id": "relation/4812933",
      "geometry": {
        "type": "Point",
        "coordinates": [
          112.72903211262533,
          16.6673367
        ]
      },
      "properties": {
        "object_id": "relation/4812933",
        "name": "东岛",
        "osm_type": "relation",
        "osm_id": 4812933,
        "source_url": "https://www.openstreetmap.org/relation/4812933",
        "status": "representative_point_value",
        "geometry_intersecting_mgrs": [
          "MGRS-49QFU"
        ],
        "representative_point_method": "GEOS PointOnSurface of valid source polygon/MultiPolygon",
        "representative_point_inside_geometry": true,
        "accepted_sample_dates": [
          "2025-01-23"
        ],
        "is_full_object_coverage_verified": false,
        "quality_guard_verified": false
      }
    },
    {
      "type": "Feature",
      "id": "relation/7250845",
      "geometry": {
        "type": "Point",
        "coordinates": [
          111.71146060989604,
          16.451544749999996
        ]
      },
      "properties": {
        "object_id": "relation/7250845",
        "name": "琛航岛",
        "osm_type": "relation",
        "osm_id": 7250845,
        "source_url": "https://www.openstreetmap.org/relation/7250845",
        "status": "representative_point_value",
        "geometry_intersecting_mgrs": [
          "MGRS-49QEU"
        ],
        "representative_point_method": "GEOS PointOnSurface of valid source polygon/MultiPolygon",
        "representative_point_inside_geometry": true,
        "accepted_sample_dates": [
          "2025-04-23"
        ],
        "is_full_object_coverage_verified": false,
        "quality_guard_verified": false
      }
    },
    {
      "type": "Feature",
      "id": "relation/7250846",
      "geometry": {
        "type": "Point",
        "coordinates": [
          111.70114781494709,
          16.452134
        ]
      },
      "properties": {
        "object_id": "relation/7250846",
        "name": "广金岛",
        "osm_type": "relation",
        "osm_id": 7250846,
        "source_url": "https://www.openstreetmap.org/relation/7250846",
        "status": "representative_point_value",
        "geometry_intersecting_mgrs": [
          "MGRS-49QEU"
        ],
        "representative_point_method": "GEOS PointOnSurface of valid source polygon/MultiPolygon",
        "representative_point_inside_geometry": true,
        "accepted_sample_dates": [
          "2025-04-23"
        ],
        "is_full_object_coverage_verified": false,
        "quality_guard_verified": false
      }
    },
    {
      "type": "Feature",
      "id": "relation/7434587",
      "geometry": {
        "type": "Point",
        "coordinates": [
          112.33926056448664,
          16.83414625
        ]
      },
      "properties": {
        "object_id": "relation/7434587",
        "name": "永兴岛",
        "osm_type": "relation",
        "osm_id": 7434587,
        "source_url": "https://www.openstreetmap.org/relation/7434587",
        "status": "representative_point_value",
        "geometry_intersecting_mgrs": [
          "MGRS-49QFU"
        ],
        "representative_point_method": "GEOS PointOnSurface of valid source polygon/MultiPolygon",
        "representative_point_inside_geometry": true,
        "accepted_sample_dates": [
          "2025-01-23"
        ],
        "is_full_object_coverage_verified": false,
        "quality_guard_verified": false
      }
    },
    {
      "type": "Feature",
      "id": "relation/7434588",
      "geometry": {
        "type": "Point",
        "coordinates": [
          112.3474740146398,
          16.84472165
        ]
      },
      "properties": {
        "object_id": "relation/7434588",
        "name": "石岛",
        "osm_type": "relation",
        "osm_id": 7434588,
        "source_url": "https://www.openstreetmap.org/relation/7434588",
        "status": "representative_point_value",
        "geometry_intersecting_mgrs": [
          "MGRS-49QFU"
        ],
        "representative_point_method": "GEOS PointOnSurface of valid source polygon/MultiPolygon",
        "representative_point_inside_geometry": true,
        "accepted_sample_dates": [
          "2025-01-23"
        ],
        "is_full_object_coverage_verified": false,
        "quality_guard_verified": false
      }
    },
    {
      "type": "Feature",
      "id": "relation/9443828",
      "geometry": {
        "type": "Point",
        "coordinates": [
          109.41494628565135,
          18.217585800000002
        ]
      },
      "properties": {
        "object_id": "relation/9443828",
        "name": "东瑁洲",
        "osm_type": "relation",
        "osm_id": 9443828,
        "source_url": "https://www.openstreetmap.org/relation/9443828",
        "status": "representative_point_value",
        "geometry_intersecting_mgrs": [
          "MGRS-49QCA"
        ],
        "representative_point_method": "GEOS PointOnSurface of valid source polygon/MultiPolygon",
        "representative_point_inside_geometry": true,
        "accepted_sample_dates": [
          "2025-01-11"
        ],
        "is_full_object_coverage_verified": false,
        "quality_guard_verified": false
      }
    },
    {
      "type": "Feature",
      "id": "relation/9443829",
      "geometry": {
        "type": "Point",
        "coordinates": [
          109.37043232573313,
          18.236267400000003
        ]
      },
      "properties": {
        "object_id": "relation/9443829",
        "name": "西岛",
        "osm_type": "relation",
        "osm_id": 9443829,
        "source_url": "https://www.openstreetmap.org/relation/9443829",
        "status": "representative_point_value",
        "geometry_intersecting_mgrs": [
          "MGRS-49QCA"
        ],
        "representative_point_method": "GEOS PointOnSurface of valid source polygon/MultiPolygon",
        "representative_point_inside_geometry": true,
        "accepted_sample_dates": [
          "2025-01-11"
        ],
        "is_full_object_coverage_verified": false,
        "quality_guard_verified": false
      }
    },
    {
      "type": "Feature",
      "id": "relation/11011444",
      "geometry": {
        "type": "Point",
        "coordinates": [
          111.71805874522806,
          16.4528547
        ]
      },
      "properties": {
        "object_id": "relation/11011444",
        "name": "琛航礁",
        "osm_type": "relation",
        "osm_id": 11011444,
        "source_url": "https://www.openstreetmap.org/relation/11011444",
        "status": "representative_point_value",
        "geometry_intersecting_mgrs": [
          "MGRS-49QEU"
        ],
        "representative_point_method": "GEOS PointOnSurface of valid source polygon/MultiPolygon",
        "representative_point_inside_geometry": true,
        "accepted_sample_dates": [
          "2025-04-23"
        ],
        "is_full_object_coverage_verified": false,
        "quality_guard_verified": false
      }
    },
    {
      "type": "Feature",
      "id": "relation/11011445",
      "geometry": {
        "type": "Point",
        "coordinates": [
          111.77085191752678,
          16.503840850000003
        ]
      },
      "properties": {
        "object_id": "relation/11011445",
        "name": "晋卿礁盘",
        "osm_type": "relation",
        "osm_id": 11011445,
        "source_url": "https://www.openstreetmap.org/relation/11011445",
        "status": "representative_point_value",
        "geometry_intersecting_mgrs": [
          "MGRS-49QEU"
        ],
        "representative_point_method": "GEOS PointOnSurface of valid source polygon/MultiPolygon",
        "representative_point_inside_geometry": true,
        "accepted_sample_dates": [
          "2025-04-23"
        ],
        "is_full_object_coverage_verified": false,
        "quality_guard_verified": false
      }
    },
    {
      "type": "Feature",
      "id": "relation/11085885",
      "geometry": {
        "type": "Point",
        "coordinates": [
          112.6916538749476,
          16.3438612
        ]
      },
      "properties": {
        "object_id": "relation/11085885",
        "name": "湛涵滩",
        "osm_type": "relation",
        "osm_id": 11085885,
        "source_url": "https://www.openstreetmap.org/relation/11085885",
        "status": "representative_point_value",
        "geometry_intersecting_mgrs": [
          "MGRS-49QFU"
        ],
        "representative_point_method": "GEOS PointOnSurface of valid source polygon/MultiPolygon",
        "representative_point_inside_geometry": true,
        "accepted_sample_dates": [
          "2025-01-23"
        ],
        "is_full_object_coverage_verified": false,
        "quality_guard_verified": false
      }
    },
    {
      "type": "Feature",
      "id": "relation/11085886",
      "geometry": {
        "type": "Point",
        "coordinates": [
          112.64347647131449,
          16.3488028
        ]
      },
      "properties": {
        "object_id": "relation/11085886",
        "name": "湛涵滩",
        "osm_type": "relation",
        "osm_id": 11085886,
        "source_url": "https://www.openstreetmap.org/relation/11085886",
        "status": "representative_point_value",
        "geometry_intersecting_mgrs": [
          "MGRS-49QFU"
        ],
        "representative_point_method": "GEOS PointOnSurface of valid source polygon/MultiPolygon",
        "representative_point_inside_geometry": true,
        "accepted_sample_dates": [
          "2025-01-23"
        ],
        "is_full_object_coverage_verified": false,
        "quality_guard_verified": false
      }
    },
    {
      "type": "Feature",
      "id": "relation/11085887",
      "geometry": {
        "type": "Point",
        "coordinates": [
          112.6424043925,
          16.57708385
        ]
      },
      "properties": {
        "object_id": "relation/11085887",
        "name": "高尖石",
        "osm_type": "relation",
        "osm_id": 11085887,
        "source_url": "https://www.openstreetmap.org/relation/11085887",
        "status": "representative_point_value",
        "geometry_intersecting_mgrs": [
          "MGRS-49QFU"
        ],
        "representative_point_method": "GEOS PointOnSurface of valid source polygon/MultiPolygon",
        "representative_point_inside_geometry": true,
        "accepted_sample_dates": [
          "2025-01-23"
        ],
        "is_full_object_coverage_verified": false,
        "quality_guard_verified": false
      }
    },
    {
      "type": "Feature",
      "id": "relation/11087478",
      "geometry": {
        "type": "Point",
        "coordinates": [
          112.35164710858137,
          16.83545075
        ]
      },
      "properties": {
        "object_id": "relation/11087478",
        "name": "永兴岛礁盘",
        "osm_type": "relation",
        "osm_id": 11087478,
        "source_url": "https://www.openstreetmap.org/relation/11087478",
        "status": "representative_point_value",
        "geometry_intersecting_mgrs": [
          "MGRS-49QFU"
        ],
        "representative_point_method": "GEOS PointOnSurface of valid source polygon/MultiPolygon",
        "representative_point_inside_geometry": true,
        "accepted_sample_dates": [
          "2025-01-23"
        ],
        "is_full_object_coverage_verified": false,
        "quality_guard_verified": false
      }
    },
    {
      "type": "Feature",
      "id": "relation/11170959",
      "geometry": {
        "type": "Point",
        "coordinates": [
          111.81245092511693,
          16.052342449999998
        ]
      },
      "properties": {
        "object_id": "relation/11170959",
        "name": "盘石屿",
        "osm_type": "relation",
        "osm_id": 11170959,
        "source_url": "https://www.openstreetmap.org/relation/11170959",
        "status": "representative_point_value",
        "geometry_intersecting_mgrs": [
          "MGRS-49PET"
        ],
        "representative_point_method": "GEOS PointOnSurface of valid source polygon/MultiPolygon",
        "representative_point_inside_geometry": true,
        "accepted_sample_dates": [
          "2025-04-23"
        ],
        "is_full_object_coverage_verified": false,
        "quality_guard_verified": false
      }
    },
    {
      "type": "Feature",
      "id": "relation/11201623",
      "geometry": {
        "type": "Point",
        "coordinates": [
          112.3116439756453,
          16.96255
        ]
      },
      "properties": {
        "object_id": "relation/11201623",
        "name": "北岛",
        "osm_type": "relation",
        "osm_id": 11201623,
        "source_url": "https://www.openstreetmap.org/relation/11201623",
        "status": "representative_point_value",
        "geometry_intersecting_mgrs": [
          "MGRS-49QFU"
        ],
        "representative_point_method": "GEOS PointOnSurface of valid source polygon/MultiPolygon",
        "representative_point_inside_geometry": true,
        "accepted_sample_dates": [
          "2025-01-23"
        ],
        "is_full_object_coverage_verified": false,
        "quality_guard_verified": false
      }
    },
    {
      "type": "Feature",
      "id": "relation/11201625",
      "geometry": {
        "type": "Point",
        "coordinates": [
          112.32438010839621,
          16.95526955
        ]
      },
      "properties": {
        "object_id": "relation/11201625",
        "name": "中岛",
        "osm_type": "relation",
        "osm_id": 11201625,
        "source_url": "https://www.openstreetmap.org/relation/11201625",
        "status": "representative_point_value",
        "geometry_intersecting_mgrs": [
          "MGRS-49QFU"
        ],
        "representative_point_method": "GEOS PointOnSurface of valid source polygon/MultiPolygon",
        "representative_point_inside_geometry": true,
        "accepted_sample_dates": [
          "2025-04-15"
        ],
        "is_full_object_coverage_verified": false,
        "quality_guard_verified": false
      }
    },
    {
      "type": "Feature",
      "id": "relation/11201627",
      "geometry": {
        "type": "Point",
        "coordinates": [
          112.33429785629238,
          16.9467111
        ]
      },
      "properties": {
        "object_id": "relation/11201627",
        "name": "南岛",
        "osm_type": "relation",
        "osm_id": 11201627,
        "source_url": "https://www.openstreetmap.org/relation/11201627",
        "status": "representative_point_quality_rejected",
        "geometry_intersecting_mgrs": [
          "MGRS-49QFU"
        ],
        "representative_point_method": "GEOS PointOnSurface of valid source polygon/MultiPolygon",
        "representative_point_inside_geometry": true,
        "accepted_sample_dates": [],
        "is_full_object_coverage_verified": false,
        "quality_guard_verified": false
      }
    },
    {
      "type": "Feature",
      "id": "relation/11201629",
      "geometry": {
        "type": "Point",
        "coordinates": [
          112.34169358529962,
          16.93788835
        ]
      },
      "properties": {
        "object_id": "relation/11201629",
        "name": "北沙洲",
        "osm_type": "relation",
        "osm_id": 11201629,
        "source_url": "https://www.openstreetmap.org/relation/11201629",
        "status": "representative_point_value",
        "geometry_intersecting_mgrs": [
          "MGRS-49QFU"
        ],
        "representative_point_method": "GEOS PointOnSurface of valid source polygon/MultiPolygon",
        "representative_point_inside_geometry": true,
        "accepted_sample_dates": [
          "2025-03-04"
        ],
        "is_full_object_coverage_verified": false,
        "quality_guard_verified": true
      }
    },
    {
      "type": "Feature",
      "id": "relation/11201630",
      "geometry": {
        "type": "Point",
        "coordinates": [
          112.34346208467292,
          16.934144099999997
        ]
      },
      "properties": {
        "object_id": "relation/11201630",
        "name": "中沙洲",
        "osm_type": "relation",
        "osm_id": 11201630,
        "source_url": "https://www.openstreetmap.org/relation/11201630",
        "status": "representative_point_value",
        "geometry_intersecting_mgrs": [
          "MGRS-49QFU"
        ],
        "representative_point_method": "GEOS PointOnSurface of valid source polygon/MultiPolygon",
        "representative_point_inside_geometry": true,
        "accepted_sample_dates": [
          "2025-04-15"
        ],
        "is_full_object_coverage_verified": false,
        "quality_guard_verified": false
      }
    },
    {
      "type": "Feature",
      "id": "relation/11201631",
      "geometry": {
        "type": "Point",
        "coordinates": [
          112.34559459917679,
          16.9290937
        ]
      },
      "properties": {
        "object_id": "relation/11201631",
        "name": "南沙洲",
        "osm_type": "relation",
        "osm_id": 11201631,
        "source_url": "https://www.openstreetmap.org/relation/11201631",
        "status": "representative_point_value",
        "geometry_intersecting_mgrs": [
          "MGRS-49QFU"
        ],
        "representative_point_method": "GEOS PointOnSurface of valid source polygon/MultiPolygon",
        "representative_point_inside_geometry": true,
        "accepted_sample_dates": [
          "2025-04-15"
        ],
        "is_full_object_coverage_verified": false,
        "quality_guard_verified": false
      }
    },
    {
      "type": "Feature",
      "id": "relation/11516599",
      "geometry": {
        "type": "Point",
        "coordinates": [
          111.52709278143382,
          16.449555750000002
        ]
      },
      "properties": {
        "object_id": "relation/11516599",
        "name": "金银岛礁盘",
        "osm_type": "relation",
        "osm_id": 11516599,
        "source_url": "https://www.openstreetmap.org/relation/11516599",
        "status": "representative_point_value",
        "geometry_intersecting_mgrs": [
          "MGRS-49QEU"
        ],
        "representative_point_method": "GEOS PointOnSurface of valid source polygon/MultiPolygon",
        "representative_point_inside_geometry": true,
        "accepted_sample_dates": [
          "2025-04-23"
        ],
        "is_full_object_coverage_verified": false,
        "quality_guard_verified": false
      }
    },
    {
      "type": "Feature",
      "id": "relation/11567453",
      "geometry": {
        "type": "Point",
        "coordinates": [
          109.76184901156373,
          18.3113515
        ]
      },
      "properties": {
        "object_id": "relation/11567453",
        "name": "蜈支洲岛",
        "osm_type": "relation",
        "osm_id": 11567453,
        "source_url": "https://www.openstreetmap.org/relation/11567453",
        "status": "representative_point_value",
        "geometry_intersecting_mgrs": [
          "MGRS-49QCA"
        ],
        "representative_point_method": "GEOS PointOnSurface of valid source polygon/MultiPolygon",
        "representative_point_inside_geometry": true,
        "accepted_sample_dates": [
          "2025-01-11"
        ],
        "is_full_object_coverage_verified": false,
        "quality_guard_verified": false
      }
    },
    {
      "type": "Feature",
      "id": "relation/11602043",
      "geometry": {
        "type": "Point",
        "coordinates": [
          110.48236574854602,
          18.6727696
        ]
      },
      "properties": {
        "object_id": "relation/11602043",
        "name": "大洲岛",
        "osm_type": "relation",
        "osm_id": 11602043,
        "source_url": "https://www.openstreetmap.org/relation/11602043",
        "status": "representative_point_value",
        "geometry_intersecting_mgrs": [
          "MGRS-49QDA"
        ],
        "representative_point_method": "GEOS PointOnSurface of valid source polygon/MultiPolygon",
        "representative_point_inside_geometry": true,
        "accepted_sample_dates": [
          "2025-09-15"
        ],
        "is_full_object_coverage_verified": false,
        "quality_guard_verified": false
      }
    },
    {
      "type": "Feature",
      "id": "relation/11681378",
      "geometry": {
        "type": "Point",
        "coordinates": [
          109.16904178458722,
          19.66988855
        ]
      },
      "properties": {
        "object_id": "relation/11681378",
        "name": "海花岛",
        "osm_type": "relation",
        "osm_id": 11681378,
        "source_url": "https://www.openstreetmap.org/relation/11681378",
        "status": "representative_point_value",
        "geometry_intersecting_mgrs": [
          "MGRS-49QBB",
          "MGRS-49QCB"
        ],
        "representative_point_method": "GEOS PointOnSurface of valid source polygon/MultiPolygon",
        "representative_point_inside_geometry": true,
        "accepted_sample_dates": [
          "2025-03-02"
        ],
        "is_full_object_coverage_verified": false,
        "quality_guard_verified": false
      }
    },
    {
      "type": "Feature",
      "id": "relation/13568600",
      "geometry": {
        "type": "Point",
        "coordinates": [
          110.3604068648232,
          20.071309399999997
        ]
      },
      "properties": {
        "object_id": "relation/13568600",
        "name": "新埠岛",
        "osm_type": "relation",
        "osm_id": 13568600,
        "source_url": "https://www.openstreetmap.org/relation/13568600",
        "status": "representative_point_value",
        "geometry_intersecting_mgrs": [
          "MGRS-49QDC"
        ],
        "representative_point_method": "GEOS PointOnSurface of valid source polygon/MultiPolygon",
        "representative_point_inside_geometry": true,
        "accepted_sample_dates": [
          "2025-03-27"
        ],
        "is_full_object_coverage_verified": false,
        "quality_guard_verified": false
      }
    },
    {
      "type": "Feature",
      "id": "relation/13579393",
      "geometry": {
        "type": "Point",
        "coordinates": [
          110.32699386647681,
          20.06380405
        ]
      },
      "properties": {
        "object_id": "relation/13579393",
        "name": "海甸岛",
        "osm_type": "relation",
        "osm_id": 13579393,
        "source_url": "https://www.openstreetmap.org/relation/13579393",
        "status": "representative_point_value",
        "geometry_intersecting_mgrs": [
          "MGRS-49QDC"
        ],
        "representative_point_method": "GEOS PointOnSurface of valid source polygon/MultiPolygon",
        "representative_point_inside_geometry": true,
        "accepted_sample_dates": [
          "2025-03-27"
        ],
        "is_full_object_coverage_verified": false,
        "quality_guard_verified": false
      }
    },
    {
      "type": "Feature",
      "id": "relation/14250745",
      "geometry": {
        "type": "Point",
        "coordinates": [
          110.42980208314415,
          20.11233145
        ]
      },
      "properties": {
        "object_id": "relation/14250745",
        "name": "如意岛",
        "osm_type": "relation",
        "osm_id": 14250745,
        "source_url": "https://www.openstreetmap.org/relation/14250745",
        "status": "representative_point_value",
        "geometry_intersecting_mgrs": [
          "MGRS-49QDC"
        ],
        "representative_point_method": "GEOS PointOnSurface of valid source polygon/MultiPolygon",
        "representative_point_inside_geometry": true,
        "accepted_sample_dates": [
          "2025-03-27"
        ],
        "is_full_object_coverage_verified": false,
        "quality_guard_verified": false
      }
    },
    {
      "type": "Feature",
      "id": "relation/14548917",
      "geometry": {
        "type": "Point",
        "coordinates": [
          111.71356977497666,
          16.58017055
        ]
      },
      "properties": {
        "object_id": "relation/14548917",
        "name": "银屿礁盘",
        "osm_type": "relation",
        "osm_id": 14548917,
        "source_url": "https://www.openstreetmap.org/relation/14548917",
        "status": "representative_point_value",
        "geometry_intersecting_mgrs": [
          "MGRS-49QEU"
        ],
        "representative_point_method": "GEOS PointOnSurface of valid source polygon/MultiPolygon",
        "representative_point_inside_geometry": true,
        "accepted_sample_dates": [
          "2025-04-23"
        ],
        "is_full_object_coverage_verified": false,
        "quality_guard_verified": false
      }
    },
    {
      "type": "Feature",
      "id": "relation/16610828",
      "geometry": {
        "type": "Point",
        "coordinates": [
          111.60033275330395,
          16.467272899999998
        ]
      },
      "properties": {
        "object_id": "relation/16610828",
        "name": "羚羊礁",
        "osm_type": "relation",
        "osm_id": 16610828,
        "source_url": "https://www.openstreetmap.org/relation/16610828",
        "status": "representative_point_value",
        "geometry_intersecting_mgrs": [
          "MGRS-49QEU"
        ],
        "representative_point_method": "GEOS PointOnSurface of valid source polygon/MultiPolygon",
        "representative_point_inside_geometry": true,
        "accepted_sample_dates": [
          "2025-04-23"
        ],
        "is_full_object_coverage_verified": false,
        "quality_guard_verified": false
      }
    },
    {
      "type": "Feature",
      "id": "relation/18079749",
      "geometry": {
        "type": "Point",
        "coordinates": [
          114.7571814738913,
          16.079960399999997
        ]
      },
      "properties": {
        "object_id": "relation/18079749",
        "name": "石塘连礁",
        "osm_type": "relation",
        "osm_id": 18079749,
        "source_url": "https://www.openstreetmap.org/relation/18079749",
        "status": "representative_point_value",
        "geometry_intersecting_mgrs": [
          "MGRS-49PHT",
          "MGRS-50PKC"
        ],
        "representative_point_method": "GEOS PointOnSurface of valid source polygon/MultiPolygon",
        "representative_point_inside_geometry": true,
        "accepted_sample_dates": [
          "2025-03-26"
        ],
        "is_full_object_coverage_verified": false,
        "quality_guard_verified": false
      }
    },
    {
      "type": "Feature",
      "id": "relation/18103445",
      "geometry": {
        "type": "Point",
        "coordinates": [
          111.66629611550104,
          16.56996015
        ]
      },
      "properties": {
        "object_id": "relation/18103445",
        "name": "全富礁",
        "osm_type": "relation",
        "osm_id": 18103445,
        "source_url": "https://www.openstreetmap.org/relation/18103445",
        "status": "representative_point_value",
        "geometry_intersecting_mgrs": [
          "MGRS-49QEU"
        ],
        "representative_point_method": "GEOS PointOnSurface of valid source polygon/MultiPolygon",
        "representative_point_inside_geometry": true,
        "accepted_sample_dates": [
          "2025-04-23"
        ],
        "is_full_object_coverage_verified": false,
        "quality_guard_verified": false
      }
    },
    {
      "type": "Feature",
      "id": "relation/18554868",
      "geometry": {
        "type": "Point",
        "coordinates": [
          117.79387906092902,
          15.1635867
        ]
      },
      "properties": {
        "object_id": "relation/18554868",
        "name": "黄岩岛",
        "osm_type": "relation",
        "osm_id": 18554868,
        "source_url": "https://www.openstreetmap.org/relation/18554868",
        "status": "representative_point_value",
        "geometry_intersecting_mgrs": [
          "MGRS-50PNB"
        ],
        "representative_point_method": "GEOS PointOnSurface of valid source polygon/MultiPolygon",
        "representative_point_inside_geometry": true,
        "accepted_sample_dates": [
          "2025-03-13"
        ],
        "is_full_object_coverage_verified": false,
        "quality_guard_verified": false
      }
    },
    {
      "type": "Feature",
      "id": "relation/18624006",
      "geometry": {
        "type": "Point",
        "coordinates": [
          109.45909983414052,
          19.91342755
        ]
      },
      "properties": {
        "object_id": "relation/18624006",
        "name": "邻昌礁",
        "osm_type": "relation",
        "osm_id": 18624006,
        "source_url": "https://www.openstreetmap.org/relation/18624006",
        "status": "representative_point_value",
        "geometry_intersecting_mgrs": [
          "MGRS-49QCC"
        ],
        "representative_point_method": "GEOS PointOnSurface of valid source polygon/MultiPolygon",
        "representative_point_inside_geometry": true,
        "accepted_sample_dates": [
          "2025-04-21"
        ],
        "is_full_object_coverage_verified": false,
        "quality_guard_verified": false
      }
    },
    {
      "type": "Feature",
      "id": "relation/18624024",
      "geometry": {
        "type": "Point",
        "coordinates": [
          109.09953380488218,
          19.677844450000002
        ]
      },
      "properties": {
        "object_id": "relation/18624024",
        "name": "大铲礁",
        "osm_type": "relation",
        "osm_id": 18624024,
        "source_url": "https://www.openstreetmap.org/relation/18624024",
        "status": "representative_point_value",
        "geometry_intersecting_mgrs": [
          "MGRS-49QBB",
          "MGRS-49QCB"
        ],
        "representative_point_method": "GEOS PointOnSurface of valid source polygon/MultiPolygon",
        "representative_point_inside_geometry": true,
        "accepted_sample_dates": [
          "2025-03-02"
        ],
        "is_full_object_coverage_verified": false,
        "quality_guard_verified": false
      }
    },
    {
      "type": "Feature",
      "id": "relation/19123019",
      "geometry": {
        "type": "Point",
        "coordinates": [
          111.5075825977762,
          16.44725455
        ]
      },
      "properties": {
        "object_id": "relation/19123019",
        "name": "金银岛",
        "osm_type": "relation",
        "osm_id": 19123019,
        "source_url": "https://www.openstreetmap.org/relation/19123019",
        "status": "representative_point_value",
        "geometry_intersecting_mgrs": [
          "MGRS-49QEU"
        ],
        "representative_point_method": "GEOS PointOnSurface of valid source polygon/MultiPolygon",
        "representative_point_inside_geometry": true,
        "accepted_sample_dates": [
          "2025-03-24"
        ],
        "is_full_object_coverage_verified": false,
        "quality_guard_verified": false
      }
    },
    {
      "type": "Feature",
      "id": "relation/19260764",
      "geometry": {
        "type": "Point",
        "coordinates": [
          110.19651758819818,
          18.5782785
        ]
      },
      "properties": {
        "object_id": "relation/19260764",
        "name": "分界洲",
        "osm_type": "relation",
        "osm_id": 19260764,
        "source_url": "https://www.openstreetmap.org/relation/19260764",
        "status": "representative_point_value",
        "geometry_intersecting_mgrs": [
          "MGRS-49QDA"
        ],
        "representative_point_method": "GEOS PointOnSurface of valid source polygon/MultiPolygon",
        "representative_point_inside_geometry": true,
        "accepted_sample_dates": [
          "2025-09-15"
        ],
        "is_full_object_coverage_verified": false,
        "quality_guard_verified": false
      }
    },
    {
      "type": "Feature",
      "id": "relation/20778067",
      "geometry": {
        "type": "Point",
        "coordinates": [
          111.57591287752786,
          16.468367450000002
        ]
      },
      "properties": {
        "object_id": "relation/20778067",
        "name": "羚羊岛",
        "osm_type": "relation",
        "osm_id": 20778067,
        "source_url": "https://www.openstreetmap.org/relation/20778067",
        "status": "representative_point_value",
        "geometry_intersecting_mgrs": [
          "MGRS-49QEU"
        ],
        "representative_point_method": "GEOS PointOnSurface of valid source polygon/MultiPolygon",
        "representative_point_inside_geometry": true,
        "accepted_sample_dates": [
          "2025-04-23"
        ],
        "is_full_object_coverage_verified": false,
        "quality_guard_verified": false
      }
    },
    {
      "type": "Feature",
      "id": "way/14124533",
      "geometry": {
        "type": "Point",
        "coordinates": [
          110.38012167879782,
          20.00961205
        ]
      },
      "properties": {
        "object_id": "way/14124533",
        "name": "司马坡岛",
        "osm_type": "way",
        "osm_id": 14124533,
        "source_url": "https://www.openstreetmap.org/way/14124533",
        "status": "representative_point_value",
        "geometry_intersecting_mgrs": [
          "MGRS-49QDC"
        ],
        "representative_point_method": "GEOS PointOnSurface of valid source polygon/MultiPolygon",
        "representative_point_inside_geometry": true,
        "accepted_sample_dates": [
          "2025-03-27"
        ],
        "is_full_object_coverage_verified": false,
        "quality_guard_verified": false
      }
    },
    {
      "type": "Feature",
      "id": "way/14126356",
      "geometry": {
        "type": "Point",
        "coordinates": [
          110.5631670648036,
          20.01945495
        ]
      },
      "properties": {
        "object_id": "way/14126356",
        "name": "北港岛",
        "osm_type": "way",
        "osm_id": 14126356,
        "source_url": "https://www.openstreetmap.org/way/14126356",
        "status": "representative_point_value",
        "geometry_intersecting_mgrs": [
          "MGRS-49QDC"
        ],
        "representative_point_method": "GEOS PointOnSurface of valid source polygon/MultiPolygon",
        "representative_point_inside_geometry": true,
        "accepted_sample_dates": [
          "2025-03-27"
        ],
        "is_full_object_coverage_verified": false,
        "quality_guard_verified": false
      }
    },
    {
      "type": "Feature",
      "id": "way/14128190",
      "geometry": {
        "type": "Point",
        "coordinates": [
          110.50198730691605,
          18.7619407
        ]
      },
      "properties": {
        "object_id": "way/14128190",
        "name": "甘蔗岛",
        "osm_type": "way",
        "osm_id": 14128190,
        "source_url": "https://www.openstreetmap.org/way/14128190",
        "status": "representative_point_value",
        "geometry_intersecting_mgrs": [
          "MGRS-49QDA"
        ],
        "representative_point_method": "GEOS PointOnSurface of valid source polygon/MultiPolygon",
        "representative_point_inside_geometry": true,
        "accepted_sample_dates": [
          "2025-09-15"
        ],
        "is_full_object_coverage_verified": false,
        "quality_guard_verified": false
      }
    },
    {
      "type": "Feature",
      "id": "way/14129024",
      "geometry": {
        "type": "Point",
        "coordinates": [
          108.9897761958066,
          18.3266409
        ]
      },
      "properties": {
        "object_id": "way/14129024",
        "name": "东锣岛",
        "osm_type": "way",
        "osm_id": 14129024,
        "source_url": "https://www.openstreetmap.org/way/14129024",
        "status": "representative_point_value",
        "geometry_intersecting_mgrs": [
          "MGRS-49QBA"
        ],
        "representative_point_method": "GEOS PointOnSurface of valid source polygon/MultiPolygon",
        "representative_point_inside_geometry": true,
        "accepted_sample_dates": [
          "2025-03-22"
        ],
        "is_full_object_coverage_verified": false,
        "quality_guard_verified": false
      }
    },
    {
      "type": "Feature",
      "id": "way/14130546",
      "geometry": {
        "type": "Point",
        "coordinates": [
          109.48461907504449,
          18.22874075
        ]
      },
      "properties": {
        "object_id": "way/14130546",
        "name": "小青州",
        "osm_type": "way",
        "osm_id": 14130546,
        "source_url": "https://www.openstreetmap.org/way/14130546",
        "status": "representative_point_value",
        "geometry_intersecting_mgrs": [
          "MGRS-49QCA"
        ],
        "representative_point_method": "GEOS PointOnSurface of valid source polygon/MultiPolygon",
        "representative_point_inside_geometry": true,
        "accepted_sample_dates": [
          "2025-01-11"
        ],
        "is_full_object_coverage_verified": false,
        "quality_guard_verified": false
      }
    },
    {
      "type": "Feature",
      "id": "way/14130716",
      "geometry": {
        "type": "Point",
        "coordinates": [
          108.95258793304274,
          18.32338735
        ]
      },
      "properties": {
        "object_id": "way/14130716",
        "name": "西鼓岛",
        "osm_type": "way",
        "osm_id": 14130716,
        "source_url": "https://www.openstreetmap.org/way/14130716",
        "status": "representative_point_value",
        "geometry_intersecting_mgrs": [
          "MGRS-49QBA"
        ],
        "representative_point_method": "GEOS PointOnSurface of valid source polygon/MultiPolygon",
        "representative_point_inside_geometry": true,
        "accepted_sample_dates": [
          "2025-03-22"
        ],
        "is_full_object_coverage_verified": false,
        "quality_guard_verified": false
      }
    },
    {
      "type": "Feature",
      "id": "way/14235138",
      "geometry": {
        "type": "Point",
        "coordinates": [
          111.20391221788972,
          15.785403800000001
        ]
      },
      "properties": {
        "object_id": "way/14235138",
        "name": "中建岛",
        "osm_type": "way",
        "osm_id": 14235138,
        "source_url": "https://www.openstreetmap.org/way/14235138",
        "status": "representative_point_value",
        "geometry_intersecting_mgrs": [
          "MGRS-49PET"
        ],
        "representative_point_method": "GEOS PointOnSurface of valid source polygon/MultiPolygon",
        "representative_point_inside_geometry": true,
        "accepted_sample_dates": [
          "2025-04-23"
        ],
        "is_full_object_coverage_verified": false,
        "quality_guard_verified": false
      }
    },
    {
      "type": "Feature",
      "id": "way/14235163",
      "geometry": {
        "type": "Point",
        "coordinates": [
          111.46525992989098,
          17.065959399999997
        ]
      },
      "properties": {
        "object_id": "way/14235163",
        "name": "北礁",
        "osm_type": "way",
        "osm_id": 14235163,
        "source_url": "https://www.openstreetmap.org/way/14235163",
        "status": "representative_point_value",
        "geometry_intersecting_mgrs": [
          "MGRS-49QEU"
        ],
        "representative_point_method": "GEOS PointOnSurface of valid source polygon/MultiPolygon",
        "representative_point_inside_geometry": true,
        "accepted_sample_dates": [
          "2025-04-23"
        ],
        "is_full_object_coverage_verified": false,
        "quality_guard_verified": false
      }
    },
    {
      "type": "Feature",
      "id": "way/14235204",
      "geometry": {
        "type": "Point",
        "coordinates": [
          111.76236494441574,
          16.05594455
        ]
      },
      "properties": {
        "object_id": "way/14235204",
        "name": "盘石屿",
        "osm_type": "way",
        "osm_id": 14235204,
        "source_url": "https://www.openstreetmap.org/way/14235204",
        "status": "representative_point_value",
        "geometry_intersecting_mgrs": [
          "MGRS-49PET"
        ],
        "representative_point_method": "GEOS PointOnSurface of valid source polygon/MultiPolygon",
        "representative_point_inside_geometry": true,
        "accepted_sample_dates": [
          "2025-03-14"
        ],
        "is_full_object_coverage_verified": false,
        "quality_guard_verified": true
      }
    },
    {
      "type": "Feature",
      "id": "way/14235277",
      "geometry": {
        "type": "Point",
        "coordinates": [
          112.27005481768703,
          16.97799165
        ]
      },
      "properties": {
        "object_id": "way/14235277",
        "name": "赵述岛",
        "osm_type": "way",
        "osm_id": 14235277,
        "source_url": "https://www.openstreetmap.org/way/14235277",
        "status": "representative_point_value",
        "geometry_intersecting_mgrs": [
          "MGRS-49QFU"
        ],
        "representative_point_method": "GEOS PointOnSurface of valid source polygon/MultiPolygon",
        "representative_point_inside_geometry": true,
        "accepted_sample_dates": [
          "2025-01-23"
        ],
        "is_full_object_coverage_verified": false,
        "quality_guard_verified": false
      }
    },
    {
      "type": "Feature",
      "id": "way/14235302",
      "geometry": {
        "type": "Point",
        "coordinates": [
          112.34582116464044,
          16.9233695
        ]
      },
      "properties": {
        "object_id": "way/14235302",
        "name": "西新沙洲",
        "osm_type": "way",
        "osm_id": 14235302,
        "source_url": "https://www.openstreetmap.org/way/14235302",
        "status": "representative_point_value",
        "geometry_intersecting_mgrs": [
          "MGRS-49QFU"
        ],
        "representative_point_method": "GEOS PointOnSurface of valid source polygon/MultiPolygon",
        "representative_point_inside_geometry": true,
        "accepted_sample_dates": [
          "2025-04-15"
        ],
        "is_full_object_coverage_verified": false,
        "quality_guard_verified": false
      }
    },
    {
      "type": "Feature",
      "id": "way/39459203",
      "geometry": {
        "type": "Point",
        "coordinates": [
          112.03168078679306,
          16.340589299999998
        ]
      },
      "properties": {
        "object_id": "way/39459203",
        "name": "玉琢礁",
        "osm_type": "way",
        "osm_id": 39459203,
        "source_url": "https://www.openstreetmap.org/way/39459203",
        "status": "representative_point_value",
        "geometry_intersecting_mgrs": [
          "MGRS-49QEU",
          "MGRS-49QFU"
        ],
        "representative_point_method": "GEOS PointOnSurface of valid source polygon/MultiPolygon",
        "representative_point_inside_geometry": true,
        "accepted_sample_dates": [
          "2025-01-23"
        ],
        "is_full_object_coverage_verified": false,
        "quality_guard_verified": false
      }
    },
    {
      "type": "Feature",
      "id": "way/39459320",
      "geometry": {
        "type": "Point",
        "coordinates": [
          112.50257860996815,
          16.047514200000002
        ]
      },
      "properties": {
        "object_id": "way/39459320",
        "name": "浪花礁",
        "osm_type": "way",
        "osm_id": 39459320,
        "source_url": "https://www.openstreetmap.org/way/39459320",
        "status": "representative_point_value",
        "geometry_intersecting_mgrs": [
          "MGRS-49PFT"
        ],
        "representative_point_method": "GEOS PointOnSurface of valid source polygon/MultiPolygon",
        "representative_point_inside_geometry": true,
        "accepted_sample_dates": [
          "2025-12-31"
        ],
        "is_full_object_coverage_verified": false,
        "quality_guard_verified": false
      }
    },
    {
      "type": "Feature",
      "id": "way/50548004",
      "geometry": {
        "type": "Point",
        "coordinates": [
          111.58555066058777,
          16.50526145
        ]
      },
      "properties": {
        "object_id": "way/50548004",
        "name": "甘泉岛",
        "osm_type": "way",
        "osm_id": 50548004,
        "source_url": "https://www.openstreetmap.org/way/50548004",
        "status": "representative_point_value",
        "geometry_intersecting_mgrs": [
          "MGRS-49QEU"
        ],
        "representative_point_method": "GEOS PointOnSurface of valid source polygon/MultiPolygon",
        "representative_point_inside_geometry": true,
        "accepted_sample_dates": [
          "2025-04-23"
        ],
        "is_full_object_coverage_verified": false,
        "quality_guard_verified": false
      }
    },
    {
      "type": "Feature",
      "id": "way/50548005",
      "geometry": {
        "type": "Point",
        "coordinates": [
          111.74151446217414,
          16.463306250000002
        ]
      },
      "properties": {
        "object_id": "way/50548005",
        "name": "晋卿岛",
        "osm_type": "way",
        "osm_id": 50548005,
        "source_url": "https://www.openstreetmap.org/way/50548005",
        "status": "representative_point_value",
        "geometry_intersecting_mgrs": [
          "MGRS-49QEU"
        ],
        "representative_point_method": "GEOS PointOnSurface of valid source polygon/MultiPolygon",
        "representative_point_inside_geometry": true,
        "accepted_sample_dates": [
          "2025-04-23"
        ],
        "is_full_object_coverage_verified": false,
        "quality_guard_verified": false
      }
    },
    {
      "type": "Feature",
      "id": "way/50548010",
      "geometry": {
        "type": "Point",
        "coordinates": [
          111.60712287857626,
          16.5332832
        ]
      },
      "properties": {
        "object_id": "way/50548010",
        "name": "珊瑚岛",
        "osm_type": "way",
        "osm_id": 50548010,
        "source_url": "https://www.openstreetmap.org/way/50548010",
        "status": "representative_point_value",
        "geometry_intersecting_mgrs": [
          "MGRS-49QEU"
        ],
        "representative_point_method": "GEOS PointOnSurface of valid source polygon/MultiPolygon",
        "representative_point_inside_geometry": true,
        "accepted_sample_dates": [
          "2025-03-24"
        ],
        "is_full_object_coverage_verified": false,
        "quality_guard_verified": false
      }
    },
    {
      "type": "Feature",
      "id": "way/50548011",
      "geometry": {
        "type": "Point",
        "coordinates": [
          111.68647004811575,
          16.5663799
        ]
      },
      "properties": {
        "object_id": "way/50548011",
        "name": "鸭公岛",
        "osm_type": "way",
        "osm_id": 50548011,
        "source_url": "https://www.openstreetmap.org/way/50548011",
        "status": "representative_point_value",
        "geometry_intersecting_mgrs": [
          "MGRS-49QEU"
        ],
        "representative_point_method": "GEOS PointOnSurface of valid source polygon/MultiPolygon",
        "representative_point_inside_geometry": true,
        "accepted_sample_dates": [
          "2025-05-18"
        ],
        "is_full_object_coverage_verified": false,
        "quality_guard_verified": true
      }
    },
    {
      "type": "Feature",
      "id": "way/50548012",
      "geometry": {
        "type": "Point",
        "coordinates": [
          111.70438263506409,
          16.579287299999997
        ]
      },
      "properties": {
        "object_id": "way/50548012",
        "name": "银屿岛",
        "osm_type": "way",
        "osm_id": 50548012,
        "source_url": "https://www.openstreetmap.org/way/50548012",
        "status": "representative_point_value",
        "geometry_intersecting_mgrs": [
          "MGRS-49QEU"
        ],
        "representative_point_method": "GEOS PointOnSurface of valid source polygon/MultiPolygon",
        "representative_point_inside_geometry": true,
        "accepted_sample_dates": [
          "2025-04-23"
        ],
        "is_full_object_coverage_verified": false,
        "quality_guard_verified": false
      }
    },
    {
      "type": "Feature",
      "id": "way/89355728",
      "geometry": {
        "type": "Point",
        "coordinates": [
          109.4899622461163,
          18.242073050000002
        ]
      },
      "properties": {
        "object_id": "way/89355728",
        "name": "凤凰岛",
        "osm_type": "way",
        "osm_id": 89355728,
        "source_url": "https://www.openstreetmap.org/way/89355728",
        "status": "representative_point_value",
        "geometry_intersecting_mgrs": [
          "MGRS-49QCA"
        ],
        "representative_point_method": "GEOS PointOnSurface of valid source polygon/MultiPolygon",
        "representative_point_inside_geometry": true,
        "accepted_sample_dates": [
          "2025-01-11"
        ],
        "is_full_object_coverage_verified": false,
        "quality_guard_verified": false
      }
    },
    {
      "type": "Feature",
      "id": "way/159002361",
      "geometry": {
        "type": "Point",
        "coordinates": [
          111.53362333342041,
          17.086814500000003
        ]
      },
      "properties": {
        "object_id": "way/159002361",
        "name": "北礁",
        "osm_type": "way",
        "osm_id": 159002361,
        "source_url": "https://www.openstreetmap.org/way/159002361",
        "status": "representative_point_value",
        "geometry_intersecting_mgrs": [
          "MGRS-49QEU",
          "MGRS-49QEV"
        ],
        "representative_point_method": "GEOS PointOnSurface of valid source polygon/MultiPolygon",
        "representative_point_inside_geometry": true,
        "accepted_sample_dates": [
          "2025-04-23"
        ],
        "is_full_object_coverage_verified": false,
        "quality_guard_verified": false
      }
    },
    {
      "type": "Feature",
      "id": "way/181126483",
      "geometry": {
        "type": "Point",
        "coordinates": [
          111.6934225370849,
          16.2163174
        ]
      },
      "properties": {
        "object_id": "way/181126483",
        "name": "华光礁",
        "osm_type": "way",
        "osm_id": 181126483,
        "source_url": "https://www.openstreetmap.org/way/181126483",
        "status": "representative_point_value",
        "geometry_intersecting_mgrs": [
          "MGRS-49PET",
          "MGRS-49QEU"
        ],
        "representative_point_method": "GEOS PointOnSurface of valid source polygon/MultiPolygon",
        "representative_point_inside_geometry": true,
        "accepted_sample_dates": [
          "2025-04-23"
        ],
        "is_full_object_coverage_verified": false,
        "quality_guard_verified": false
      }
    },
    {
      "type": "Feature",
      "id": "way/181127402",
      "geometry": {
        "type": "Point",
        "coordinates": [
          112.44539432376827,
          16.0261094
        ]
      },
      "properties": {
        "object_id": "way/181127402",
        "name": "浪花礁",
        "osm_type": "way",
        "osm_id": 181127402,
        "source_url": "https://www.openstreetmap.org/way/181127402",
        "status": "representative_point_value",
        "geometry_intersecting_mgrs": [
          "MGRS-49PFT"
        ],
        "representative_point_method": "GEOS PointOnSurface of valid source polygon/MultiPolygon",
        "representative_point_inside_geometry": true,
        "accepted_sample_dates": [
          "2025-12-31"
        ],
        "is_full_object_coverage_verified": false,
        "quality_guard_verified": false
      }
    },
    {
      "type": "Feature",
      "id": "way/181127685",
      "geometry": {
        "type": "Point",
        "coordinates": [
          112.45831879471979,
          16.35036475
        ]
      },
      "properties": {
        "object_id": "way/181127685",
        "name": "滨湄滩",
        "osm_type": "way",
        "osm_id": 181127685,
        "source_url": "https://www.openstreetmap.org/way/181127685",
        "status": "representative_point_value",
        "geometry_intersecting_mgrs": [
          "MGRS-49QFU"
        ],
        "representative_point_method": "GEOS PointOnSurface of valid source polygon/MultiPolygon",
        "representative_point_inside_geometry": true,
        "accepted_sample_dates": [
          "2025-01-23"
        ],
        "is_full_object_coverage_verified": false,
        "quality_guard_verified": false
      }
    },
    {
      "type": "Feature",
      "id": "way/181132853",
      "geometry": {
        "type": "Point",
        "coordinates": [
          112.21732529347271,
          16.778275999999998
        ]
      },
      "properties": {
        "object_id": "way/181132853",
        "name": "银砾滩",
        "osm_type": "way",
        "osm_id": 181132853,
        "source_url": "https://www.openstreetmap.org/way/181132853",
        "status": "representative_point_value",
        "geometry_intersecting_mgrs": [
          "MGRS-49QFU"
        ],
        "representative_point_method": "GEOS PointOnSurface of valid source polygon/MultiPolygon",
        "representative_point_inside_geometry": true,
        "accepted_sample_dates": [
          "2025-01-23"
        ],
        "is_full_object_coverage_verified": false,
        "quality_guard_verified": false
      }
    },
    {
      "type": "Feature",
      "id": "way/241059364",
      "geometry": {
        "type": "Point",
        "coordinates": [
          109.51905142288447,
          18.27912105
        ]
      },
      "properties": {
        "object_id": "way/241059364",
        "name": "山屿湖",
        "osm_type": "way",
        "osm_id": 241059364,
        "source_url": "https://www.openstreetmap.org/way/241059364",
        "status": "representative_point_value",
        "geometry_intersecting_mgrs": [
          "MGRS-49QCA"
        ],
        "representative_point_method": "GEOS PointOnSurface of valid source polygon/MultiPolygon",
        "representative_point_inside_geometry": true,
        "accepted_sample_dates": [
          "2025-01-11"
        ],
        "is_full_object_coverage_verified": false,
        "quality_guard_verified": false
      }
    },
    {
      "type": "Feature",
      "id": "way/297677314",
      "geometry": {
        "type": "Point",
        "coordinates": [
          111.6569320975907,
          16.452678849999998
        ]
      },
      "properties": {
        "object_id": "way/297677314",
        "name": "永南暗沙",
        "osm_type": "way",
        "osm_id": 297677314,
        "source_url": "https://www.openstreetmap.org/way/297677314",
        "status": "representative_point_value",
        "geometry_intersecting_mgrs": [
          "MGRS-49QEU"
        ],
        "representative_point_method": "GEOS PointOnSurface of valid source polygon/MultiPolygon",
        "representative_point_inside_geometry": true,
        "accepted_sample_dates": [
          "2025-04-23"
        ],
        "is_full_object_coverage_verified": false,
        "quality_guard_verified": false
      }
    },
    {
      "type": "Feature",
      "id": "way/297677420",
      "geometry": {
        "type": "Point",
        "coordinates": [
          111.71161434292404,
          16.5470921
        ]
      },
      "properties": {
        "object_id": "way/297677420",
        "name": "咸舍屿",
        "osm_type": "way",
        "osm_id": 297677420,
        "source_url": "https://www.openstreetmap.org/way/297677420",
        "status": "representative_point_value",
        "geometry_intersecting_mgrs": [
          "MGRS-49QEU"
        ],
        "representative_point_method": "GEOS PointOnSurface of valid source polygon/MultiPolygon",
        "representative_point_inside_geometry": true,
        "accepted_sample_dates": [
          "2025-04-23"
        ],
        "is_full_object_coverage_verified": false,
        "quality_guard_verified": false
      }
    },
    {
      "type": "Feature",
      "id": "way/297678257",
      "geometry": {
        "type": "Point",
        "coordinates": [
          111.7481450918919,
          16.54505255
        ]
      },
      "properties": {
        "object_id": "way/297678257",
        "name": "石屿",
        "osm_type": "way",
        "osm_id": 297678257,
        "source_url": "https://www.openstreetmap.org/way/297678257",
        "status": "representative_point_value",
        "geometry_intersecting_mgrs": [
          "MGRS-49QEU"
        ],
        "representative_point_method": "GEOS PointOnSurface of valid source polygon/MultiPolygon",
        "representative_point_inside_geometry": true,
        "accepted_sample_dates": [
          "2025-10-15"
        ],
        "is_full_object_coverage_verified": false,
        "quality_guard_verified": true
      }
    },
    {
      "type": "Feature",
      "id": "way/297682291",
      "geometry": {
        "type": "Point",
        "coordinates": [
          112.50851039254971,
          16.50438145
        ]
      },
      "properties": {
        "object_id": "way/297682291",
        "name": "北边廊",
        "osm_type": "way",
        "osm_id": 297682291,
        "source_url": "https://www.openstreetmap.org/way/297682291",
        "status": "representative_point_value",
        "geometry_intersecting_mgrs": [
          "MGRS-49QFU"
        ],
        "representative_point_method": "GEOS PointOnSurface of valid source polygon/MultiPolygon",
        "representative_point_inside_geometry": true,
        "accepted_sample_dates": [
          "2025-01-23"
        ],
        "is_full_object_coverage_verified": false,
        "quality_guard_verified": false
      }
    },
    {
      "type": "Feature",
      "id": "way/297682468",
      "geometry": {
        "type": "Point",
        "coordinates": [
          112.23384904935986,
          15.720597099999999
        ]
      },
      "properties": {
        "object_id": "way/297682468",
        "name": "嵩焘滩",
        "osm_type": "way",
        "osm_id": 297682468,
        "source_url": "https://www.openstreetmap.org/way/297682468",
        "status": "representative_point_value",
        "geometry_intersecting_mgrs": [
          "MGRS-49PFT"
        ],
        "representative_point_method": "GEOS PointOnSurface of valid source polygon/MultiPolygon",
        "representative_point_inside_geometry": true,
        "accepted_sample_dates": [
          "2025-12-31"
        ],
        "is_full_object_coverage_verified": false,
        "quality_guard_verified": false
      }
    },
    {
      "type": "Feature",
      "id": "way/297682600",
      "geometry": {
        "type": "Point",
        "coordinates": [
          112.88290233030757,
          16.81549475
        ]
      },
      "properties": {
        "object_id": "way/297682600",
        "name": "西渡滩",
        "osm_type": "way",
        "osm_id": 297682600,
        "source_url": "https://www.openstreetmap.org/way/297682600",
        "status": "representative_point_value",
        "geometry_intersecting_mgrs": [
          "MGRS-49QFU",
          "MGRS-49QGU"
        ],
        "representative_point_method": "GEOS PointOnSurface of valid source polygon/MultiPolygon",
        "representative_point_inside_geometry": true,
        "accepted_sample_dates": [
          "2025-08-01"
        ],
        "is_full_object_coverage_verified": false,
        "quality_guard_verified": true
      }
    },
    {
      "type": "Feature",
      "id": "way/297682793",
      "geometry": {
        "type": "Point",
        "coordinates": [
          112.33002692237761,
          16.9496871
        ]
      },
      "properties": {
        "object_id": "way/297682793",
        "name": "三峙仔",
        "osm_type": "way",
        "osm_id": 297682793,
        "source_url": "https://www.openstreetmap.org/way/297682793",
        "status": "representative_point_value",
        "geometry_intersecting_mgrs": [
          "MGRS-49QFU"
        ],
        "representative_point_method": "GEOS PointOnSurface of valid source polygon/MultiPolygon",
        "representative_point_inside_geometry": true,
        "accepted_sample_dates": [
          "2025-01-23"
        ],
        "is_full_object_coverage_verified": false,
        "quality_guard_verified": false
      }
    },
    {
      "type": "Feature",
      "id": "way/297687753",
      "geometry": {
        "type": "Point",
        "coordinates": [
          114.09064672434215,
          15.993674200000001
        ]
      },
      "properties": {
        "object_id": "way/297687753",
        "name": "本固暗沙",
        "osm_type": "way",
        "osm_id": 297687753,
        "source_url": "https://www.openstreetmap.org/way/297687753",
        "status": "representative_point_value",
        "geometry_intersecting_mgrs": [
          "MGRS-49PHT"
        ],
        "representative_point_method": "GEOS PointOnSurface of valid source polygon/MultiPolygon",
        "representative_point_inside_geometry": true,
        "accepted_sample_dates": [
          "2025-03-26"
        ],
        "is_full_object_coverage_verified": false,
        "quality_guard_verified": false
      }
    },
    {
      "type": "Feature",
      "id": "way/297687755",
      "geometry": {
        "type": "Point",
        "coordinates": [
          114.40543914777132,
          16.0865395
        ]
      },
      "properties": {
        "object_id": "way/297687755",
        "name": "中北暗沙",
        "osm_type": "way",
        "osm_id": 297687755,
        "source_url": "https://www.openstreetmap.org/way/297687755",
        "status": "representative_point_value",
        "geometry_intersecting_mgrs": [
          "MGRS-49PHT",
          "MGRS-50PKC"
        ],
        "representative_point_method": "GEOS PointOnSurface of valid source polygon/MultiPolygon",
        "representative_point_inside_geometry": true,
        "accepted_sample_dates": [
          "2025-03-26"
        ],
        "is_full_object_coverage_verified": false,
        "quality_guard_verified": false
      }
    },
    {
      "type": "Feature",
      "id": "way/297687756",
      "geometry": {
        "type": "Point",
        "coordinates": [
          114.22392649081033,
          16.04648605
        ]
      },
      "properties": {
        "object_id": "way/297687756",
        "name": "美滨暗沙",
        "osm_type": "way",
        "osm_id": 297687756,
        "source_url": "https://www.openstreetmap.org/way/297687756",
        "status": "representative_point_value",
        "geometry_intersecting_mgrs": [
          "MGRS-49PHT",
          "MGRS-50PKC"
        ],
        "representative_point_method": "GEOS PointOnSurface of valid source polygon/MultiPolygon",
        "representative_point_inside_geometry": true,
        "accepted_sample_dates": [
          "2025-03-26"
        ],
        "is_full_object_coverage_verified": false,
        "quality_guard_verified": false
      }
    },
    {
      "type": "Feature",
      "id": "way/297687762",
      "geometry": {
        "type": "Point",
        "coordinates": [
          114.28290912757465,
          16.052441899999998
        ]
      },
      "properties": {
        "object_id": "way/297687762",
        "name": "鲁班暗沙",
        "osm_type": "way",
        "osm_id": 297687762,
        "source_url": "https://www.openstreetmap.org/way/297687762",
        "status": "representative_point_value",
        "geometry_intersecting_mgrs": [
          "MGRS-49PHT",
          "MGRS-50PKC"
        ],
        "representative_point_method": "GEOS PointOnSurface of valid source polygon/MultiPolygon",
        "representative_point_inside_geometry": true,
        "accepted_sample_dates": [
          "2025-03-26"
        ],
        "is_full_object_coverage_verified": false,
        "quality_guard_verified": false
      }
    },
    {
      "type": "Feature",
      "id": "way/297687763",
      "geometry": {
        "type": "Point",
        "coordinates": [
          114.04758177124287,
          15.966317400000001
        ]
      },
      "properties": {
        "object_id": "way/297687763",
        "name": "西门暗沙",
        "osm_type": "way",
        "osm_id": 297687763,
        "source_url": "https://www.openstreetmap.org/way/297687763",
        "status": "representative_point_value",
        "geometry_intersecting_mgrs": [
          "MGRS-49PHT"
        ],
        "representative_point_method": "GEOS PointOnSurface of valid source polygon/MultiPolygon",
        "representative_point_inside_geometry": true,
        "accepted_sample_dates": [
          "2025-03-26"
        ],
        "is_full_object_coverage_verified": false,
        "quality_guard_verified": false
      }
    },
    {
      "type": "Feature",
      "id": "way/297688257",
      "geometry": {
        "type": "Point",
        "coordinates": [
          114.80333546405194,
          16.1835537
        ]
      },
      "properties": {
        "object_id": "way/297688257",
        "name": "比微暗沙",
        "osm_type": "way",
        "osm_id": 297688257,
        "source_url": "https://www.openstreetmap.org/way/297688257",
        "status": "representative_point_value",
        "geometry_intersecting_mgrs": [
          "MGRS-49PHT",
          "MGRS-49QHU",
          "MGRS-50PKC",
          "MGRS-50QKD"
        ],
        "representative_point_method": "GEOS PointOnSurface of valid source polygon/MultiPolygon",
        "representative_point_inside_geometry": true,
        "accepted_sample_dates": [
          "2025-03-26"
        ],
        "is_full_object_coverage_verified": false,
        "quality_guard_verified": false
      }
    },
    {
      "type": "Feature",
      "id": "way/297688258",
      "geometry": {
        "type": "Point",
        "coordinates": [
          114.89847928135737,
          16.05673515
        ]
      },
      "properties": {
        "object_id": "way/297688258",
        "name": "隱磯灘",
        "osm_type": "way",
        "osm_id": 297688258,
        "source_url": "https://www.openstreetmap.org/way/297688258",
        "status": "representative_point_value",
        "geometry_intersecting_mgrs": [
          "MGRS-50PKC"
        ],
        "representative_point_method": "GEOS PointOnSurface of valid source polygon/MultiPolygon",
        "representative_point_inside_geometry": true,
        "accepted_sample_dates": [
          "2025-03-26"
        ],
        "is_full_object_coverage_verified": false,
        "quality_guard_verified": false
      }
    },
    {
      "type": "Feature",
      "id": "way/297688262",
      "geometry": {
        "type": "Point",
        "coordinates": [
          114.16172288583999,
          15.44374495
        ]
      },
      "properties": {
        "object_id": "way/297688262",
        "name": "布德暗沙",
        "osm_type": "way",
        "osm_id": 297688262,
        "source_url": "https://www.openstreetmap.org/way/297688262",
        "status": "representative_point_value",
        "geometry_intersecting_mgrs": [
          "MGRS-49PHT"
        ],
        "representative_point_method": "GEOS PointOnSurface of valid source polygon/MultiPolygon",
        "representative_point_inside_geometry": true,
        "accepted_sample_dates": [
          "2025-03-26"
        ],
        "is_full_object_coverage_verified": false,
        "quality_guard_verified": false
      }
    },
    {
      "type": "Feature",
      "id": "way/297688265",
      "geometry": {
        "type": "Point",
        "coordinates": [
          113.71084007773791,
          15.6307925
        ]
      },
      "properties": {
        "object_id": "way/297688265",
        "name": "排洪滩",
        "osm_type": "way",
        "osm_id": 297688265,
        "source_url": "https://www.openstreetmap.org/way/297688265",
        "status": "representative_point_value",
        "geometry_intersecting_mgrs": [
          "MGRS-49PGT"
        ],
        "representative_point_method": "GEOS PointOnSurface of valid source polygon/MultiPolygon",
        "representative_point_inside_geometry": true,
        "accepted_sample_dates": [
          "2025-07-14"
        ],
        "is_full_object_coverage_verified": false,
        "quality_guard_verified": false
      }
    },
    {
      "type": "Feature",
      "id": "way/297688266",
      "geometry": {
        "type": "Point",
        "coordinates": [
          114.40487698427037,
          15.62314295
        ]
      },
      "properties": {
        "object_id": "way/297688266",
        "name": "安定连礁",
        "osm_type": "way",
        "osm_id": 297688266,
        "source_url": "https://www.openstreetmap.org/way/297688266",
        "status": "representative_point_value",
        "geometry_intersecting_mgrs": [
          "MGRS-49PHT",
          "MGRS-50PKC"
        ],
        "representative_point_method": "GEOS PointOnSurface of valid source polygon/MultiPolygon",
        "representative_point_inside_geometry": true,
        "accepted_sample_dates": [
          "2025-03-26"
        ],
        "is_full_object_coverage_verified": false,
        "quality_guard_verified": false
      }
    },
    {
      "type": "Feature",
      "id": "way/297688267",
      "geometry": {
        "type": "Point",
        "coordinates": [
          114.48417046797042,
          15.9159168
        ]
      },
      "properties": {
        "object_id": "way/297688267",
        "name": "漫步暗沙",
        "osm_type": "way",
        "osm_id": 297688267,
        "source_url": "https://www.openstreetmap.org/way/297688267",
        "status": "representative_point_value",
        "geometry_intersecting_mgrs": [
          "MGRS-49PHT",
          "MGRS-50PKC"
        ],
        "representative_point_method": "GEOS PointOnSurface of valid source polygon/MultiPolygon",
        "representative_point_inside_geometry": true,
        "accepted_sample_dates": [
          "2025-03-26"
        ],
        "is_full_object_coverage_verified": false,
        "quality_guard_verified": false
      }
    },
    {
      "type": "Feature",
      "id": "way/297688269",
      "geometry": {
        "type": "Point",
        "coordinates": [
          113.96917067321726,
          15.8780687
        ]
      },
      "properties": {
        "object_id": "way/297688269",
        "name": "华夏暗沙",
        "osm_type": "way",
        "osm_id": 297688269,
        "source_url": "https://www.openstreetmap.org/way/297688269",
        "status": "representative_point_value",
        "geometry_intersecting_mgrs": [
          "MGRS-49PHT"
        ],
        "representative_point_method": "GEOS PointOnSurface of valid source polygon/MultiPolygon",
        "representative_point_inside_geometry": true,
        "accepted_sample_dates": [
          "2025-03-26"
        ],
        "is_full_object_coverage_verified": false,
        "quality_guard_verified": false
      }
    },
    {
      "type": "Feature",
      "id": "way/297688271",
      "geometry": {
        "type": "Point",
        "coordinates": [
          113.99174206735901,
          15.443999699999999
        ]
      },
      "properties": {
        "object_id": "way/297688271",
        "name": "波洑暗沙",
        "osm_type": "way",
        "osm_id": 297688271,
        "source_url": "https://www.openstreetmap.org/way/297688271",
        "status": "representative_point_value",
        "geometry_intersecting_mgrs": [
          "MGRS-49PHT"
        ],
        "representative_point_method": "GEOS PointOnSurface of valid source polygon/MultiPolygon",
        "representative_point_inside_geometry": true,
        "accepted_sample_dates": [
          "2025-03-26"
        ],
        "is_full_object_coverage_verified": false,
        "quality_guard_verified": false
      }
    },
    {
      "type": "Feature",
      "id": "way/297688272",
      "geometry": {
        "type": "Point",
        "coordinates": [
          114.64488845367947,
          15.91842295
        ]
      },
      "properties": {
        "object_id": "way/297688272",
        "name": "南扉暗沙",
        "osm_type": "way",
        "osm_id": 297688272,
        "source_url": "https://www.openstreetmap.org/way/297688272",
        "status": "representative_point_value",
        "geometry_intersecting_mgrs": [
          "MGRS-49PHT",
          "MGRS-50PKC"
        ],
        "representative_point_method": "GEOS PointOnSurface of valid source polygon/MultiPolygon",
        "representative_point_inside_geometry": true,
        "accepted_sample_dates": [
          "2025-03-26"
        ],
        "is_full_object_coverage_verified": false,
        "quality_guard_verified": false
      }
    },
    {
      "type": "Feature",
      "id": "way/297688274",
      "geometry": {
        "type": "Point",
        "coordinates": [
          113.88619232518028,
          15.6885633
        ]
      },
      "properties": {
        "object_id": "way/297688274",
        "name": "涛静暗沙",
        "osm_type": "way",
        "osm_id": 297688274,
        "source_url": "https://www.openstreetmap.org/way/297688274",
        "status": "representative_point_value",
        "geometry_intersecting_mgrs": [
          "MGRS-49PGT",
          "MGRS-49PHT"
        ],
        "representative_point_method": "GEOS PointOnSurface of valid source polygon/MultiPolygon",
        "representative_point_inside_geometry": true,
        "accepted_sample_dates": [
          "2025-03-26"
        ],
        "is_full_object_coverage_verified": false,
        "quality_guard_verified": false
      }
    },
    {
      "type": "Feature",
      "id": "way/297688275",
      "geometry": {
        "type": "Point",
        "coordinates": [
          114.40763424355731,
          15.854587500000001
        ]
      },
      "properties": {
        "object_id": "way/297688275",
        "name": "乐西暗沙",
        "osm_type": "way",
        "osm_id": 297688275,
        "source_url": "https://www.openstreetmap.org/way/297688275",
        "status": "representative_point_value",
        "geometry_intersecting_mgrs": [
          "MGRS-49PHT",
          "MGRS-50PKC"
        ],
        "representative_point_method": "GEOS PointOnSurface of valid source polygon/MultiPolygon",
        "representative_point_inside_geometry": true,
        "accepted_sample_dates": [
          "2025-03-26"
        ],
        "is_full_object_coverage_verified": false,
        "quality_guard_verified": false
      }
    },
    {
      "type": "Feature",
      "id": "way/297688276",
      "geometry": {
        "type": "Point",
        "coordinates": [
          114.77335640812552,
          15.8555583
        ]
      },
      "properties": {
        "object_id": "way/297688276",
        "name": "武勇暗沙",
        "osm_type": "way",
        "osm_id": 297688276,
        "source_url": "https://www.openstreetmap.org/way/297688276",
        "status": "representative_point_value",
        "geometry_intersecting_mgrs": [
          "MGRS-49PHT",
          "MGRS-50PKC"
        ],
        "representative_point_method": "GEOS PointOnSurface of valid source polygon/MultiPolygon",
        "representative_point_inside_geometry": true,
        "accepted_sample_dates": [
          "2025-03-26"
        ],
        "is_full_object_coverage_verified": false,
        "quality_guard_verified": false
      }
    },
    {
      "type": "Feature",
      "id": "way/297688279",
      "geometry": {
        "type": "Point",
        "coordinates": [
          114.64719212332903,
          16.0042137
        ]
      },
      "properties": {
        "object_id": "way/297688279",
        "name": "指掌暗沙",
        "osm_type": "way",
        "osm_id": 297688279,
        "source_url": "https://www.openstreetmap.org/way/297688279",
        "status": "representative_point_value",
        "geometry_intersecting_mgrs": [
          "MGRS-49PHT",
          "MGRS-50PKC"
        ],
        "representative_point_method": "GEOS PointOnSurface of valid source polygon/MultiPolygon",
        "representative_point_inside_geometry": true,
        "accepted_sample_dates": [
          "2025-03-26"
        ],
        "is_full_object_coverage_verified": false,
        "quality_guard_verified": false
      }
    },
    {
      "type": "Feature",
      "id": "way/297688283",
      "geometry": {
        "type": "Point",
        "coordinates": [
          113.86156284376412,
          15.49458905
        ]
      },
      "properties": {
        "object_id": "way/297688283",
        "name": "排波暗沙",
        "osm_type": "way",
        "osm_id": 297688283,
        "source_url": "https://www.openstreetmap.org/way/297688283",
        "status": "representative_point_value",
        "geometry_intersecting_mgrs": [
          "MGRS-49PGT",
          "MGRS-49PHT"
        ],
        "representative_point_method": "GEOS PointOnSurface of valid source polygon/MultiPolygon",
        "representative_point_inside_geometry": true,
        "accepted_sample_dates": [
          "2025-03-26"
        ],
        "is_full_object_coverage_verified": false,
        "quality_guard_verified": false
      }
    },
    {
      "type": "Feature",
      "id": "way/297688285",
      "geometry": {
        "type": "Point",
        "coordinates": [
          114.56622921408746,
          15.8556169
        ]
      },
      "properties": {
        "object_id": "way/297688285",
        "name": "屏南暗沙",
        "osm_type": "way",
        "osm_id": 297688285,
        "source_url": "https://www.openstreetmap.org/way/297688285",
        "status": "representative_point_value",
        "geometry_intersecting_mgrs": [
          "MGRS-49PHT",
          "MGRS-50PKC"
        ],
        "representative_point_method": "GEOS PointOnSurface of valid source polygon/MultiPolygon",
        "representative_point_inside_geometry": true,
        "accepted_sample_dates": [
          "2025-03-26"
        ],
        "is_full_object_coverage_verified": false,
        "quality_guard_verified": false
      }
    },
    {
      "type": "Feature",
      "id": "way/297688286",
      "geometry": {
        "type": "Point",
        "coordinates": [
          113.90003799802213,
          15.78604835
        ]
      },
      "properties": {
        "object_id": "way/297688286",
        "name": "控湃暗沙",
        "osm_type": "way",
        "osm_id": 297688286,
        "source_url": "https://www.openstreetmap.org/way/297688286",
        "status": "representative_point_value",
        "geometry_intersecting_mgrs": [
          "MGRS-49PHT"
        ],
        "representative_point_method": "GEOS PointOnSurface of valid source polygon/MultiPolygon",
        "representative_point_inside_geometry": true,
        "accepted_sample_dates": [
          "2025-03-26"
        ],
        "is_full_object_coverage_verified": false,
        "quality_guard_verified": false
      }
    },
    {
      "type": "Feature",
      "id": "way/297688287",
      "geometry": {
        "type": "Point",
        "coordinates": [
          114.20226652517128,
          15.43741325
        ]
      },
      "properties": {
        "object_id": "way/297688287",
        "name": "美溪暗沙",
        "osm_type": "way",
        "osm_id": 297688287,
        "source_url": "https://www.openstreetmap.org/way/297688287",
        "status": "representative_point_value",
        "geometry_intersecting_mgrs": [
          "MGRS-49PHT",
          "MGRS-50PKC"
        ],
        "representative_point_method": "GEOS PointOnSurface of valid source polygon/MultiPolygon",
        "representative_point_inside_geometry": true,
        "accepted_sample_dates": [
          "2025-03-26"
        ],
        "is_full_object_coverage_verified": false,
        "quality_guard_verified": false
      }
    },
    {
      "type": "Feature",
      "id": "way/297688288",
      "geometry": {
        "type": "Point",
        "coordinates": [
          114.69291649051333,
          15.713096199999999
        ]
      },
      "properties": {
        "object_id": "way/297688288",
        "name": "济猛暗沙",
        "osm_type": "way",
        "osm_id": 297688288,
        "source_url": "https://www.openstreetmap.org/way/297688288",
        "status": "representative_point_value",
        "geometry_intersecting_mgrs": [
          "MGRS-49PHT",
          "MGRS-50PKC"
        ],
        "representative_point_method": "GEOS PointOnSurface of valid source polygon/MultiPolygon",
        "representative_point_inside_geometry": true,
        "accepted_sample_dates": [
          "2025-03-26"
        ],
        "is_full_object_coverage_verified": false,
        "quality_guard_verified": false
      }
    },
    {
      "type": "Feature",
      "id": "way/297688289",
      "geometry": {
        "type": "Point",
        "coordinates": [
          113.76292472724136,
          15.5215761
        ]
      },
      "properties": {
        "object_id": "way/297688289",
        "name": "果淀暗沙",
        "osm_type": "way",
        "osm_id": 297688289,
        "source_url": "https://www.openstreetmap.org/way/297688289",
        "status": "representative_point_value",
        "geometry_intersecting_mgrs": [
          "MGRS-49PGT"
        ],
        "representative_point_method": "GEOS PointOnSurface of valid source polygon/MultiPolygon",
        "representative_point_inside_geometry": true,
        "accepted_sample_dates": [
          "2025-07-14"
        ],
        "is_full_object_coverage_verified": false,
        "quality_guard_verified": false
      }
    },
    {
      "type": "Feature",
      "id": "way/297688290",
      "geometry": {
        "type": "Point",
        "coordinates": [
          114.48467879937095,
          15.613186
        ]
      },
      "properties": {
        "object_id": "way/297688290",
        "name": "海鸠暗沙",
        "osm_type": "way",
        "osm_id": 297688290,
        "source_url": "https://www.openstreetmap.org/way/297688290",
        "status": "representative_point_value",
        "geometry_intersecting_mgrs": [
          "MGRS-49PHT",
          "MGRS-50PKC"
        ],
        "representative_point_method": "GEOS PointOnSurface of valid source polygon/MultiPolygon",
        "representative_point_inside_geometry": true,
        "accepted_sample_dates": [
          "2025-03-26"
        ],
        "is_full_object_coverage_verified": false,
        "quality_guard_verified": false
      }
    },
    {
      "type": "Feature",
      "id": "way/297689140",
      "geometry": {
        "type": "Point",
        "coordinates": [
          113.03155290513118,
          19.54480855
        ]
      },
      "properties": {
        "object_id": "way/297689140",
        "name": "神狐暗沙",
        "osm_type": "way",
        "osm_id": 297689140,
        "source_url": "https://www.openstreetmap.org/way/297689140",
        "status": "representative_point_value",
        "geometry_intersecting_mgrs": [
          "MGRS-49QGB"
        ],
        "representative_point_method": "GEOS PointOnSurface of valid source polygon/MultiPolygon",
        "representative_point_inside_geometry": true,
        "accepted_sample_dates": [
          "2025-03-24"
        ],
        "is_full_object_coverage_verified": false,
        "quality_guard_verified": true
      }
    },
    {
      "type": "Feature",
      "id": "way/297689336",
      "geometry": {
        "type": "Point",
        "coordinates": [
          113.88697655010324,
          19.1761097
        ]
      },
      "properties": {
        "object_id": "way/297689336",
        "name": "一统暗沙",
        "osm_type": "way",
        "osm_id": 297689336,
        "source_url": "https://www.openstreetmap.org/way/297689336",
        "status": "representative_point_value",
        "geometry_intersecting_mgrs": [
          "MGRS-49QGB",
          "MGRS-49QHB"
        ],
        "representative_point_method": "GEOS PointOnSurface of valid source polygon/MultiPolygon",
        "representative_point_inside_geometry": true,
        "accepted_sample_dates": [
          "2025-10-09"
        ],
        "is_full_object_coverage_verified": false,
        "quality_guard_verified": true
      }
    },
    {
      "type": "Feature",
      "id": "way/389174634",
      "geometry": {
        "type": "Point",
        "coordinates": [
          110.28699583983621,
          18.65033265
        ]
      },
      "properties": {
        "object_id": "way/389174634",
        "name": "加井岛",
        "osm_type": "way",
        "osm_id": 389174634,
        "source_url": "https://www.openstreetmap.org/way/389174634",
        "status": "representative_point_value",
        "geometry_intersecting_mgrs": [
          "MGRS-49QDA"
        ],
        "representative_point_method": "GEOS PointOnSurface of valid source polygon/MultiPolygon",
        "representative_point_inside_geometry": true,
        "accepted_sample_dates": [
          "2025-09-15"
        ],
        "is_full_object_coverage_verified": false,
        "quality_guard_verified": false
      }
    },
    {
      "type": "Feature",
      "id": "way/389174645",
      "geometry": {
        "type": "Point",
        "coordinates": [
          110.35806515539558,
          18.64034515
        ]
      },
      "properties": {
        "object_id": "way/389174645",
        "name": "洲仔岛",
        "osm_type": "way",
        "osm_id": 389174645,
        "source_url": "https://www.openstreetmap.org/way/389174645",
        "status": "representative_point_value",
        "geometry_intersecting_mgrs": [
          "MGRS-49QDA"
        ],
        "representative_point_method": "GEOS PointOnSurface of valid source polygon/MultiPolygon",
        "representative_point_inside_geometry": true,
        "accepted_sample_dates": [
          "2025-09-15"
        ],
        "is_full_object_coverage_verified": false,
        "quality_guard_verified": false
      }
    },
    {
      "type": "Feature",
      "id": "way/549923558",
      "geometry": {
        "type": "Point",
        "coordinates": [
          110.2044413550222,
          18.6137497
        ]
      },
      "properties": {
        "object_id": "way/549923558",
        "name": "融创日岛",
        "osm_type": "way",
        "osm_id": 549923558,
        "source_url": "https://www.openstreetmap.org/way/549923558",
        "status": "representative_point_value",
        "geometry_intersecting_mgrs": [
          "MGRS-49QDA"
        ],
        "representative_point_method": "GEOS PointOnSurface of valid source polygon/MultiPolygon",
        "representative_point_inside_geometry": true,
        "accepted_sample_dates": [
          "2025-09-15"
        ],
        "is_full_object_coverage_verified": false,
        "quality_guard_verified": false
      }
    },
    {
      "type": "Feature",
      "id": "way/550243187",
      "geometry": {
        "type": "Point",
        "coordinates": [
          110.14058229161864,
          18.4359617
        ]
      },
      "properties": {
        "object_id": "way/550243187",
        "name": "双帆石",
        "osm_type": "way",
        "osm_id": 550243187,
        "source_url": "https://www.openstreetmap.org/way/550243187",
        "status": "representative_point_value",
        "geometry_intersecting_mgrs": [
          "MGRS-49QCA",
          "MGRS-49QDA"
        ],
        "representative_point_method": "GEOS PointOnSurface of valid source polygon/MultiPolygon",
        "representative_point_inside_geometry": true,
        "accepted_sample_dates": [
          "2025-01-11"
        ],
        "is_full_object_coverage_verified": false,
        "quality_guard_verified": false
      }
    },
    {
      "type": "Feature",
      "id": "way/591044102",
      "geometry": {
        "type": "Point",
        "coordinates": [
          110.23049683674759,
          20.07225495
        ]
      },
      "properties": {
        "object_id": "way/591044102",
        "name": "南海明珠人工岛",
        "osm_type": "way",
        "osm_id": 591044102,
        "source_url": "https://www.openstreetmap.org/way/591044102",
        "status": "representative_point_value",
        "geometry_intersecting_mgrs": [
          "MGRS-49QDC"
        ],
        "representative_point_method": "GEOS PointOnSurface of valid source polygon/MultiPolygon",
        "representative_point_inside_geometry": true,
        "accepted_sample_dates": [
          "2025-03-27"
        ],
        "is_full_object_coverage_verified": false,
        "quality_guard_verified": false
      }
    },
    {
      "type": "Feature",
      "id": "way/605490515",
      "geometry": {
        "type": "Point",
        "coordinates": [
          110.567722336056,
          20.0927222
        ]
      },
      "properties": {
        "object_id": "way/605490515",
        "name": "仕尾岛",
        "osm_type": "way",
        "osm_id": 605490515,
        "source_url": "https://www.openstreetmap.org/way/605490515",
        "status": "representative_point_value",
        "geometry_intersecting_mgrs": [
          "MGRS-49QDC"
        ],
        "representative_point_method": "GEOS PointOnSurface of valid source polygon/MultiPolygon",
        "representative_point_inside_geometry": true,
        "accepted_sample_dates": [
          "2025-03-27"
        ],
        "is_full_object_coverage_verified": false,
        "quality_guard_verified": false
      }
    },
    {
      "type": "Feature",
      "id": "way/605490516",
      "geometry": {
        "type": "Point",
        "coordinates": [
          110.56721423143605,
          20.09347785
        ]
      },
      "properties": {
        "object_id": "way/605490516",
        "name": "仕尾沙岛",
        "osm_type": "way",
        "osm_id": 605490516,
        "source_url": "https://www.openstreetmap.org/way/605490516",
        "status": "representative_point_value",
        "geometry_intersecting_mgrs": [
          "MGRS-49QDC"
        ],
        "representative_point_method": "GEOS PointOnSurface of valid source polygon/MultiPolygon",
        "representative_point_inside_geometry": true,
        "accepted_sample_dates": [
          "2025-03-27"
        ],
        "is_full_object_coverage_verified": false,
        "quality_guard_verified": false
      }
    },
    {
      "type": "Feature",
      "id": "way/703452478",
      "geometry": {
        "type": "Point",
        "coordinates": [
          110.62469833935367,
          20.108334300000003
        ]
      },
      "properties": {
        "object_id": "way/703452478",
        "name": "独屋岛",
        "osm_type": "way",
        "osm_id": 703452478,
        "source_url": "https://www.openstreetmap.org/way/703452478",
        "status": "representative_point_value",
        "geometry_intersecting_mgrs": [
          "MGRS-49QDC"
        ],
        "representative_point_method": "GEOS PointOnSurface of valid source polygon/MultiPolygon",
        "representative_point_inside_geometry": true,
        "accepted_sample_dates": [
          "2025-03-27"
        ],
        "is_full_object_coverage_verified": false,
        "quality_guard_verified": false
      }
    },
    {
      "type": "Feature",
      "id": "way/703452479",
      "geometry": {
        "type": "Point",
        "coordinates": [
          110.62585777127094,
          20.109694400000002
        ]
      },
      "properties": {
        "object_id": "way/703452479",
        "name": "谈文南岛",
        "osm_type": "way",
        "osm_id": 703452479,
        "source_url": "https://www.openstreetmap.org/way/703452479",
        "status": "representative_point_value",
        "geometry_intersecting_mgrs": [
          "MGRS-49QDC"
        ],
        "representative_point_method": "GEOS PointOnSurface of valid source polygon/MultiPolygon",
        "representative_point_inside_geometry": true,
        "accepted_sample_dates": [
          "2025-03-27"
        ],
        "is_full_object_coverage_verified": false,
        "quality_guard_verified": false
      }
    },
    {
      "type": "Feature",
      "id": "way/703452481",
      "geometry": {
        "type": "Point",
        "coordinates": [
          110.62618807155036,
          20.1117219
        ]
      },
      "properties": {
        "object_id": "way/703452481",
        "name": "谈文岛",
        "osm_type": "way",
        "osm_id": 703452481,
        "source_url": "https://www.openstreetmap.org/way/703452481",
        "status": "representative_point_value",
        "geometry_intersecting_mgrs": [
          "MGRS-49QDC"
        ],
        "representative_point_method": "GEOS PointOnSurface of valid source polygon/MultiPolygon",
        "representative_point_inside_geometry": true,
        "accepted_sample_dates": [
          "2025-03-27"
        ],
        "is_full_object_coverage_verified": false,
        "quality_guard_verified": false
      }
    },
    {
      "type": "Feature",
      "id": "way/703452482",
      "geometry": {
        "type": "Point",
        "coordinates": [
          110.62990929819381,
          20.1129989
        ]
      },
      "properties": {
        "object_id": "way/703452482",
        "name": "飞鹰岛",
        "osm_type": "way",
        "osm_id": 703452482,
        "source_url": "https://www.openstreetmap.org/way/703452482",
        "status": "representative_point_value",
        "geometry_intersecting_mgrs": [
          "MGRS-49QDC"
        ],
        "representative_point_method": "GEOS PointOnSurface of valid source polygon/MultiPolygon",
        "representative_point_inside_geometry": true,
        "accepted_sample_dates": [
          "2025-03-27"
        ],
        "is_full_object_coverage_verified": false,
        "quality_guard_verified": false
      }
    },
    {
      "type": "Feature",
      "id": "way/703452484",
      "geometry": {
        "type": "Point",
        "coordinates": [
          110.62675080474659,
          20.11379225
        ]
      },
      "properties": {
        "object_id": "way/703452484",
        "name": "铁砧石",
        "osm_type": "way",
        "osm_id": 703452484,
        "source_url": "https://www.openstreetmap.org/way/703452484",
        "status": "representative_point_value",
        "geometry_intersecting_mgrs": [
          "MGRS-49QDC"
        ],
        "representative_point_method": "GEOS PointOnSurface of valid source polygon/MultiPolygon",
        "representative_point_inside_geometry": true,
        "accepted_sample_dates": [
          "2025-03-27"
        ],
        "is_full_object_coverage_verified": false,
        "quality_guard_verified": false
      }
    },
    {
      "type": "Feature",
      "id": "way/703452485",
      "geometry": {
        "type": "Point",
        "coordinates": [
          110.61998485007354,
          20.1111829
        ]
      },
      "properties": {
        "object_id": "way/703452485",
        "name": "叠岩岛",
        "osm_type": "way",
        "osm_id": 703452485,
        "source_url": "https://www.openstreetmap.org/way/703452485",
        "status": "representative_point_value",
        "geometry_intersecting_mgrs": [
          "MGRS-49QDC"
        ],
        "representative_point_method": "GEOS PointOnSurface of valid source polygon/MultiPolygon",
        "representative_point_inside_geometry": true,
        "accepted_sample_dates": [
          "2025-03-27"
        ],
        "is_full_object_coverage_verified": false,
        "quality_guard_verified": false
      }
    },
    {
      "type": "Feature",
      "id": "way/703452488",
      "geometry": {
        "type": "Point",
        "coordinates": [
          110.60115128179717,
          20.11217025
        ]
      },
      "properties": {
        "object_id": "way/703452488",
        "name": "民石",
        "osm_type": "way",
        "osm_id": 703452488,
        "source_url": "https://www.openstreetmap.org/way/703452488",
        "status": "representative_point_value",
        "geometry_intersecting_mgrs": [
          "MGRS-49QDC"
        ],
        "representative_point_method": "GEOS PointOnSurface of valid source polygon/MultiPolygon",
        "representative_point_inside_geometry": true,
        "accepted_sample_dates": [
          "2025-03-27"
        ],
        "is_full_object_coverage_verified": false,
        "quality_guard_verified": false
      }
    },
    {
      "type": "Feature",
      "id": "way/724359480",
      "geometry": {
        "type": "Point",
        "coordinates": [
          112.34426434617646,
          16.9249308
        ]
      },
      "properties": {
        "object_id": "way/724359480",
        "name": "东新沙洲",
        "osm_type": "way",
        "osm_id": 724359480,
        "source_url": "https://www.openstreetmap.org/way/724359480",
        "status": "representative_point_value",
        "geometry_intersecting_mgrs": [
          "MGRS-49QFU"
        ],
        "representative_point_method": "GEOS PointOnSurface of valid source polygon/MultiPolygon",
        "representative_point_inside_geometry": true,
        "accepted_sample_dates": [
          "2025-01-23"
        ],
        "is_full_object_coverage_verified": false,
        "quality_guard_verified": false
      }
    },
    {
      "type": "Feature",
      "id": "way/759111371",
      "geometry": {
        "type": "Point",
        "coordinates": [
          112.21203095039141,
          16.9777789
        ]
      },
      "properties": {
        "object_id": "way/759111371",
        "name": "西沙洲",
        "osm_type": "way",
        "osm_id": 759111371,
        "source_url": "https://www.openstreetmap.org/way/759111371",
        "status": "representative_point_value",
        "geometry_intersecting_mgrs": [
          "MGRS-49QFU"
        ],
        "representative_point_method": "GEOS PointOnSurface of valid source polygon/MultiPolygon",
        "representative_point_inside_geometry": true,
        "accepted_sample_dates": [
          "2025-01-23"
        ],
        "is_full_object_coverage_verified": false,
        "quality_guard_verified": false
      }
    },
    {
      "type": "Feature",
      "id": "way/794435650",
      "geometry": {
        "type": "Point",
        "coordinates": [
          111.7067450098207,
          16.57796245
        ]
      },
      "properties": {
        "object_id": "way/794435650",
        "name": "银屿东岛",
        "osm_type": "way",
        "osm_id": 794435650,
        "source_url": "https://www.openstreetmap.org/way/794435650",
        "status": "representative_point_value",
        "geometry_intersecting_mgrs": [
          "MGRS-49QEU"
        ],
        "representative_point_method": "GEOS PointOnSurface of valid source polygon/MultiPolygon",
        "representative_point_inside_geometry": true,
        "accepted_sample_dates": [
          "2025-04-23"
        ],
        "is_full_object_coverage_verified": false,
        "quality_guard_verified": false
      }
    },
    {
      "type": "Feature",
      "id": "way/794435651",
      "geometry": {
        "type": "Point",
        "coordinates": [
          111.6931329787769,
          16.58506655
        ]
      },
      "properties": {
        "object_id": "way/794435651",
        "name": "银屿仔西岛",
        "osm_type": "way",
        "osm_id": 794435651,
        "source_url": "https://www.openstreetmap.org/way/794435651",
        "status": "representative_point_value",
        "geometry_intersecting_mgrs": [
          "MGRS-49QEU"
        ],
        "representative_point_method": "GEOS PointOnSurface of valid source polygon/MultiPolygon",
        "representative_point_inside_geometry": true,
        "accepted_sample_dates": [
          "2025-04-23"
        ],
        "is_full_object_coverage_verified": false,
        "quality_guard_verified": false
      }
    },
    {
      "type": "Feature",
      "id": "way/794435652",
      "geometry": {
        "type": "Point",
        "coordinates": [
          111.69876168190476,
          16.4549443
        ]
      },
      "properties": {
        "object_id": "way/794435652",
        "name": "广金北一岛",
        "osm_type": "way",
        "osm_id": 794435652,
        "source_url": "https://www.openstreetmap.org/way/794435652",
        "status": "representative_point_value",
        "geometry_intersecting_mgrs": [
          "MGRS-49QEU"
        ],
        "representative_point_method": "GEOS PointOnSurface of valid source polygon/MultiPolygon",
        "representative_point_inside_geometry": true,
        "accepted_sample_dates": [
          "2025-03-04"
        ],
        "is_full_object_coverage_verified": false,
        "quality_guard_verified": false
      }
    },
    {
      "type": "Feature",
      "id": "way/794435653",
      "geometry": {
        "type": "Point",
        "coordinates": [
          111.69808027192556,
          16.454833700000002
        ]
      },
      "properties": {
        "object_id": "way/794435653",
        "name": "广金北二岛",
        "osm_type": "way",
        "osm_id": 794435653,
        "source_url": "https://www.openstreetmap.org/way/794435653",
        "status": "representative_point_value",
        "geometry_intersecting_mgrs": [
          "MGRS-49QEU"
        ],
        "representative_point_method": "GEOS PointOnSurface of valid source polygon/MultiPolygon",
        "representative_point_inside_geometry": true,
        "accepted_sample_dates": [
          "2025-03-04"
        ],
        "is_full_object_coverage_verified": false,
        "quality_guard_verified": false
      }
    },
    {
      "type": "Feature",
      "id": "way/794435654",
      "geometry": {
        "type": "Point",
        "coordinates": [
          111.69561561454974,
          16.4522266
        ]
      },
      "properties": {
        "object_id": "way/794435654",
        "name": "广金西岛",
        "osm_type": "way",
        "osm_id": 794435654,
        "source_url": "https://www.openstreetmap.org/way/794435654",
        "status": "representative_point_value",
        "geometry_intersecting_mgrs": [
          "MGRS-49QEU"
        ],
        "representative_point_method": "GEOS PointOnSurface of valid source polygon/MultiPolygon",
        "representative_point_inside_geometry": true,
        "accepted_sample_dates": [
          "2025-04-23"
        ],
        "is_full_object_coverage_verified": false,
        "quality_guard_verified": false
      }
    },
    {
      "type": "Feature",
      "id": "way/794435655",
      "geometry": {
        "type": "Point",
        "coordinates": [
          111.60671642836074,
          16.45219475
        ]
      },
      "properties": {
        "object_id": "way/794435655",
        "name": "筐仔北岛",
        "osm_type": "way",
        "osm_id": 794435655,
        "source_url": "https://www.openstreetmap.org/way/794435655",
        "status": "representative_point_value",
        "geometry_intersecting_mgrs": [
          "MGRS-49QEU"
        ],
        "representative_point_method": "GEOS PointOnSurface of valid source polygon/MultiPolygon",
        "representative_point_inside_geometry": true,
        "accepted_sample_dates": [
          "2025-07-17"
        ],
        "is_full_object_coverage_verified": false,
        "quality_guard_verified": true
      }
    },
    {
      "type": "Feature",
      "id": "way/794435656",
      "geometry": {
        "type": "Point",
        "coordinates": [
          111.6198847148018,
          16.5423403
        ]
      },
      "properties": {
        "object_id": "way/794435656",
        "name": "老粗峙仔岛",
        "osm_type": "way",
        "osm_id": 794435656,
        "source_url": "https://www.openstreetmap.org/way/794435656",
        "status": "representative_point_value",
        "geometry_intersecting_mgrs": [
          "MGRS-49QEU"
        ],
        "representative_point_method": "GEOS PointOnSurface of valid source polygon/MultiPolygon",
        "representative_point_inside_geometry": true,
        "accepted_sample_dates": [
          "2025-04-23"
        ],
        "is_full_object_coverage_verified": false,
        "quality_guard_verified": false
      }
    },
    {
      "type": "Feature",
      "id": "way/794435657",
      "geometry": {
        "type": "Point",
        "coordinates": [
          111.51764971066997,
          16.44707555
        ]
      },
      "properties": {
        "object_id": "way/794435657",
        "name": "尾峙仔岛",
        "osm_type": "way",
        "osm_id": 794435657,
        "source_url": "https://www.openstreetmap.org/way/794435657",
        "status": "representative_point_value",
        "geometry_intersecting_mgrs": [
          "MGRS-49QEU"
        ],
        "representative_point_method": "GEOS PointOnSurface of valid source polygon/MultiPolygon",
        "representative_point_inside_geometry": true,
        "accepted_sample_dates": [
          "2025-04-23"
        ],
        "is_full_object_coverage_verified": false,
        "quality_guard_verified": false
      }
    },
    {
      "type": "Feature",
      "id": "way/794435658",
      "geometry": {
        "type": "Point",
        "coordinates": [
          111.52605424511296,
          16.44454305
        ]
      },
      "properties": {
        "object_id": "way/794435658",
        "name": "金银东岛",
        "osm_type": "way",
        "osm_id": 794435658,
        "source_url": "https://www.openstreetmap.org/way/794435658",
        "status": "representative_point_value",
        "geometry_intersecting_mgrs": [
          "MGRS-49QEU"
        ],
        "representative_point_method": "GEOS PointOnSurface of valid source polygon/MultiPolygon",
        "representative_point_inside_geometry": true,
        "accepted_sample_dates": [
          "2025-04-23"
        ],
        "is_full_object_coverage_verified": false,
        "quality_guard_verified": false
      }
    },
    {
      "type": "Feature",
      "id": "way/795081113",
      "geometry": {
        "type": "Point",
        "coordinates": [
          111.67307809999572,
          16.5745641
        ]
      },
      "properties": {
        "object_id": "way/795081113",
        "name": "全富岛",
        "osm_type": "way",
        "osm_id": 795081113,
        "source_url": "https://www.openstreetmap.org/way/795081113",
        "status": "representative_point_value",
        "geometry_intersecting_mgrs": [
          "MGRS-49QEU"
        ],
        "representative_point_method": "GEOS PointOnSurface of valid source polygon/MultiPolygon",
        "representative_point_inside_geometry": true,
        "accepted_sample_dates": [
          "2025-03-04"
        ],
        "is_full_object_coverage_verified": false,
        "quality_guard_verified": false
      }
    },
    {
      "type": "Feature",
      "id": "way/795081114",
      "geometry": {
        "type": "Point",
        "coordinates": [
          111.68188240894787,
          16.5718085
        ]
      },
      "properties": {
        "object_id": "way/795081114",
        "name": "全富仔",
        "osm_type": "way",
        "osm_id": 795081114,
        "source_url": "https://www.openstreetmap.org/way/795081114",
        "status": "representative_point_value",
        "geometry_intersecting_mgrs": [
          "MGRS-49QEU"
        ],
        "representative_point_method": "GEOS PointOnSurface of valid source polygon/MultiPolygon",
        "representative_point_inside_geometry": true,
        "accepted_sample_dates": [
          "2025-04-23"
        ],
        "is_full_object_coverage_verified": false,
        "quality_guard_verified": false
      }
    },
    {
      "type": "Feature",
      "id": "way/795084057",
      "geometry": {
        "type": "Point",
        "coordinates": [
          111.70252650343895,
          16.5820061
        ]
      },
      "properties": {
        "object_id": "way/795084057",
        "name": "银屿仔",
        "osm_type": "way",
        "osm_id": 795084057,
        "source_url": "https://www.openstreetmap.org/way/795084057",
        "status": "representative_point_value",
        "geometry_intersecting_mgrs": [
          "MGRS-49QEU"
        ],
        "representative_point_method": "GEOS PointOnSurface of valid source polygon/MultiPolygon",
        "representative_point_inside_geometry": true,
        "accepted_sample_dates": [
          "2025-04-23"
        ],
        "is_full_object_coverage_verified": false,
        "quality_guard_verified": false
      }
    },
    {
      "type": "Feature",
      "id": "way/819128629",
      "geometry": {
        "type": "Point",
        "coordinates": [
          111.62795073793754,
          16.533486850000003
        ]
      },
      "properties": {
        "object_id": "way/819128629",
        "name": "珊瑚东暗沙",
        "osm_type": "way",
        "osm_id": 819128629,
        "source_url": "https://www.openstreetmap.org/way/819128629",
        "status": "representative_point_value",
        "geometry_intersecting_mgrs": [
          "MGRS-49QEU"
        ],
        "representative_point_method": "GEOS PointOnSurface of valid source polygon/MultiPolygon",
        "representative_point_inside_geometry": true,
        "accepted_sample_dates": [
          "2025-04-23"
        ],
        "is_full_object_coverage_verified": false,
        "quality_guard_verified": false
      }
    },
    {
      "type": "Feature",
      "id": "way/848884404",
      "geometry": {
        "type": "Point",
        "coordinates": [
          111.464880905418,
          17.066153749999998
        ]
      },
      "properties": {
        "object_id": "way/848884404",
        "name": "北礁",
        "osm_type": "way",
        "osm_id": 848884404,
        "source_url": "https://www.openstreetmap.org/way/848884404",
        "status": "representative_point_value",
        "geometry_intersecting_mgrs": [
          "MGRS-49QEU"
        ],
        "representative_point_method": "GEOS PointOnSurface of valid source polygon/MultiPolygon",
        "representative_point_inside_geometry": true,
        "accepted_sample_dates": [
          "2025-04-23"
        ],
        "is_full_object_coverage_verified": false,
        "quality_guard_verified": false
      }
    },
    {
      "type": "Feature",
      "id": "way/1270883016",
      "geometry": {
        "type": "Point",
        "coordinates": [
          110.51085039843207,
          19.9779371
        ]
      },
      "properties": {
        "object_id": "way/1270883016",
        "name": "奎星岛",
        "osm_type": "way",
        "osm_id": 1270883016,
        "source_url": "https://www.openstreetmap.org/way/1270883016",
        "status": "representative_point_value",
        "geometry_intersecting_mgrs": [
          "MGRS-49QDC"
        ],
        "representative_point_method": "GEOS PointOnSurface of valid source polygon/MultiPolygon",
        "representative_point_inside_geometry": true,
        "accepted_sample_dates": [
          "2025-03-27"
        ],
        "is_full_object_coverage_verified": false,
        "quality_guard_verified": false
      }
    },
    {
      "type": "Feature",
      "id": "way/1352853358",
      "geometry": {
        "type": "Point",
        "coordinates": [
          116.69522375888312,
          16.6123944
        ]
      },
      "properties": {
        "object_id": "way/1352853358",
        "name": "宪法暗沙",
        "osm_type": "way",
        "osm_id": 1352853358,
        "source_url": "https://www.openstreetmap.org/way/1352853358",
        "status": "representative_point_value",
        "geometry_intersecting_mgrs": [
          "MGRS-50QMD"
        ],
        "representative_point_method": "GEOS PointOnSurface of valid source polygon/MultiPolygon",
        "representative_point_inside_geometry": true,
        "accepted_sample_dates": [
          "2025-06-16"
        ],
        "is_full_object_coverage_verified": false,
        "quality_guard_verified": false
      }
    },
    {
      "type": "Feature",
      "id": "way/1385848049",
      "geometry": {
        "type": "Point",
        "coordinates": [
          111.52843077247371,
          16.44142685
        ]
      },
      "properties": {
        "object_id": "way/1385848049",
        "name": "金银东岛",
        "osm_type": "way",
        "osm_id": 1385848049,
        "source_url": "https://www.openstreetmap.org/way/1385848049",
        "status": "representative_point_value",
        "geometry_intersecting_mgrs": [
          "MGRS-49QEU"
        ],
        "representative_point_method": "GEOS PointOnSurface of valid source polygon/MultiPolygon",
        "representative_point_inside_geometry": true,
        "accepted_sample_dates": [
          "2025-04-23"
        ],
        "is_full_object_coverage_verified": false,
        "quality_guard_verified": false
      }
    },
    {
      "type": "Feature",
      "id": "way/1385848050",
      "geometry": {
        "type": "Point",
        "coordinates": [
          111.53068802192436,
          16.440540400000003
        ]
      },
      "properties": {
        "object_id": "way/1385848050",
        "name": "金银东岛",
        "osm_type": "way",
        "osm_id": 1385848050,
        "source_url": "https://www.openstreetmap.org/way/1385848050",
        "status": "representative_point_value",
        "geometry_intersecting_mgrs": [
          "MGRS-49QEU"
        ],
        "representative_point_method": "GEOS PointOnSurface of valid source polygon/MultiPolygon",
        "representative_point_inside_geometry": true,
        "accepted_sample_dates": [
          "2025-04-23"
        ],
        "is_full_object_coverage_verified": false,
        "quality_guard_verified": false
      }
    },
    {
      "type": "Feature",
      "id": "way/1385848051",
      "geometry": {
        "type": "Point",
        "coordinates": [
          111.5362016664089,
          16.4459114
        ]
      },
      "properties": {
        "object_id": "way/1385848051",
        "name": "金银东岛",
        "osm_type": "way",
        "osm_id": 1385848051,
        "source_url": "https://www.openstreetmap.org/way/1385848051",
        "status": "representative_point_value",
        "geometry_intersecting_mgrs": [
          "MGRS-49QEU"
        ],
        "representative_point_method": "GEOS PointOnSurface of valid source polygon/MultiPolygon",
        "representative_point_inside_geometry": true,
        "accepted_sample_dates": [
          "2025-04-23"
        ],
        "is_full_object_coverage_verified": false,
        "quality_guard_verified": false
      }
    },
    {
      "type": "Feature",
      "id": "way/1385848052",
      "geometry": {
        "type": "Point",
        "coordinates": [
          111.52957087768786,
          16.44122025
        ]
      },
      "properties": {
        "object_id": "way/1385848052",
        "name": "金银东岛",
        "osm_type": "way",
        "osm_id": 1385848052,
        "source_url": "https://www.openstreetmap.org/way/1385848052",
        "status": "representative_point_value",
        "geometry_intersecting_mgrs": [
          "MGRS-49QEU"
        ],
        "representative_point_method": "GEOS PointOnSurface of valid source polygon/MultiPolygon",
        "representative_point_inside_geometry": true,
        "accepted_sample_dates": [
          "2025-04-23"
        ],
        "is_full_object_coverage_verified": false,
        "quality_guard_verified": false
      }
    },
    {
      "type": "Feature",
      "id": "way/1385848053",
      "geometry": {
        "type": "Point",
        "coordinates": [
          111.52281711237765,
          16.44361265
        ]
      },
      "properties": {
        "object_id": "way/1385848053",
        "name": "金银东岛",
        "osm_type": "way",
        "osm_id": 1385848053,
        "source_url": "https://www.openstreetmap.org/way/1385848053",
        "status": "representative_point_value",
        "geometry_intersecting_mgrs": [
          "MGRS-49QEU"
        ],
        "representative_point_method": "GEOS PointOnSurface of valid source polygon/MultiPolygon",
        "representative_point_inside_geometry": true,
        "accepted_sample_dates": [
          "2025-03-24"
        ],
        "is_full_object_coverage_verified": false,
        "quality_guard_verified": false
      }
    }
  ]
}
