mgrs,scene_id,date,epsg,nominal_rgb_m,nominal_scl_m,scl_sample_status,sample_output_pixels,accepted_class_points,quality_rejected_points,no_source_points,rgb_source_url,scl_source_url,preview_ids_recorded
MGRS-48QZE,S2B_T48QZE_20250322T031553_L2A,2025-03-22,32648,10,20,sampled_accepted,25,18,2,5,https://e84-earth-search-sentinel-data.s3.us-west-2.amazonaws.com/sentinel-2-c1-l2a/48/Q/ZE/2025/3/S2B_T48QZE_20250322T031553_L2A/TCI.tif,https://e84-earth-search-sentinel-data.s3.us-west-2.amazonaws.com/sentinel-2-c1-l2a/48/Q/ZE/2025/3/S2B_T48QZE_20250322T031553_L2A/SCL.tif,[]
MGRS-48QZE,S2C_T48QZE_20250327T031111_L2A,2025-03-27,32648,10,20,sampled_accepted,25,20,0,5,https://e84-earth-search-sentinel-data.s3.us-west-2.amazonaws.com/sentinel-2-c1-l2a/48/Q/ZE/2025/3/S2C_T48QZE_20250327T031111_L2A/TCI.tif,https://e84-earth-search-sentinel-data.s3.us-west-2.amazonaws.com/sentinel-2-c1-l2a/48/Q/ZE/2025/3/S2C_T48QZE_20250327T031111_L2A/SCL.tif,[]
MGRS-48QZE,S2A_T48QZE_20250717T032110_L2A,2025-07-17,32648,10,20,sampled_accepted,25,18,2,5,https://e84-earth-search-sentinel-data.s3.us-west-2.amazonaws.com/sentinel-2-c1-l2a/48/Q/ZE/2025/7/S2A_T48QZE_20250717T032110_L2A/TCI.tif,https://e84-earth-search-sentinel-data.s3.us-west-2.amazonaws.com/sentinel-2-c1-l2a/48/Q/ZE/2025/7/S2A_T48QZE_20250717T032110_L2A/SCL.tif,[]
MGRS-48QZF,S2B_T48QZF_20250315T032508_L2A,2025-03-15,32648,10,20,sampled_accepted,25,16,1,8,https://e84-earth-search-sentinel-data.s3.us-west-2.amazonaws.com/sentinel-2-c1-l2a/48/Q/ZF/2025/3/S2B_T48QZF_20250315T032508_L2A/TCI.tif,https://e84-earth-search-sentinel-data.s3.us-west-2.amazonaws.com/sentinel-2-c1-l2a/48/Q/ZF/2025/3/S2B_T48QZF_20250315T032508_L2A/SCL.tif,[]
MGRS-48QZF,S2B_T48QZF_20250325T032419_L2A,2025-03-25,32648,10,20,sampled_accepted,25,17,0,8,https://e84-earth-search-sentinel-data.s3.us-west-2.amazonaws.com/sentinel-2-c1-l2a/48/Q/ZF/2025/3/S2B_T48QZF_20250325T032419_L2A/TCI.tif,https://e84-earth-search-sentinel-data.s3.us-west-2.amazonaws.com/sentinel-2-c1-l2a/48/Q/ZF/2025/3/S2B_T48QZF_20250325T032419_L2A/SCL.tif,"[""main""]"
MGRS-48QZF,S2B_T48QZF_20251220T033030_L2A,2025-12-20,32648,10,20,sampled_accepted,25,17,0,8,https://e84-earth-search-sentinel-data.s3.us-west-2.amazonaws.com/sentinel-2-c1-l2a/48/Q/ZF/2025/12/S2B_T48QZF_20251220T033030_L2A/TCI.tif,https://e84-earth-search-sentinel-data.s3.us-west-2.amazonaws.com/sentinel-2-c1-l2a/48/Q/ZF/2025/12/S2B_T48QZF_20251220T033030_L2A/SCL.tif,"[""main""]"
MGRS-48QZG,S2B_T48QZG_20250104T032739_L2A,2025-01-04,32648,10,20,sampled_accepted,25,22,0,3,https://e84-earth-search-sentinel-data.s3.us-west-2.amazonaws.com/sentinel-2-c1-l2a/48/Q/ZG/2025/1/S2B_T48QZG_20250104T032739_L2A/TCI.tif,https://e84-earth-search-sentinel-data.s3.us-west-2.amazonaws.com/sentinel-2-c1-l2a/48/Q/ZG/2025/1/S2B_T48QZG_20250104T032739_L2A/SCL.tif,"[""main""]"
MGRS-48QZG,S2B_T48QZG_20250124T032212_L2A,2025-01-24,32648,10,20,sampled_accepted,25,22,0,3,https://e84-earth-search-sentinel-data.s3.us-west-2.amazonaws.com/sentinel-2-c1-l2a/48/Q/ZG/2025/1/S2B_T48QZG_20250124T032212_L2A/TCI.tif,https://e84-earth-search-sentinel-data.s3.us-west-2.amazonaws.com/sentinel-2-c1-l2a/48/Q/ZG/2025/1/S2B_T48QZG_20250124T032212_L2A/SCL.tif,"[""main""]"
MGRS-48QZG,S2C_T48QZG_20251016T032926_L2A,2025-10-16,32648,10,20,sampled_accepted,25,22,0,3,https://e84-earth-search-sentinel-data.s3.us-west-2.amazonaws.com/sentinel-2-c1-l2a/48/Q/ZG/2025/10/S2C_T48QZG_20251016T032926_L2A/TCI.tif,https://e84-earth-search-sentinel-data.s3.us-west-2.amazonaws.com/sentinel-2-c1-l2a/48/Q/ZG/2025/10/S2C_T48QZG_20251016T032926_L2A/SCL.tif,"[""main""]"
MGRS-48QZH,S2B_T48QZH_20250104T032739_L2A,2025-01-04,32648,10,20,sampled_accepted,25,25,0,0,https://e84-earth-search-sentinel-data.s3.us-west-2.amazonaws.com/sentinel-2-c1-l2a/48/Q/ZH/2025/1/S2B_T48QZH_20250104T032739_L2A/TCI.tif,https://e84-earth-search-sentinel-data.s3.us-west-2.amazonaws.com/sentinel-2-c1-l2a/48/Q/ZH/2025/1/S2B_T48QZH_20250104T032739_L2A/SCL.tif,"[""main""]"
MGRS-48QZH,S2C_T48QZH_20250906T033101_L2A,2025-09-06,32648,10,20,sampled_accepted,25,23,2,0,https://e84-earth-search-sentinel-data.s3.us-west-2.amazonaws.com/sentinel-2-c1-l2a/48/Q/ZH/2025/9/S2C_T48QZH_20250906T033101_L2A/TCI.tif,https://e84-earth-search-sentinel-data.s3.us-west-2.amazonaws.com/sentinel-2-c1-l2a/48/Q/ZH/2025/9/S2C_T48QZH_20250906T033101_L2A/SCL.tif,[]
MGRS-48QZH,S2C_T48QZH_20251115T032458_L2A,2025-11-15,32648,10,20,sampled_accepted,25,25,0,0,https://e84-earth-search-sentinel-data.s3.us-west-2.amazonaws.com/sentinel-2-c1-l2a/48/Q/ZH/2025/11/S2C_T48QZH_20251115T032458_L2A/TCI.tif,https://e84-earth-search-sentinel-data.s3.us-west-2.amazonaws.com/sentinel-2-c1-l2a/48/Q/ZH/2025/11/S2C_T48QZH_20251115T032458_L2A/SCL.tif,"[""main""]"
MGRS-49NCD,S2A_T49NCD_20250614T030150_L2A,2025-06-14,32649,10,20,sampled_accepted,25,22,0,3,https://e84-earth-search-sentinel-data.s3.us-west-2.amazonaws.com/sentinel-2-c1-l2a/49/N/CD/2025/6/S2A_T49NCD_20250614T030150_L2A/TCI.tif,https://e84-earth-search-sentinel-data.s3.us-west-2.amazonaws.com/sentinel-2-c1-l2a/49/N/CD/2025/6/S2A_T49NCD_20250614T030150_L2A/SCL.tif,[]
MGRS-49NCD,S2C_T49NCD_20250801T031708_L2A,2025-08-01,32649,10,20,sampled_accepted,25,21,0,4,https://e84-earth-search-sentinel-data.s3.us-west-2.amazonaws.com/sentinel-2-c1-l2a/49/N/CD/2025/8/S2C_T49NCD_20250801T031708_L2A/TCI.tif,https://e84-earth-search-sentinel-data.s3.us-west-2.amazonaws.com/sentinel-2-c1-l2a/49/N/CD/2025/8/S2C_T49NCD_20250801T031708_L2A/SCL.tif,[]
MGRS-49NCD,S2A_T49NCD_20251101T030746_L2A,2025-11-01,32649,10,20,sampled_accepted,25,21,1,3,https://e84-earth-search-sentinel-data.s3.us-west-2.amazonaws.com/sentinel-2-c1-l2a/49/N/CD/2025/11/S2A_T49NCD_20251101T030746_L2A/TCI.tif,https://e84-earth-search-sentinel-data.s3.us-west-2.amazonaws.com/sentinel-2-c1-l2a/49/N/CD/2025/11/S2A_T49NCD_20251101T030746_L2A/SCL.tif,[]
MGRS-49NCE,S2C_T49NCE_20250503T031032_L2A,2025-05-03,32649,10,20,sampled_accepted,25,25,0,0,https://e84-earth-search-sentinel-data.s3.us-west-2.amazonaws.com/sentinel-2-c1-l2a/49/N/CE/2025/5/S2C_T49NCE_20250503T031032_L2A/TCI.tif,https://e84-earth-search-sentinel-data.s3.us-west-2.amazonaws.com/sentinel-2-c1-l2a/49/N/CE/2025/5/S2C_T49NCE_20250503T031032_L2A/SCL.tif,[]
MGRS-49NCE,S2B_T49NCE_20250508T031233_L2A,2025-05-08,32649,10,20,sampled_accepted,25,22,3,0,https://e84-earth-search-sentinel-data.s3.us-west-2.amazonaws.com/sentinel-2-c1-l2a/49/N/CE/2025/5/S2B_T49NCE_20250508T031233_L2A/TCI.tif,https://e84-earth-search-sentinel-data.s3.us-west-2.amazonaws.com/sentinel-2-c1-l2a/49/N/CE/2025/5/S2B_T49NCE_20250508T031233_L2A/SCL.tif,[]
MGRS-49NCE,S2A_T49NCE_20250614T030150_L2A,2025-06-14,32649,10,20,sampled_accepted,25,25,0,0,https://e84-earth-search-sentinel-data.s3.us-west-2.amazonaws.com/sentinel-2-c1-l2a/49/N/CE/2025/6/S2A_T49NCE_20250614T030150_L2A/TCI.tif,https://e84-earth-search-sentinel-data.s3.us-west-2.amazonaws.com/sentinel-2-c1-l2a/49/N/CE/2025/6/S2A_T49NCE_20250614T030150_L2A/SCL.tif,[]
MGRS-49NCF,S2C_T49NCF_20250413T031059_L2A,2025-04-13,32649,10,20,sampled_accepted,25,23,2,0,https://e84-earth-search-sentinel-data.s3.us-west-2.amazonaws.com/sentinel-2-c1-l2a/49/N/CF/2025/4/S2C_T49NCF_20250413T031059_L2A/TCI.tif,https://e84-earth-search-sentinel-data.s3.us-west-2.amazonaws.com/sentinel-2-c1-l2a/49/N/CF/2025/4/S2C_T49NCF_20250413T031059_L2A/SCL.tif,[]
MGRS-49NCF,S2C_T49NCF_20250503T031032_L2A,2025-05-03,32649,10,20,sampled_accepted,25,25,0,0,https://e84-earth-search-sentinel-data.s3.us-west-2.amazonaws.com/sentinel-2-c1-l2a/49/N/CF/2025/5/S2C_T49NCF_20250503T031032_L2A/TCI.tif,https://e84-earth-search-sentinel-data.s3.us-west-2.amazonaws.com/sentinel-2-c1-l2a/49/N/CF/2025/5/S2C_T49NCF_20250503T031032_L2A/SCL.tif,[]
MGRS-49NCF,S2A_T49NCF_20250614T030150_L2A,2025-06-14,32649,10,20,sampled_accepted,25,23,2,0,https://e84-earth-search-sentinel-data.s3.us-west-2.amazonaws.com/sentinel-2-c1-l2a/49/N/CF/2025/6/S2A_T49NCF_20250614T030150_L2A/TCI.tif,https://e84-earth-search-sentinel-data.s3.us-west-2.amazonaws.com/sentinel-2-c1-l2a/49/N/CF/2025/6/S2A_T49NCF_20250614T030150_L2A/SCL.tif,[]
MGRS-49NCG,S2C_T49NCG_20250413T031059_L2A,2025-04-13,32649,10,20,sampled_accepted,25,24,1,0,https://e84-earth-search-sentinel-data.s3.us-west-2.amazonaws.com/sentinel-2-c1-l2a/49/N/CG/2025/4/S2C_T49NCG_20250413T031059_L2A/TCI.tif,https://e84-earth-search-sentinel-data.s3.us-west-2.amazonaws.com/sentinel-2-c1-l2a/49/N/CG/2025/4/S2C_T49NCG_20250413T031059_L2A/SCL.tif,[]
MGRS-49NCG,S2A_T49NCG_20250614T030150_L2A,2025-06-14,32649,10,20,sampled_accepted,25,24,1,0,https://e84-earth-search-sentinel-data.s3.us-west-2.amazonaws.com/sentinel-2-c1-l2a/49/N/CG/2025/6/S2A_T49NCG_20250614T030150_L2A/TCI.tif,https://e84-earth-search-sentinel-data.s3.us-west-2.amazonaws.com/sentinel-2-c1-l2a/49/N/CG/2025/6/S2A_T49NCG_20250614T030150_L2A/SCL.tif,[]
MGRS-49NCG,S2C_T49NCG_20250722T031634_L2A,2025-07-22,32649,10,20,sampled_accepted,25,23,1,1,https://e84-earth-search-sentinel-data.s3.us-west-2.amazonaws.com/sentinel-2-c1-l2a/49/N/CG/2025/7/S2C_T49NCG_20250722T031634_L2A/TCI.tif,https://e84-earth-search-sentinel-data.s3.us-west-2.amazonaws.com/sentinel-2-c1-l2a/49/N/CG/2025/7/S2C_T49NCG_20250722T031634_L2A/SCL.tif,[]
MGRS-49NCH,S2C_T49NCH_20250612T031332_L2A,2025-06-12,32649,10,20,sampled_accepted,25,24,1,0,https://e84-earth-search-sentinel-data.s3.us-west-2.amazonaws.com/sentinel-2-c1-l2a/49/N/CH/2025/6/S2C_T49NCH_20250612T031332_L2A/TCI.tif,https://e84-earth-search-sentinel-data.s3.us-west-2.amazonaws.com/sentinel-2-c1-l2a/49/N/CH/2025/6/S2C_T49NCH_20250612T031332_L2A/SCL.tif,[]
MGRS-49NCH,S2C_T49NCH_20250722T030548_L2A,2025-07-22,32649,10,20,sampled_accepted,25,25,0,0,https://e84-earth-search-sentinel-data.s3.us-west-2.amazonaws.com/sentinel-2-c1-l2a/49/N/CH/2025/7/S2C_T49NCH_20250722T030548_L2A/TCI.tif,https://e84-earth-search-sentinel-data.s3.us-west-2.amazonaws.com/sentinel-2-c1-l2a/49/N/CH/2025/7/S2C_T49NCH_20250722T030548_L2A/SCL.tif,[]
MGRS-49NCH,S2C_T49NCH_20250801T030622_L2A,2025-08-01,32649,10,20,sampled_accepted,25,25,0,0,https://e84-earth-search-sentinel-data.s3.us-west-2.amazonaws.com/sentinel-2-c1-l2a/49/N/CH/2025/8/S2C_T49NCH_20250801T030622_L2A/TCI.tif,https://e84-earth-search-sentinel-data.s3.us-west-2.amazonaws.com/sentinel-2-c1-l2a/49/N/CH/2025/8/S2C_T49NCH_20250801T030622_L2A/SCL.tif,[]
MGRS-49NCJ,S2B_T49NCJ_20250217T031137_L2A,2025-02-17,32649,10,20,sampled_accepted,25,23,2,0,https://e84-earth-search-sentinel-data.s3.us-west-2.amazonaws.com/sentinel-2-c1-l2a/49/N/CJ/2025/2/S2B_T49NCJ_20250217T031137_L2A/TCI.tif,https://e84-earth-search-sentinel-data.s3.us-west-2.amazonaws.com/sentinel-2-c1-l2a/49/N/CJ/2025/2/S2B_T49NCJ_20250217T031137_L2A/SCL.tif,[]
MGRS-49NCJ,S2C_T49NCJ_20250722T030548_L2A,2025-07-22,32649,10,20,sampled_accepted,25,23,2,0,https://e84-earth-search-sentinel-data.s3.us-west-2.amazonaws.com/sentinel-2-c1-l2a/49/N/CJ/2025/7/S2C_T49NCJ_20250722T030548_L2A/TCI.tif,https://e84-earth-search-sentinel-data.s3.us-west-2.amazonaws.com/sentinel-2-c1-l2a/49/N/CJ/2025/7/S2C_T49NCJ_20250722T030548_L2A/SCL.tif,[]
MGRS-49NCJ,S2C_T49NCJ_20250801T030622_L2A,2025-08-01,32649,10,20,sampled_accepted,25,22,3,0,https://e84-earth-search-sentinel-data.s3.us-west-2.amazonaws.com/sentinel-2-c1-l2a/49/N/CJ/2025/8/S2C_T49NCJ_20250801T030622_L2A/TCI.tif,https://e84-earth-search-sentinel-data.s3.us-west-2.amazonaws.com/sentinel-2-c1-l2a/49/N/CJ/2025/8/S2C_T49NCJ_20250801T030622_L2A/SCL.tif,[]
MGRS-49NDD,S2B_T49NDD_20250614T030305_L2A,2025-06-14,32649,10,20,sampled_accepted,25,24,1,0,https://e84-earth-search-sentinel-data.s3.us-west-2.amazonaws.com/sentinel-2-c1-l2a/49/N/DD/2025/6/S2B_T49NDD_20250614T030305_L2A/TCI.tif,https://e84-earth-search-sentinel-data.s3.us-west-2.amazonaws.com/sentinel-2-c1-l2a/49/N/DD/2025/6/S2B_T49NDD_20250614T030305_L2A/SCL.tif,[]
MGRS-49NDD,S2A_T49NDD_20250721T025155_L2A,2025-07-21,32649,10,20,sampled_accepted,25,25,0,0,https://e84-earth-search-sentinel-data.s3.us-west-2.amazonaws.com/sentinel-2-c1-l2a/49/N/DD/2025/7/S2A_T49NDD_20250721T025155_L2A/TCI.tif,https://e84-earth-search-sentinel-data.s3.us-west-2.amazonaws.com/sentinel-2-c1-l2a/49/N/DD/2025/7/S2A_T49NDD_20250721T025155_L2A/SCL.tif,[]
MGRS-49NDD,S2B_T49NDD_20251101T030321_L2A,2025-11-01,32649,10,20,sampled_accepted,25,23,2,0,https://e84-earth-search-sentinel-data.s3.us-west-2.amazonaws.com/sentinel-2-c1-l2a/49/N/DD/2025/11/S2B_T49NDD_20251101T030321_L2A/TCI.tif,https://e84-earth-search-sentinel-data.s3.us-west-2.amazonaws.com/sentinel-2-c1-l2a/49/N/DD/2025/11/S2B_T49NDD_20251101T030321_L2A/SCL.tif,[]
MGRS-49NDE,S2B_T49NDE_20250614T030305_L2A,2025-06-14,32649,10,20,sampled_accepted,25,25,0,0,https://e84-earth-search-sentinel-data.s3.us-west-2.amazonaws.com/sentinel-2-c1-l2a/49/N/DE/2025/6/S2B_T49NDE_20250614T030305_L2A/TCI.tif,https://e84-earth-search-sentinel-data.s3.us-west-2.amazonaws.com/sentinel-2-c1-l2a/49/N/DE/2025/6/S2B_T49NDE_20250614T030305_L2A/SCL.tif,[]
MGRS-49NDE,S2A_T49NDE_20250721T025155_L2A,2025-07-21,32649,10,20,sampled_accepted,25,24,1,0,https://e84-earth-search-sentinel-data.s3.us-west-2.amazonaws.com/sentinel-2-c1-l2a/49/N/DE/2025/7/S2A_T49NDE_20250721T025155_L2A/TCI.tif,https://e84-earth-search-sentinel-data.s3.us-west-2.amazonaws.com/sentinel-2-c1-l2a/49/N/DE/2025/7/S2A_T49NDE_20250721T025155_L2A/SCL.tif,[]
MGRS-49NDE,S2C_T49NDE_20250729T030652_L2A,2025-07-29,32649,10,20,sampled_accepted,25,23,2,0,https://e84-earth-search-sentinel-data.s3.us-west-2.amazonaws.com/sentinel-2-c1-l2a/49/N/DE/2025/7/S2C_T49NDE_20250729T030652_L2A/TCI.tif,https://e84-earth-search-sentinel-data.s3.us-west-2.amazonaws.com/sentinel-2-c1-l2a/49/N/DE/2025/7/S2C_T49NDE_20250729T030652_L2A/SCL.tif,[]
MGRS-49NDF,S2B_T49NDF_20250614T030305_L2A,2025-06-14,32649,10,20,sampled_accepted,25,21,0,4,https://e84-earth-search-sentinel-data.s3.us-west-2.amazonaws.com/sentinel-2-c1-l2a/49/N/DF/2025/6/S2B_T49NDF_20250614T030305_L2A/TCI.tif,https://e84-earth-search-sentinel-data.s3.us-west-2.amazonaws.com/sentinel-2-c1-l2a/49/N/DF/2025/6/S2B_T49NDF_20250614T030305_L2A/SCL.tif,[]
MGRS-49NDF,S2B_T49NDF_20250624T030344_L2A,2025-06-24,32649,10,20,sampled_accepted,25,21,0,4,https://e84-earth-search-sentinel-data.s3.us-west-2.amazonaws.com/sentinel-2-c1-l2a/49/N/DF/2025/6/S2B_T49NDF_20250624T030344_L2A/TCI.tif,https://e84-earth-search-sentinel-data.s3.us-west-2.amazonaws.com/sentinel-2-c1-l2a/49/N/DF/2025/6/S2B_T49NDF_20250624T030344_L2A/SCL.tif,[]
MGRS-49NDF,S2B_T49NDF_20251101T030321_L2A,2025-11-01,32649,10,20,sampled_accepted,25,21,0,4,https://e84-earth-search-sentinel-data.s3.us-west-2.amazonaws.com/sentinel-2-c1-l2a/49/N/DF/2025/11/S2B_T49NDF_20251101T030321_L2A/TCI.tif,https://e84-earth-search-sentinel-data.s3.us-west-2.amazonaws.com/sentinel-2-c1-l2a/49/N/DF/2025/11/S2B_T49NDF_20251101T030321_L2A/SCL.tif,[]
MGRS-49NDG,S2C_T49NDG_20250503T031032_L2A,2025-05-03,32649,10,20,sampled_accepted,25,13,1,11,https://e84-earth-search-sentinel-data.s3.us-west-2.amazonaws.com/sentinel-2-c1-l2a/49/N/DG/2025/5/S2C_T49NDG_20250503T031032_L2A/TCI.tif,https://e84-earth-search-sentinel-data.s3.us-west-2.amazonaws.com/sentinel-2-c1-l2a/49/N/DG/2025/5/S2C_T49NDG_20250503T031032_L2A/SCL.tif,[]
MGRS-49NDG,S2C_T49NDG_20250729T025606_L2A,2025-07-29,32649,10,20,sampled_accepted,25,16,0,9,https://e84-earth-search-sentinel-data.s3.us-west-2.amazonaws.com/sentinel-2-c1-l2a/49/N/DG/2025/7/S2C_T49NDG_20250729T025606_L2A/TCI.tif,https://e84-earth-search-sentinel-data.s3.us-west-2.amazonaws.com/sentinel-2-c1-l2a/49/N/DG/2025/7/S2C_T49NDG_20250729T025606_L2A/SCL.tif,[]
MGRS-49NDG,S2C_T49NDG_20250808T030524_L2A,2025-08-08,32649,10,20,sampled_accepted,25,16,0,9,https://e84-earth-search-sentinel-data.s3.us-west-2.amazonaws.com/sentinel-2-c1-l2a/49/N/DG/2025/8/S2C_T49NDG_20250808T030524_L2A/TCI.tif,https://e84-earth-search-sentinel-data.s3.us-west-2.amazonaws.com/sentinel-2-c1-l2a/49/N/DG/2025/8/S2C_T49NDG_20250808T030524_L2A/SCL.tif,[]
MGRS-49NDH,S2C_T49NDH_20250314T031425_L2A,2025-03-14,32649,10,20,sampled_accepted,25,19,0,6,https://e84-earth-search-sentinel-data.s3.us-west-2.amazonaws.com/sentinel-2-c1-l2a/49/N/DH/2025/3/S2C_T49NDH_20250314T031425_L2A/TCI.tif,https://e84-earth-search-sentinel-data.s3.us-west-2.amazonaws.com/sentinel-2-c1-l2a/49/N/DH/2025/3/S2C_T49NDH_20250314T031425_L2A/SCL.tif,[]
MGRS-49NDH,S2A_T49NDH_20250614T030150_L2A,2025-06-14,32649,10,20,sampled_accepted,25,19,0,6,https://e84-earth-search-sentinel-data.s3.us-west-2.amazonaws.com/sentinel-2-c1-l2a/49/N/DH/2025/6/S2A_T49NDH_20250614T030150_L2A/TCI.tif,https://e84-earth-search-sentinel-data.s3.us-west-2.amazonaws.com/sentinel-2-c1-l2a/49/N/DH/2025/6/S2A_T49NDH_20250614T030150_L2A/SCL.tif,[]
MGRS-49NDH,S2C_T49NDH_20250722T030548_L2A,2025-07-22,32649,10,20,sampled_accepted,25,19,0,6,https://e84-earth-search-sentinel-data.s3.us-west-2.amazonaws.com/sentinel-2-c1-l2a/49/N/DH/2025/7/S2C_T49NDH_20250722T030548_L2A/TCI.tif,https://e84-earth-search-sentinel-data.s3.us-west-2.amazonaws.com/sentinel-2-c1-l2a/49/N/DH/2025/7/S2C_T49NDH_20250722T030548_L2A/SCL.tif,[]
MGRS-49NDJ,S2C_T49NDJ_20250314T031425_L2A,2025-03-14,32649,10,20,sampled_accepted,25,24,0,1,https://e84-earth-search-sentinel-data.s3.us-west-2.amazonaws.com/sentinel-2-c1-l2a/49/N/DJ/2025/3/S2C_T49NDJ_20250314T031425_L2A/TCI.tif,https://e84-earth-search-sentinel-data.s3.us-west-2.amazonaws.com/sentinel-2-c1-l2a/49/N/DJ/2025/3/S2C_T49NDJ_20250314T031425_L2A/SCL.tif,[]
MGRS-49NDJ,S2C_T49NDJ_20250513T031546_L2A,2025-05-13,32649,10,20,sampled_accepted,25,19,5,1,https://e84-earth-search-sentinel-data.s3.us-west-2.amazonaws.com/sentinel-2-c1-l2a/49/N/DJ/2025/5/S2C_T49NDJ_20250513T031546_L2A/TCI.tif,https://e84-earth-search-sentinel-data.s3.us-west-2.amazonaws.com/sentinel-2-c1-l2a/49/N/DJ/2025/5/S2C_T49NDJ_20250513T031546_L2A/SCL.tif,[]
MGRS-49NDJ,S2C_T49NDJ_20250722T030548_L2A,2025-07-22,32649,10,20,sampled_accepted,25,23,1,1,https://e84-earth-search-sentinel-data.s3.us-west-2.amazonaws.com/sentinel-2-c1-l2a/49/N/DJ/2025/7/S2C_T49NDJ_20250722T030548_L2A/TCI.tif,https://e84-earth-search-sentinel-data.s3.us-west-2.amazonaws.com/sentinel-2-c1-l2a/49/N/DJ/2025/7/S2C_T49NDJ_20250722T030548_L2A/SCL.tif,[]
MGRS-49NED,S2C_T49NED_20250729T030652_L2A,2025-07-29,32649,10,20,sampled_accepted,25,23,2,0,https://e84-earth-search-sentinel-data.s3.us-west-2.amazonaws.com/sentinel-2-c1-l2a/49/N/ED/2025/7/S2C_T49NED_20250729T030652_L2A/TCI.tif,https://e84-earth-search-sentinel-data.s3.us-west-2.amazonaws.com/sentinel-2-c1-l2a/49/N/ED/2025/7/S2C_T49NED_20250729T030652_L2A/SCL.tif,[]
MGRS-49NED,S2B_T49NED_20251002T030201_L2A,2025-10-02,32649,10,20,sampled_accepted,25,23,2,0,https://e84-earth-search-sentinel-data.s3.us-west-2.amazonaws.com/sentinel-2-c1-l2a/49/N/ED/2025/10/S2B_T49NED_20251002T030201_L2A/TCI.tif,https://e84-earth-search-sentinel-data.s3.us-west-2.amazonaws.com/sentinel-2-c1-l2a/49/N/ED/2025/10/S2B_T49NED_20251002T030201_L2A/SCL.tif,[]
MGRS-49NED,S2B_T49NED_20251101T030321_L2A,2025-11-01,32649,10,20,sampled_accepted,25,21,4,0,https://e84-earth-search-sentinel-data.s3.us-west-2.amazonaws.com/sentinel-2-c1-l2a/49/N/ED/2025/11/S2B_T49NED_20251101T030321_L2A/TCI.tif,https://e84-earth-search-sentinel-data.s3.us-west-2.amazonaws.com/sentinel-2-c1-l2a/49/N/ED/2025/11/S2B_T49NED_20251101T030321_L2A/SCL.tif,[]
MGRS-49NEE,S2B_T49NEE_20250614T030305_L2A,2025-06-14,32649,10,20,sampled_accepted,25,25,0,0,https://e84-earth-search-sentinel-data.s3.us-west-2.amazonaws.com/sentinel-2-c1-l2a/49/N/EE/2025/6/S2B_T49NEE_20250614T030305_L2A/TCI.tif,https://e84-earth-search-sentinel-data.s3.us-west-2.amazonaws.com/sentinel-2-c1-l2a/49/N/EE/2025/6/S2B_T49NEE_20250614T030305_L2A/SCL.tif,[]
MGRS-49NEE,S2A_T49NEE_20250721T025155_L2A,2025-07-21,32649,10,20,sampled_accepted,25,25,0,0,https://e84-earth-search-sentinel-data.s3.us-west-2.amazonaws.com/sentinel-2-c1-l2a/49/N/EE/2025/7/S2A_T49NEE_20250721T025155_L2A/TCI.tif,https://e84-earth-search-sentinel-data.s3.us-west-2.amazonaws.com/sentinel-2-c1-l2a/49/N/EE/2025/7/S2A_T49NEE_20250721T025155_L2A/SCL.tif,[]
MGRS-49NEE,S2B_T49NEE_20251002T030201_L2A,2025-10-02,32649,10,20,sampled_accepted,25,25,0,0,https://e84-earth-search-sentinel-data.s3.us-west-2.amazonaws.com/sentinel-2-c1-l2a/49/N/EE/2025/10/S2B_T49NEE_20251002T030201_L2A/TCI.tif,https://e84-earth-search-sentinel-data.s3.us-west-2.amazonaws.com/sentinel-2-c1-l2a/49/N/EE/2025/10/S2B_T49NEE_20251002T030201_L2A/SCL.tif,[]
MGRS-49NEF,S2B_T49NEF_20250614T030305_L2A,2025-06-14,32649,10,20,sampled_accepted,25,25,0,0,https://e84-earth-search-sentinel-data.s3.us-west-2.amazonaws.com/sentinel-2-c1-l2a/49/N/EF/2025/6/S2B_T49NEF_20250614T030305_L2A/TCI.tif,https://e84-earth-search-sentinel-data.s3.us-west-2.amazonaws.com/sentinel-2-c1-l2a/49/N/EF/2025/6/S2B_T49NEF_20250614T030305_L2A/SCL.tif,[]
MGRS-49NEF,S2B_T49NEF_20250624T030344_L2A,2025-06-24,32649,10,20,sampled_accepted,25,25,0,0,https://e84-earth-search-sentinel-data.s3.us-west-2.amazonaws.com/sentinel-2-c1-l2a/49/N/EF/2025/6/S2B_T49NEF_20250624T030344_L2A/TCI.tif,https://e84-earth-search-sentinel-data.s3.us-west-2.amazonaws.com/sentinel-2-c1-l2a/49/N/EF/2025/6/S2B_T49NEF_20250624T030344_L2A/SCL.tif,[]
MGRS-49NEF,S2A_T49NEF_20250721T025155_L2A,2025-07-21,32649,10,20,sampled_accepted,25,24,1,0,https://e84-earth-search-sentinel-data.s3.us-west-2.amazonaws.com/sentinel-2-c1-l2a/49/N/EF/2025/7/S2A_T49NEF_20250721T025155_L2A/TCI.tif,https://e84-earth-search-sentinel-data.s3.us-west-2.amazonaws.com/sentinel-2-c1-l2a/49/N/EF/2025/7/S2A_T49NEF_20250721T025155_L2A/SCL.tif,[]
MGRS-49NEG,S2B_T49NEG_20250624T030344_L2A,2025-06-24,32649,10,20,sampled_accepted,25,25,0,0,https://e84-earth-search-sentinel-data.s3.us-west-2.amazonaws.com/sentinel-2-c1-l2a/49/N/EG/2025/6/S2B_T49NEG_20250624T030344_L2A/TCI.tif,https://e84-earth-search-sentinel-data.s3.us-west-2.amazonaws.com/sentinel-2-c1-l2a/49/N/EG/2025/6/S2B_T49NEG_20250624T030344_L2A/SCL.tif,[]
MGRS-49NEG,S2C_T49NEG_20250729T025606_L2A,2025-07-29,32649,10,20,sampled_accepted,25,25,0,0,https://e84-earth-search-sentinel-data.s3.us-west-2.amazonaws.com/sentinel-2-c1-l2a/49/N/EG/2025/7/S2C_T49NEG_20250729T025606_L2A/TCI.tif,https://e84-earth-search-sentinel-data.s3.us-west-2.amazonaws.com/sentinel-2-c1-l2a/49/N/EG/2025/7/S2C_T49NEG_20250729T025606_L2A/SCL.tif,[]
MGRS-49NEG,S2B_T49NEG_20251101T030321_L2A,2025-11-01,32649,10,20,sampled_accepted,25,25,0,0,https://e84-earth-search-sentinel-data.s3.us-west-2.amazonaws.com/sentinel-2-c1-l2a/49/N/EG/2025/11/S2B_T49NEG_20251101T030321_L2A/TCI.tif,https://e84-earth-search-sentinel-data.s3.us-west-2.amazonaws.com/sentinel-2-c1-l2a/49/N/EG/2025/11/S2B_T49NEG_20251101T030321_L2A/SCL.tif,[]
MGRS-49NEH,S2C_T49NEH_20250729T025606_L2A,2025-07-29,32649,10,20,sampled_accepted,25,24,1,0,https://e84-earth-search-sentinel-data.s3.us-west-2.amazonaws.com/sentinel-2-c1-l2a/49/N/EH/2025/7/S2C_T49NEH_20250729T025606_L2A/TCI.tif,https://e84-earth-search-sentinel-data.s3.us-west-2.amazonaws.com/sentinel-2-c1-l2a/49/N/EH/2025/7/S2C_T49NEH_20250729T025606_L2A/SCL.tif,[]
MGRS-49NEH,S2C_T49NEH_20250808T030524_L2A,2025-08-08,32649,10,20,sampled_accepted,25,24,1,0,https://e84-earth-search-sentinel-data.s3.us-west-2.amazonaws.com/sentinel-2-c1-l2a/49/N/EH/2025/8/S2C_T49NEH_20250808T030524_L2A/TCI.tif,https://e84-earth-search-sentinel-data.s3.us-west-2.amazonaws.com/sentinel-2-c1-l2a/49/N/EH/2025/8/S2C_T49NEH_20250808T030524_L2A/SCL.tif,[]
MGRS-49NEH,S2B_T49NEH_20251002T030201_L2A,2025-10-02,32649,10,20,sampled_accepted,25,24,1,0,https://e84-earth-search-sentinel-data.s3.us-west-2.amazonaws.com/sentinel-2-c1-l2a/49/N/EH/2025/10/S2B_T49NEH_20251002T030201_L2A/TCI.tif,https://e84-earth-search-sentinel-data.s3.us-west-2.amazonaws.com/sentinel-2-c1-l2a/49/N/EH/2025/10/S2B_T49NEH_20251002T030201_L2A/SCL.tif,[]
MGRS-49NEJ,S2B_T49NEJ_20250624T030344_L2A,2025-06-24,32649,10,20,sampled_accepted,25,23,2,0,https://e84-earth-search-sentinel-data.s3.us-west-2.amazonaws.com/sentinel-2-c1-l2a/49/N/EJ/2025/6/S2B_T49NEJ_20250624T030344_L2A/TCI.tif,https://e84-earth-search-sentinel-data.s3.us-west-2.amazonaws.com/sentinel-2-c1-l2a/49/N/EJ/2025/6/S2B_T49NEJ_20250624T030344_L2A/SCL.tif,[]
MGRS-49NEJ,S2C_T49NEJ_20250629T025827_L2A,2025-06-29,32649,10,20,sampled_accepted,25,25,0,0,https://e84-earth-search-sentinel-data.s3.us-west-2.amazonaws.com/sentinel-2-c1-l2a/49/N/EJ/2025/6/S2C_T49NEJ_20250629T025827_L2A/TCI.tif,https://e84-earth-search-sentinel-data.s3.us-west-2.amazonaws.com/sentinel-2-c1-l2a/49/N/EJ/2025/6/S2C_T49NEJ_20250629T025827_L2A/SCL.tif,[]
MGRS-49NEJ,S2B_T49NEJ_20251002T030201_L2A,2025-10-02,32649,10,20,sampled_accepted,25,24,1,0,https://e84-earth-search-sentinel-data.s3.us-west-2.amazonaws.com/sentinel-2-c1-l2a/49/N/EJ/2025/10/S2B_T49NEJ_20251002T030201_L2A/TCI.tif,https://e84-earth-search-sentinel-data.s3.us-west-2.amazonaws.com/sentinel-2-c1-l2a/49/N/EJ/2025/10/S2B_T49NEJ_20251002T030201_L2A/SCL.tif,[]
MGRS-49NFD,S2B_T49NFD_20250624T030344_L2A,2025-06-24,32649,10,20,sampled_accepted,25,14,3,8,https://e84-earth-search-sentinel-data.s3.us-west-2.amazonaws.com/sentinel-2-c1-l2a/49/N/FD/2025/6/S2B_T49NFD_20250624T030344_L2A/TCI.tif,https://e84-earth-search-sentinel-data.s3.us-west-2.amazonaws.com/sentinel-2-c1-l2a/49/N/FD/2025/6/S2B_T49NFD_20250624T030344_L2A/SCL.tif,[]
MGRS-49NFD,S2C_T49NFD_20250709T025811_L2A,2025-07-09,32649,10,20,sampled_accepted,25,12,5,8,https://e84-earth-search-sentinel-data.s3.us-west-2.amazonaws.com/sentinel-2-c1-l2a/49/N/FD/2025/7/S2C_T49NFD_20250709T025811_L2A/TCI.tif,https://e84-earth-search-sentinel-data.s3.us-west-2.amazonaws.com/sentinel-2-c1-l2a/49/N/FD/2025/7/S2C_T49NFD_20250709T025811_L2A/SCL.tif,[]
MGRS-49NFD,S2C_T49NFD_20250729T030652_L2A,2025-07-29,32649,10,20,sampled_accepted,25,14,3,8,https://e84-earth-search-sentinel-data.s3.us-west-2.amazonaws.com/sentinel-2-c1-l2a/49/N/FD/2025/7/S2C_T49NFD_20250729T030652_L2A/TCI.tif,https://e84-earth-search-sentinel-data.s3.us-west-2.amazonaws.com/sentinel-2-c1-l2a/49/N/FD/2025/7/S2C_T49NFD_20250729T030652_L2A/SCL.tif,[]
MGRS-49NFE,S2B_T49NFE_20250614T030305_L2A,2025-06-14,32649,10,20,sampled_accepted,25,22,0,3,https://e84-earth-search-sentinel-data.s3.us-west-2.amazonaws.com/sentinel-2-c1-l2a/49/N/FE/2025/6/S2B_T49NFE_20250614T030305_L2A/TCI.tif,https://e84-earth-search-sentinel-data.s3.us-west-2.amazonaws.com/sentinel-2-c1-l2a/49/N/FE/2025/6/S2B_T49NFE_20250614T030305_L2A/SCL.tif,[]
MGRS-49NFE,S2B_T49NFE_20250624T030344_L2A,2025-06-24,32649,10,20,sampled_accepted,25,22,0,3,https://e84-earth-search-sentinel-data.s3.us-west-2.amazonaws.com/sentinel-2-c1-l2a/49/N/FE/2025/6/S2B_T49NFE_20250624T030344_L2A/TCI.tif,https://e84-earth-search-sentinel-data.s3.us-west-2.amazonaws.com/sentinel-2-c1-l2a/49/N/FE/2025/6/S2B_T49NFE_20250624T030344_L2A/SCL.tif,[]
MGRS-49NFE,S2B_T49NFE_20251101T030321_L2A,2025-11-01,32649,10,20,sampled_accepted,25,19,3,3,https://e84-earth-search-sentinel-data.s3.us-west-2.amazonaws.com/sentinel-2-c1-l2a/49/N/FE/2025/11/S2B_T49NFE_20251101T030321_L2A/TCI.tif,https://e84-earth-search-sentinel-data.s3.us-west-2.amazonaws.com/sentinel-2-c1-l2a/49/N/FE/2025/11/S2B_T49NFE_20251101T030321_L2A/SCL.tif,[]
MGRS-49NFF,S2A_T49NFF_20250522T025152_L2A,2025-05-22,32649,10,20,sampled_accepted,25,24,1,0,https://e84-earth-search-sentinel-data.s3.us-west-2.amazonaws.com/sentinel-2-c1-l2a/49/N/FF/2025/5/S2A_T49NFF_20250522T025152_L2A/TCI.tif,https://e84-earth-search-sentinel-data.s3.us-west-2.amazonaws.com/sentinel-2-c1-l2a/49/N/FF/2025/5/S2A_T49NFF_20250522T025152_L2A/SCL.tif,[]
MGRS-49NFF,S2B_T49NFF_20250614T030305_L2A,2025-06-14,32649,10,20,sampled_accepted,25,25,0,0,https://e84-earth-search-sentinel-data.s3.us-west-2.amazonaws.com/sentinel-2-c1-l2a/49/N/FF/2025/6/S2B_T49NFF_20250614T030305_L2A/TCI.tif,https://e84-earth-search-sentinel-data.s3.us-west-2.amazonaws.com/sentinel-2-c1-l2a/49/N/FF/2025/6/S2B_T49NFF_20250614T030305_L2A/SCL.tif,[]
MGRS-49NFF,S2B_T49NFF_20250624T030344_L2A,2025-06-24,32649,10,20,sampled_accepted,25,25,0,0,https://e84-earth-search-sentinel-data.s3.us-west-2.amazonaws.com/sentinel-2-c1-l2a/49/N/FF/2025/6/S2B_T49NFF_20250624T030344_L2A/TCI.tif,https://e84-earth-search-sentinel-data.s3.us-west-2.amazonaws.com/sentinel-2-c1-l2a/49/N/FF/2025/6/S2B_T49NFF_20250624T030344_L2A/SCL.tif,[]
MGRS-49NFG,S2B_T49NFG_20250614T030305_L2A,2025-06-14,32649,10,20,sampled_accepted,25,25,0,0,https://e84-earth-search-sentinel-data.s3.us-west-2.amazonaws.com/sentinel-2-c1-l2a/49/N/FG/2025/6/S2B_T49NFG_20250614T030305_L2A/TCI.tif,https://e84-earth-search-sentinel-data.s3.us-west-2.amazonaws.com/sentinel-2-c1-l2a/49/N/FG/2025/6/S2B_T49NFG_20250614T030305_L2A/SCL.tif,[]
MGRS-49NFG,S2B_T49NFG_20250624T030344_L2A,2025-06-24,32649,10,20,sampled_accepted,25,25,0,0,https://e84-earth-search-sentinel-data.s3.us-west-2.amazonaws.com/sentinel-2-c1-l2a/49/N/FG/2025/6/S2B_T49NFG_20250624T030344_L2A/TCI.tif,https://e84-earth-search-sentinel-data.s3.us-west-2.amazonaws.com/sentinel-2-c1-l2a/49/N/FG/2025/6/S2B_T49NFG_20250624T030344_L2A/SCL.tif,[]
MGRS-49NFG,S2C_T49NFG_20250729T025606_L2A,2025-07-29,32649,10,20,sampled_accepted,25,24,1,0,https://e84-earth-search-sentinel-data.s3.us-west-2.amazonaws.com/sentinel-2-c1-l2a/49/N/FG/2025/7/S2C_T49NFG_20250729T025606_L2A/TCI.tif,https://e84-earth-search-sentinel-data.s3.us-west-2.amazonaws.com/sentinel-2-c1-l2a/49/N/FG/2025/7/S2C_T49NFG_20250729T025606_L2A/SCL.tif,[]
MGRS-49NFH,S2B_T49NFH_20250624T030344_L2A,2025-06-24,32649,10,20,sampled_accepted,25,25,0,0,https://e84-earth-search-sentinel-data.s3.us-west-2.amazonaws.com/sentinel-2-c1-l2a/49/N/FH/2025/6/S2B_T49NFH_20250624T030344_L2A/TCI.tif,https://e84-earth-search-sentinel-data.s3.us-west-2.amazonaws.com/sentinel-2-c1-l2a/49/N/FH/2025/6/S2B_T49NFH_20250624T030344_L2A/SCL.tif,[]
MGRS-49NFH,S2C_T49NFH_20250729T025606_L2A,2025-07-29,32649,10,20,sampled_accepted,25,25,0,0,https://e84-earth-search-sentinel-data.s3.us-west-2.amazonaws.com/sentinel-2-c1-l2a/49/N/FH/2025/7/S2C_T49NFH_20250729T025606_L2A/TCI.tif,https://e84-earth-search-sentinel-data.s3.us-west-2.amazonaws.com/sentinel-2-c1-l2a/49/N/FH/2025/7/S2C_T49NFH_20250729T025606_L2A/SCL.tif,[]
MGRS-49NFH,S2C_T49NFH_20250808T030524_L2A,2025-08-08,32649,10,20,sampled_accepted,25,25,0,0,https://e84-earth-search-sentinel-data.s3.us-west-2.amazonaws.com/sentinel-2-c1-l2a/49/N/FH/2025/8/S2C_T49NFH_20250808T030524_L2A/TCI.tif,https://e84-earth-search-sentinel-data.s3.us-west-2.amazonaws.com/sentinel-2-c1-l2a/49/N/FH/2025/8/S2C_T49NFH_20250808T030524_L2A/SCL.tif,[]
MGRS-49NFJ,S2B_T49NFJ_20250614T030305_L2A,2025-06-14,32649,10,20,sampled_accepted,25,23,2,0,https://e84-earth-search-sentinel-data.s3.us-west-2.amazonaws.com/sentinel-2-c1-l2a/49/N/FJ/2025/6/S2B_T49NFJ_20250614T030305_L2A/TCI.tif,https://e84-earth-search-sentinel-data.s3.us-west-2.amazonaws.com/sentinel-2-c1-l2a/49/N/FJ/2025/6/S2B_T49NFJ_20250614T030305_L2A/SCL.tif,[]
MGRS-49NFJ,S2B_T49NFJ_20250624T030344_L2A,2025-06-24,32649,10,20,sampled_accepted,25,23,2,0,https://e84-earth-search-sentinel-data.s3.us-west-2.amazonaws.com/sentinel-2-c1-l2a/49/N/FJ/2025/6/S2B_T49NFJ_20250624T030344_L2A/TCI.tif,https://e84-earth-search-sentinel-data.s3.us-west-2.amazonaws.com/sentinel-2-c1-l2a/49/N/FJ/2025/6/S2B_T49NFJ_20250624T030344_L2A/SCL.tif,[]
MGRS-49NFJ,S2B_T49NFJ_20251002T030201_L2A,2025-10-02,32649,10,20,sampled_accepted,25,25,0,0,https://e84-earth-search-sentinel-data.s3.us-west-2.amazonaws.com/sentinel-2-c1-l2a/49/N/FJ/2025/10/S2B_T49NFJ_20251002T030201_L2A/TCI.tif,https://e84-earth-search-sentinel-data.s3.us-west-2.amazonaws.com/sentinel-2-c1-l2a/49/N/FJ/2025/10/S2B_T49NFJ_20251002T030201_L2A/SCL.tif,[]
MGRS-49NGD,S2B_T49NGD_20250313T025422_L2A,2025-03-13,32649,10,20,sampled_accepted,25,24,1,0,https://e84-earth-search-sentinel-data.s3.us-west-2.amazonaws.com/sentinel-2-c1-l2a/49/N/GD/2025/3/S2B_T49NGD_20250313T025422_L2A/TCI.tif,https://e84-earth-search-sentinel-data.s3.us-west-2.amazonaws.com/sentinel-2-c1-l2a/49/N/GD/2025/3/S2B_T49NGD_20250313T025422_L2A/SCL.tif,[]
MGRS-49NGD,S2A_T49NGD_20250519T025103_L2A,2025-05-19,32649,10,20,sampled_accepted,25,21,4,0,https://e84-earth-search-sentinel-data.s3.us-west-2.amazonaws.com/sentinel-2-c1-l2a/49/N/GD/2025/5/S2A_T49NGD_20250519T025103_L2A/TCI.tif,https://e84-earth-search-sentinel-data.s3.us-west-2.amazonaws.com/sentinel-2-c1-l2a/49/N/GD/2025/5/S2A_T49NGD_20250519T025103_L2A/SCL.tif,[]
MGRS-49NGD,S2C_T49NGD_20250726T024837_L2A,2025-07-26,32649,10,20,sampled_accepted,25,18,7,0,https://e84-earth-search-sentinel-data.s3.us-west-2.amazonaws.com/sentinel-2-c1-l2a/49/N/GD/2025/7/S2C_T49NGD_20250726T024837_L2A/TCI.tif,https://e84-earth-search-sentinel-data.s3.us-west-2.amazonaws.com/sentinel-2-c1-l2a/49/N/GD/2025/7/S2C_T49NGD_20250726T024837_L2A/SCL.tif,[]
MGRS-49NGE,S2B_T49NGE_20250313T025422_L2A,2025-03-13,32649,10,20,sampled_accepted,25,25,0,0,https://e84-earth-search-sentinel-data.s3.us-west-2.amazonaws.com/sentinel-2-c1-l2a/49/N/GE/2025/3/S2B_T49NGE_20250313T025422_L2A/TCI.tif,https://e84-earth-search-sentinel-data.s3.us-west-2.amazonaws.com/sentinel-2-c1-l2a/49/N/GE/2025/3/S2B_T49NGE_20250313T025422_L2A/SCL.tif,[]
MGRS-49NGE,S2B_T49NGE_20250909T025310_L2A,2025-09-09,32649,10,20,sampled_accepted,25,21,4,0,https://e84-earth-search-sentinel-data.s3.us-west-2.amazonaws.com/sentinel-2-c1-l2a/49/N/GE/2025/9/S2B_T49NGE_20250909T025310_L2A/TCI.tif,https://e84-earth-search-sentinel-data.s3.us-west-2.amazonaws.com/sentinel-2-c1-l2a/49/N/GE/2025/9/S2B_T49NGE_20250909T025310_L2A/SCL.tif,[]
MGRS-49NGE,S2C_T49NGE_20251014T024926_L2A,2025-10-14,32649,10,20,sampled_accepted,25,22,3,0,https://e84-earth-search-sentinel-data.s3.us-west-2.amazonaws.com/sentinel-2-c1-l2a/49/N/GE/2025/10/S2C_T49NGE_20251014T024926_L2A/TCI.tif,https://e84-earth-search-sentinel-data.s3.us-west-2.amazonaws.com/sentinel-2-c1-l2a/49/N/GE/2025/10/S2C_T49NGE_20251014T024926_L2A/SCL.tif,[]
MGRS-49NGF,S2B_T49NGF_20250313T025422_L2A,2025-03-13,32649,10,20,sampled_accepted,25,22,3,0,https://e84-earth-search-sentinel-data.s3.us-west-2.amazonaws.com/sentinel-2-c1-l2a/49/N/GF/2025/3/S2B_T49NGF_20250313T025422_L2A/TCI.tif,https://e84-earth-search-sentinel-data.s3.us-west-2.amazonaws.com/sentinel-2-c1-l2a/49/N/GF/2025/3/S2B_T49NGF_20250313T025422_L2A/SCL.tif,[]
MGRS-49NGF,S2B_T49NGF_20250522T025331_L2A,2025-05-22,32649,10,20,sampled_accepted,25,24,1,0,https://e84-earth-search-sentinel-data.s3.us-west-2.amazonaws.com/sentinel-2-c1-l2a/49/N/GF/2025/5/S2B_T49NGF_20250522T025331_L2A/TCI.tif,https://e84-earth-search-sentinel-data.s3.us-west-2.amazonaws.com/sentinel-2-c1-l2a/49/N/GF/2025/5/S2B_T49NGF_20250522T025331_L2A/SCL.tif,[]
MGRS-49NGF,S2C_T49NGF_20251014T024926_L2A,2025-10-14,32649,10,20,sampled_accepted,25,24,1,0,https://e84-earth-search-sentinel-data.s3.us-west-2.amazonaws.com/sentinel-2-c1-l2a/49/N/GF/2025/10/S2C_T49NGF_20251014T024926_L2A/TCI.tif,https://e84-earth-search-sentinel-data.s3.us-west-2.amazonaws.com/sentinel-2-c1-l2a/49/N/GF/2025/10/S2C_T49NGF_20251014T024926_L2A/SCL.tif,[]
MGRS-49NGG,S2B_T49NGG_20250522T025331_L2A,2025-05-22,32649,10,20,sampled_accepted,25,18,3,4,https://e84-earth-search-sentinel-data.s3.us-west-2.amazonaws.com/sentinel-2-c1-l2a/49/N/GG/2025/5/S2B_T49NGG_20250522T025331_L2A/TCI.tif,https://e84-earth-search-sentinel-data.s3.us-west-2.amazonaws.com/sentinel-2-c1-l2a/49/N/GG/2025/5/S2B_T49NGG_20250522T025331_L2A/SCL.tif,[]
MGRS-49NGG,S2B_T49NGG_20250731T025110_L2A,2025-07-31,32649,10,20,sampled_accepted,25,19,2,4,https://e84-earth-search-sentinel-data.s3.us-west-2.amazonaws.com/sentinel-2-c1-l2a/49/N/GG/2025/7/S2B_T49NGG_20250731T025110_L2A/TCI.tif,https://e84-earth-search-sentinel-data.s3.us-west-2.amazonaws.com/sentinel-2-c1-l2a/49/N/GG/2025/7/S2B_T49NGG_20250731T025110_L2A/SCL.tif,[]
MGRS-49NGG,S2C_T49NGG_20251103T024514_L2A,2025-11-03,32649,10,20,sampled_accepted,25,20,1,4,https://e84-earth-search-sentinel-data.s3.us-west-2.amazonaws.com/sentinel-2-c1-l2a/49/N/GG/2025/11/S2C_T49NGG_20251103T024514_L2A/TCI.tif,https://e84-earth-search-sentinel-data.s3.us-west-2.amazonaws.com/sentinel-2-c1-l2a/49/N/GG/2025/11/S2C_T49NGG_20251103T024514_L2A/SCL.tif,[]
MGRS-49NGH,S2C_T49NGH_20250328T024711_L2A,2025-03-28,32649,10,20,sampled_accepted,25,16,0,9,https://e84-earth-search-sentinel-data.s3.us-west-2.amazonaws.com/sentinel-2-c1-l2a/49/N/GH/2025/3/S2C_T49NGH_20250328T024711_L2A/TCI.tif,https://e84-earth-search-sentinel-data.s3.us-west-2.amazonaws.com/sentinel-2-c1-l2a/49/N/GH/2025/3/S2C_T49NGH_20250328T024711_L2A/SCL.tif,[]
MGRS-49NGH,S2B_T49NGH_20250614T030305_L2A,2025-06-14,32649,10,20,sampled_accepted,25,14,0,11,https://e84-earth-search-sentinel-data.s3.us-west-2.amazonaws.com/sentinel-2-c1-l2a/49/N/GH/2025/6/S2B_T49NGH_20250614T030305_L2A/TCI.tif,https://e84-earth-search-sentinel-data.s3.us-west-2.amazonaws.com/sentinel-2-c1-l2a/49/N/GH/2025/6/S2B_T49NGH_20250614T030305_L2A/SCL.tif,[]
MGRS-49NGH,S2C_T49NGH_20251103T024514_L2A,2025-11-03,32649,10,20,sampled_accepted,25,16,0,9,https://e84-earth-search-sentinel-data.s3.us-west-2.amazonaws.com/sentinel-2-c1-l2a/49/N/GH/2025/11/S2C_T49NGH_20251103T024514_L2A/TCI.tif,https://e84-earth-search-sentinel-data.s3.us-west-2.amazonaws.com/sentinel-2-c1-l2a/49/N/GH/2025/11/S2C_T49NGH_20251103T024514_L2A/SCL.tif,[]
MGRS-49NGJ,S2B_T49NGJ_20250214T030256_L2A,2025-02-14,32649,10,20,sampled_accepted,25,18,1,6,https://e84-earth-search-sentinel-data.s3.us-west-2.amazonaws.com/sentinel-2-c1-l2a/49/N/GJ/2025/2/S2B_T49NGJ_20250214T030256_L2A/TCI.tif,https://e84-earth-search-sentinel-data.s3.us-west-2.amazonaws.com/sentinel-2-c1-l2a/49/N/GJ/2025/2/S2B_T49NGJ_20250214T030256_L2A/SCL.tif,[]
MGRS-49NGJ,S2B_T49NGJ_20250614T030305_L2A,2025-06-14,32649,10,20,sampled_accepted,25,17,2,6,https://e84-earth-search-sentinel-data.s3.us-west-2.amazonaws.com/sentinel-2-c1-l2a/49/N/GJ/2025/6/S2B_T49NGJ_20250614T030305_L2A/TCI.tif,https://e84-earth-search-sentinel-data.s3.us-west-2.amazonaws.com/sentinel-2-c1-l2a/49/N/GJ/2025/6/S2B_T49NGJ_20250614T030305_L2A/SCL.tif,[]
MGRS-49NGJ,S2B_T49NGJ_20250624T030344_L2A,2025-06-24,32649,10,20,sampled_accepted,25,19,0,6,https://e84-earth-search-sentinel-data.s3.us-west-2.amazonaws.com/sentinel-2-c1-l2a/49/N/GJ/2025/6/S2B_T49NGJ_20250624T030344_L2A/TCI.tif,https://e84-earth-search-sentinel-data.s3.us-west-2.amazonaws.com/sentinel-2-c1-l2a/49/N/GJ/2025/6/S2B_T49NGJ_20250624T030344_L2A/SCL.tif,[]
MGRS-49NHD,S2B_T49NHD_20250313T025422_L2A,2025-03-13,32649,10,20,sampled_accepted,25,18,7,0,https://e84-earth-search-sentinel-data.s3.us-west-2.amazonaws.com/sentinel-2-c1-l2a/49/N/HD/2025/3/S2B_T49NHD_20250313T025422_L2A/TCI.tif,https://e84-earth-search-sentinel-data.s3.us-west-2.amazonaws.com/sentinel-2-c1-l2a/49/N/HD/2025/3/S2B_T49NHD_20250313T025422_L2A/SCL.tif,[]
MGRS-49NHD,S2B_T49NHD_20250701T025108_L2A,2025-07-01,32649,10,20,sampled_accepted,25,22,3,0,https://e84-earth-search-sentinel-data.s3.us-west-2.amazonaws.com/sentinel-2-c1-l2a/49/N/HD/2025/7/S2B_T49NHD_20250701T025108_L2A/TCI.tif,https://e84-earth-search-sentinel-data.s3.us-west-2.amazonaws.com/sentinel-2-c1-l2a/49/N/HD/2025/7/S2B_T49NHD_20250701T025108_L2A/SCL.tif,[]
MGRS-49NHD,S2C_T49NHD_20250726T024837_L2A,2025-07-26,32649,10,20,sampled_accepted,25,23,2,0,https://e84-earth-search-sentinel-data.s3.us-west-2.amazonaws.com/sentinel-2-c1-l2a/49/N/HD/2025/7/S2C_T49NHD_20250726T024837_L2A/TCI.tif,https://e84-earth-search-sentinel-data.s3.us-west-2.amazonaws.com/sentinel-2-c1-l2a/49/N/HD/2025/7/S2C_T49NHD_20250726T024837_L2A/SCL.tif,[]
MGRS-49NHE,S2B_T49NHE_20250313T025422_L2A,2025-03-13,32649,10,20,sampled_accepted,25,14,11,0,https://e84-earth-search-sentinel-data.s3.us-west-2.amazonaws.com/sentinel-2-c1-l2a/49/N/HE/2025/3/S2B_T49NHE_20250313T025422_L2A/TCI.tif,https://e84-earth-search-sentinel-data.s3.us-west-2.amazonaws.com/sentinel-2-c1-l2a/49/N/HE/2025/3/S2B_T49NHE_20250313T025422_L2A/SCL.tif,[]
MGRS-49NHE,S2A_T49NHE_20250409T024141_L2A,2025-04-09,32649,10,20,sampled_accepted,25,19,6,0,https://e84-earth-search-sentinel-data.s3.us-west-2.amazonaws.com/sentinel-2-c1-l2a/49/N/HE/2025/4/S2A_T49NHE_20250409T024141_L2A/TCI.tif,https://e84-earth-search-sentinel-data.s3.us-west-2.amazonaws.com/sentinel-2-c1-l2a/49/N/HE/2025/4/S2A_T49NHE_20250409T024141_L2A/SCL.tif,[]
MGRS-49NHE,S2B_T49NHE_20250909T025310_L2A,2025-09-09,32649,10,20,sampled_accepted,25,21,4,0,https://e84-earth-search-sentinel-data.s3.us-west-2.amazonaws.com/sentinel-2-c1-l2a/49/N/HE/2025/9/S2B_T49NHE_20250909T025310_L2A/TCI.tif,https://e84-earth-search-sentinel-data.s3.us-west-2.amazonaws.com/sentinel-2-c1-l2a/49/N/HE/2025/9/S2B_T49NHE_20250909T025310_L2A/SCL.tif,[]
MGRS-49NHF,S2B_T49NHF_20250313T025422_L2A,2025-03-13,32649,10,20,sampled_accepted,25,21,4,0,https://e84-earth-search-sentinel-data.s3.us-west-2.amazonaws.com/sentinel-2-c1-l2a/49/N/HF/2025/3/S2B_T49NHF_20250313T025422_L2A/TCI.tif,https://e84-earth-search-sentinel-data.s3.us-west-2.amazonaws.com/sentinel-2-c1-l2a/49/N/HF/2025/3/S2B_T49NHF_20250313T025422_L2A/SCL.tif,[]
MGRS-49NHF,S2C_T49NHF_20250427T025629_L2A,2025-04-27,32649,10,20,sampled_accepted,25,22,3,0,https://e84-earth-search-sentinel-data.s3.us-west-2.amazonaws.com/sentinel-2-c1-l2a/49/N/HF/2025/4/S2C_T49NHF_20250427T025629_L2A/TCI.tif,https://e84-earth-search-sentinel-data.s3.us-west-2.amazonaws.com/sentinel-2-c1-l2a/49/N/HF/2025/4/S2C_T49NHF_20250427T025629_L2A/SCL.tif,[]
MGRS-49NHF,S2B_T49NHF_20250909T025310_L2A,2025-09-09,32649,10,20,sampled_accepted,25,21,4,0,https://e84-earth-search-sentinel-data.s3.us-west-2.amazonaws.com/sentinel-2-c1-l2a/49/N/HF/2025/9/S2B_T49NHF_20250909T025310_L2A/TCI.tif,https://e84-earth-search-sentinel-data.s3.us-west-2.amazonaws.com/sentinel-2-c1-l2a/49/N/HF/2025/9/S2B_T49NHF_20250909T025310_L2A/SCL.tif,[]
MGRS-49NHG,S2B_T49NHG_20250522T025331_L2A,2025-05-22,32649,10,20,sampled_accepted,25,22,3,0,https://e84-earth-search-sentinel-data.s3.us-west-2.amazonaws.com/sentinel-2-c1-l2a/49/N/HG/2025/5/S2B_T49NHG_20250522T025331_L2A/TCI.tif,https://e84-earth-search-sentinel-data.s3.us-west-2.amazonaws.com/sentinel-2-c1-l2a/49/N/HG/2025/5/S2B_T49NHG_20250522T025331_L2A/SCL.tif,[]
MGRS-49NHG,S2B_T49NHG_20250919T025418_L2A,2025-09-19,32649,10,20,sampled_accepted,25,22,3,0,https://e84-earth-search-sentinel-data.s3.us-west-2.amazonaws.com/sentinel-2-c1-l2a/49/N/HG/2025/9/S2B_T49NHG_20250919T025418_L2A/TCI.tif,https://e84-earth-search-sentinel-data.s3.us-west-2.amazonaws.com/sentinel-2-c1-l2a/49/N/HG/2025/9/S2B_T49NHG_20250919T025418_L2A/SCL.tif,[]
MGRS-49NHG,S2C_T49NHG_20251014T024926_L2A,2025-10-14,32649,10,20,sampled_accepted,25,23,2,0,https://e84-earth-search-sentinel-data.s3.us-west-2.amazonaws.com/sentinel-2-c1-l2a/49/N/HG/2025/10/S2C_T49NHG_20251014T024926_L2A/TCI.tif,https://e84-earth-search-sentinel-data.s3.us-west-2.amazonaws.com/sentinel-2-c1-l2a/49/N/HG/2025/10/S2C_T49NHG_20251014T024926_L2A/SCL.tif,[]
MGRS-49NHH,S2C_T49NHH_20250328T024711_L2A,2025-03-28,32649,10,20,sampled_accepted,25,24,1,0,https://e84-earth-search-sentinel-data.s3.us-west-2.amazonaws.com/sentinel-2-c1-l2a/49/N/HH/2025/3/S2C_T49NHH_20250328T024711_L2A/TCI.tif,https://e84-earth-search-sentinel-data.s3.us-west-2.amazonaws.com/sentinel-2-c1-l2a/49/N/HH/2025/3/S2C_T49NHH_20250328T024711_L2A/SCL.tif,[]
MGRS-49NHH,S2B_T49NHH_20250731T025110_L2A,2025-07-31,32649,10,20,sampled_accepted,25,25,0,0,https://e84-earth-search-sentinel-data.s3.us-west-2.amazonaws.com/sentinel-2-c1-l2a/49/N/HH/2025/7/S2B_T49NHH_20250731T025110_L2A/TCI.tif,https://e84-earth-search-sentinel-data.s3.us-west-2.amazonaws.com/sentinel-2-c1-l2a/49/N/HH/2025/7/S2B_T49NHH_20250731T025110_L2A/SCL.tif,[]
MGRS-49NHH,S2A_T49NHH_20251016T024141_L2A,2025-10-16,32649,10,20,sampled_accepted,25,24,1,0,https://e84-earth-search-sentinel-data.s3.us-west-2.amazonaws.com/sentinel-2-c1-l2a/49/N/HH/2025/10/S2A_T49NHH_20251016T024141_L2A/TCI.tif,https://e84-earth-search-sentinel-data.s3.us-west-2.amazonaws.com/sentinel-2-c1-l2a/49/N/HH/2025/10/S2A_T49NHH_20251016T024141_L2A/SCL.tif,[]
MGRS-49NHJ,S2C_T49NHJ_20250216T025049_L2A,2025-02-16,32649,10,20,sampled_accepted,25,24,1,0,https://e84-earth-search-sentinel-data.s3.us-west-2.amazonaws.com/sentinel-2-c1-l2a/49/N/HJ/2025/2/S2C_T49NHJ_20250216T025049_L2A/TCI.tif,https://e84-earth-search-sentinel-data.s3.us-west-2.amazonaws.com/sentinel-2-c1-l2a/49/N/HJ/2025/2/S2C_T49NHJ_20250216T025049_L2A/SCL.tif,[]
MGRS-49NHJ,S2B_T49NHJ_20250303T025424_L2A,2025-03-03,32649,10,20,sampled_accepted,25,24,1,0,https://e84-earth-search-sentinel-data.s3.us-west-2.amazonaws.com/sentinel-2-c1-l2a/49/N/HJ/2025/3/S2B_T49NHJ_20250303T025424_L2A/TCI.tif,https://e84-earth-search-sentinel-data.s3.us-west-2.amazonaws.com/sentinel-2-c1-l2a/49/N/HJ/2025/3/S2B_T49NHJ_20250303T025424_L2A/SCL.tif,[]
MGRS-49NHJ,S2B_T49NHJ_20250313T025422_L2A,2025-03-13,32649,10,20,sampled_accepted,25,24,1,0,https://e84-earth-search-sentinel-data.s3.us-west-2.amazonaws.com/sentinel-2-c1-l2a/49/N/HJ/2025/3/S2B_T49NHJ_20250313T025422_L2A/TCI.tif,https://e84-earth-search-sentinel-data.s3.us-west-2.amazonaws.com/sentinel-2-c1-l2a/49/N/HJ/2025/3/S2B_T49NHJ_20250313T025422_L2A/SCL.tif,[]
MGRS-49PCK,S2A_T49PCK_20250505T031455_L2A,2025-05-05,32649,10,20,sampled_accepted,25,22,3,0,https://e84-earth-search-sentinel-data.s3.us-west-2.amazonaws.com/sentinel-2-c1-l2a/49/P/CK/2025/5/S2A_T49PCK_20250505T031455_L2A/TCI.tif,https://e84-earth-search-sentinel-data.s3.us-west-2.amazonaws.com/sentinel-2-c1-l2a/49/P/CK/2025/5/S2A_T49PCK_20250505T031455_L2A/SCL.tif,[]
MGRS-49PCK,S2B_T49PCK_20250508T031233_L2A,2025-05-08,32649,10,20,sampled_accepted,25,23,2,0,https://e84-earth-search-sentinel-data.s3.us-west-2.amazonaws.com/sentinel-2-c1-l2a/49/P/CK/2025/5/S2B_T49PCK_20250508T031233_L2A/TCI.tif,https://e84-earth-search-sentinel-data.s3.us-west-2.amazonaws.com/sentinel-2-c1-l2a/49/P/CK/2025/5/S2B_T49PCK_20250508T031233_L2A/SCL.tif,[]
MGRS-49PCK,S2C_T49PCK_20250801T030622_L2A,2025-08-01,32649,10,20,sampled_accepted,25,24,1,0,https://e84-earth-search-sentinel-data.s3.us-west-2.amazonaws.com/sentinel-2-c1-l2a/49/P/CK/2025/8/S2C_T49PCK_20250801T030622_L2A/TCI.tif,https://e84-earth-search-sentinel-data.s3.us-west-2.amazonaws.com/sentinel-2-c1-l2a/49/P/CK/2025/8/S2C_T49PCK_20250801T030622_L2A/SCL.tif,[]
MGRS-49PCL,S2C_T49PCL_20250314T031425_L2A,2025-03-14,32649,10,20,sampled_accepted,25,24,1,0,https://e84-earth-search-sentinel-data.s3.us-west-2.amazonaws.com/sentinel-2-c1-l2a/49/P/CL/2025/3/S2C_T49PCL_20250314T031425_L2A/TCI.tif,https://e84-earth-search-sentinel-data.s3.us-west-2.amazonaws.com/sentinel-2-c1-l2a/49/P/CL/2025/3/S2C_T49PCL_20250314T031425_L2A/SCL.tif,[]
MGRS-49PCL,S2C_T49PCL_20250910T031453_L2A,2025-09-10,32649,10,20,sampled_accepted,25,22,3,0,https://e84-earth-search-sentinel-data.s3.us-west-2.amazonaws.com/sentinel-2-c1-l2a/49/P/CL/2025/9/S2C_T49PCL_20250910T031453_L2A/TCI.tif,https://e84-earth-search-sentinel-data.s3.us-west-2.amazonaws.com/sentinel-2-c1-l2a/49/P/CL/2025/9/S2C_T49PCL_20250910T031453_L2A/SCL.tif,[]
MGRS-49PCL,S2C_T49PCL_20250930T031417_L2A,2025-09-30,32649,10,20,sampled_accepted,25,23,2,0,https://e84-earth-search-sentinel-data.s3.us-west-2.amazonaws.com/sentinel-2-c1-l2a/49/P/CL/2025/9/S2C_T49PCL_20250930T031417_L2A/TCI.tif,https://e84-earth-search-sentinel-data.s3.us-west-2.amazonaws.com/sentinel-2-c1-l2a/49/P/CL/2025/9/S2C_T49PCL_20250930T031417_L2A/SCL.tif,[]
MGRS-49PCM,S2C_T49PCM_20250712T031217_L2A,2025-07-12,32649,10,20,sampled_accepted,25,24,1,0,https://e84-earth-search-sentinel-data.s3.us-west-2.amazonaws.com/sentinel-2-c1-l2a/49/P/CM/2025/7/S2C_T49PCM_20250712T031217_L2A/TCI.tif,https://e84-earth-search-sentinel-data.s3.us-west-2.amazonaws.com/sentinel-2-c1-l2a/49/P/CM/2025/7/S2C_T49PCM_20250712T031217_L2A/SCL.tif,[]
MGRS-49PCM,S2C_T49PCM_20250801T030622_L2A,2025-08-01,32649,10,20,sampled_accepted,25,20,5,0,https://e84-earth-search-sentinel-data.s3.us-west-2.amazonaws.com/sentinel-2-c1-l2a/49/P/CM/2025/8/S2C_T49PCM_20250801T030622_L2A/TCI.tif,https://e84-earth-search-sentinel-data.s3.us-west-2.amazonaws.com/sentinel-2-c1-l2a/49/P/CM/2025/8/S2C_T49PCM_20250801T030622_L2A/SCL.tif,[]
MGRS-49PCM,S2C_T49PCM_20250910T031453_L2A,2025-09-10,32649,10,20,sampled_accepted,25,25,0,0,https://e84-earth-search-sentinel-data.s3.us-west-2.amazonaws.com/sentinel-2-c1-l2a/49/P/CM/2025/9/S2C_T49PCM_20250910T031453_L2A/TCI.tif,https://e84-earth-search-sentinel-data.s3.us-west-2.amazonaws.com/sentinel-2-c1-l2a/49/P/CM/2025/9/S2C_T49PCM_20250910T031453_L2A/SCL.tif,[]
MGRS-49PCN,S2B_T49PCN_20250329T030954_L2A,2025-03-29,32649,10,20,sampled_accepted,25,21,4,0,https://e84-earth-search-sentinel-data.s3.us-west-2.amazonaws.com/sentinel-2-c1-l2a/49/P/CN/2025/3/S2B_T49PCN_20250329T030954_L2A/TCI.tif,https://e84-earth-search-sentinel-data.s3.us-west-2.amazonaws.com/sentinel-2-c1-l2a/49/P/CN/2025/3/S2B_T49PCN_20250329T030954_L2A/SCL.tif,[]
MGRS-49PCN,S2C_T49PCN_20250712T031217_L2A,2025-07-12,32649,10,20,sampled_accepted,25,24,1,0,https://e84-earth-search-sentinel-data.s3.us-west-2.amazonaws.com/sentinel-2-c1-l2a/49/P/CN/2025/7/S2C_T49PCN_20250712T031217_L2A/TCI.tif,https://e84-earth-search-sentinel-data.s3.us-west-2.amazonaws.com/sentinel-2-c1-l2a/49/P/CN/2025/7/S2C_T49PCN_20250712T031217_L2A/SCL.tif,[]
MGRS-49PCN,S2C_T49PCN_20250910T031453_L2A,2025-09-10,32649,10,20,sampled_accepted,25,25,0,0,https://e84-earth-search-sentinel-data.s3.us-west-2.amazonaws.com/sentinel-2-c1-l2a/49/P/CN/2025/9/S2C_T49PCN_20250910T031453_L2A/TCI.tif,https://e84-earth-search-sentinel-data.s3.us-west-2.amazonaws.com/sentinel-2-c1-l2a/49/P/CN/2025/9/S2C_T49PCN_20250910T031453_L2A/SCL.tif,[]
MGRS-49PCP,S2C_T49PCP_20250304T030435_L2A,2025-03-04,32649,10,20,sampled_accepted,25,21,0,4,https://e84-earth-search-sentinel-data.s3.us-west-2.amazonaws.com/sentinel-2-c1-l2a/49/P/CP/2025/3/S2C_T49PCP_20250304T030435_L2A/TCI.tif,https://e84-earth-search-sentinel-data.s3.us-west-2.amazonaws.com/sentinel-2-c1-l2a/49/P/CP/2025/3/S2C_T49PCP_20250304T030435_L2A/SCL.tif,[]
MGRS-49PCP,S2B_T49PCP_20250418T031122_L2A,2025-04-18,32649,10,20,sampled_accepted,25,19,2,4,https://e84-earth-search-sentinel-data.s3.us-west-2.amazonaws.com/sentinel-2-c1-l2a/49/P/CP/2025/4/S2B_T49PCP_20250418T031122_L2A/TCI.tif,https://e84-earth-search-sentinel-data.s3.us-west-2.amazonaws.com/sentinel-2-c1-l2a/49/P/CP/2025/4/S2B_T49PCP_20250418T031122_L2A/SCL.tif,[]
MGRS-49PCP,S2C_T49PCP_20250712T031217_L2A,2025-07-12,32649,10,20,sampled_accepted,25,21,0,4,https://e84-earth-search-sentinel-data.s3.us-west-2.amazonaws.com/sentinel-2-c1-l2a/49/P/CP/2025/7/S2C_T49PCP_20250712T031217_L2A/TCI.tif,https://e84-earth-search-sentinel-data.s3.us-west-2.amazonaws.com/sentinel-2-c1-l2a/49/P/CP/2025/7/S2C_T49PCP_20250712T031217_L2A/SCL.tif,[]
MGRS-49PDK,S2C_T49PDK_20250314T031425_L2A,2025-03-14,32649,10,20,sampled_accepted,25,25,0,0,https://e84-earth-search-sentinel-data.s3.us-west-2.amazonaws.com/sentinel-2-c1-l2a/49/P/DK/2025/3/S2C_T49PDK_20250314T031425_L2A/TCI.tif,https://e84-earth-search-sentinel-data.s3.us-west-2.amazonaws.com/sentinel-2-c1-l2a/49/P/DK/2025/3/S2C_T49PDK_20250314T031425_L2A/SCL.tif,[]
MGRS-49PDK,S2B_T49PDK_20250707T031232_L2A,2025-07-07,32649,10,20,sampled_accepted,25,23,2,0,https://e84-earth-search-sentinel-data.s3.us-west-2.amazonaws.com/sentinel-2-c1-l2a/49/P/DK/2025/7/S2B_T49PDK_20250707T031232_L2A/TCI.tif,https://e84-earth-search-sentinel-data.s3.us-west-2.amazonaws.com/sentinel-2-c1-l2a/49/P/DK/2025/7/S2B_T49PDK_20250707T031232_L2A/SCL.tif,[]
MGRS-49PDK,S2B_T49PDK_20250727T031002_L2A,2025-07-27,32649,10,20,sampled_accepted,25,22,3,0,https://e84-earth-search-sentinel-data.s3.us-west-2.amazonaws.com/sentinel-2-c1-l2a/49/P/DK/2025/7/S2B_T49PDK_20250727T031002_L2A/TCI.tif,https://e84-earth-search-sentinel-data.s3.us-west-2.amazonaws.com/sentinel-2-c1-l2a/49/P/DK/2025/7/S2B_T49PDK_20250727T031002_L2A/SCL.tif,[]
MGRS-49PDL,S2C_T49PDL_20250314T031425_L2A,2025-03-14,32649,10,20,sampled_accepted,25,24,1,0,https://e84-earth-search-sentinel-data.s3.us-west-2.amazonaws.com/sentinel-2-c1-l2a/49/P/DL/2025/3/S2C_T49PDL_20250314T031425_L2A/TCI.tif,https://e84-earth-search-sentinel-data.s3.us-west-2.amazonaws.com/sentinel-2-c1-l2a/49/P/DL/2025/3/S2C_T49PDL_20250314T031425_L2A/SCL.tif,[]
MGRS-49PDL,S2C_T49PDL_20250324T030806_L2A,2025-03-24,32649,10,20,sampled_accepted,25,24,1,0,https://e84-earth-search-sentinel-data.s3.us-west-2.amazonaws.com/sentinel-2-c1-l2a/49/P/DL/2025/3/S2C_T49PDL_20250324T030806_L2A/TCI.tif,https://e84-earth-search-sentinel-data.s3.us-west-2.amazonaws.com/sentinel-2-c1-l2a/49/P/DL/2025/3/S2C_T49PDL_20250324T030806_L2A/SCL.tif,[]
MGRS-49PDL,S2B_T49PDL_20250727T031002_L2A,2025-07-27,32649,10,20,sampled_accepted,25,24,1,0,https://e84-earth-search-sentinel-data.s3.us-west-2.amazonaws.com/sentinel-2-c1-l2a/49/P/DL/2025/7/S2B_T49PDL_20250727T031002_L2A/TCI.tif,https://e84-earth-search-sentinel-data.s3.us-west-2.amazonaws.com/sentinel-2-c1-l2a/49/P/DL/2025/7/S2B_T49PDL_20250727T031002_L2A/SCL.tif,[]
MGRS-49PDM,S2C_T49PDM_20250314T031425_L2A,2025-03-14,32649,10,20,sampled_accepted,25,24,1,0,https://e84-earth-search-sentinel-data.s3.us-west-2.amazonaws.com/sentinel-2-c1-l2a/49/P/DM/2025/3/S2C_T49PDM_20250314T031425_L2A/TCI.tif,https://e84-earth-search-sentinel-data.s3.us-west-2.amazonaws.com/sentinel-2-c1-l2a/49/P/DM/2025/3/S2C_T49PDM_20250314T031425_L2A/SCL.tif,[]
MGRS-49PDM,S2A_T49PDM_20250505T031455_L2A,2025-05-05,32649,10,20,sampled_accepted,25,22,3,0,https://e84-earth-search-sentinel-data.s3.us-west-2.amazonaws.com/sentinel-2-c1-l2a/49/P/DM/2025/5/S2A_T49PDM_20250505T031455_L2A/TCI.tif,https://e84-earth-search-sentinel-data.s3.us-west-2.amazonaws.com/sentinel-2-c1-l2a/49/P/DM/2025/5/S2A_T49PDM_20250505T031455_L2A/SCL.tif,[]
MGRS-49PDM,S2C_T49PDM_20250910T031453_L2A,2025-09-10,32649,10,20,sampled_accepted,25,25,0,0,https://e84-earth-search-sentinel-data.s3.us-west-2.amazonaws.com/sentinel-2-c1-l2a/49/P/DM/2025/9/S2C_T49PDM_20250910T031453_L2A/TCI.tif,https://e84-earth-search-sentinel-data.s3.us-west-2.amazonaws.com/sentinel-2-c1-l2a/49/P/DM/2025/9/S2C_T49PDM_20250910T031453_L2A/SCL.tif,[]
MGRS-49PDN,S2C_T49PDN_20250712T031217_L2A,2025-07-12,32649,10,20,sampled_accepted,25,25,0,0,https://e84-earth-search-sentinel-data.s3.us-west-2.amazonaws.com/sentinel-2-c1-l2a/49/P/DN/2025/7/S2C_T49PDN_20250712T031217_L2A/TCI.tif,https://e84-earth-search-sentinel-data.s3.us-west-2.amazonaws.com/sentinel-2-c1-l2a/49/P/DN/2025/7/S2C_T49PDN_20250712T031217_L2A/SCL.tif,[]
MGRS-49PDN,S2C_T49PDN_20250910T031453_L2A,2025-09-10,32649,10,20,sampled_accepted,25,23,2,0,https://e84-earth-search-sentinel-data.s3.us-west-2.amazonaws.com/sentinel-2-c1-l2a/49/P/DN/2025/9/S2C_T49PDN_20250910T031453_L2A/TCI.tif,https://e84-earth-search-sentinel-data.s3.us-west-2.amazonaws.com/sentinel-2-c1-l2a/49/P/DN/2025/9/S2C_T49PDN_20250910T031453_L2A/SCL.tif,[]
MGRS-49PDN,S2B_T49PDN_20251204T031115_L2A,2025-12-04,32649,10,20,sampled_accepted,25,24,1,0,https://e84-earth-search-sentinel-data.s3.us-west-2.amazonaws.com/sentinel-2-c1-l2a/49/P/DN/2025/12/S2B_T49PDN_20251204T031115_L2A/TCI.tif,https://e84-earth-search-sentinel-data.s3.us-west-2.amazonaws.com/sentinel-2-c1-l2a/49/P/DN/2025/12/S2B_T49PDN_20251204T031115_L2A/SCL.tif,[]
MGRS-49PDP,S2C_T49PDP_20250712T031217_L2A,2025-07-12,32649,10,20,sampled_accepted,25,24,1,0,https://e84-earth-search-sentinel-data.s3.us-west-2.amazonaws.com/sentinel-2-c1-l2a/49/P/DP/2025/7/S2C_T49PDP_20250712T031217_L2A/TCI.tif,https://e84-earth-search-sentinel-data.s3.us-west-2.amazonaws.com/sentinel-2-c1-l2a/49/P/DP/2025/7/S2C_T49PDP_20250712T031217_L2A/SCL.tif,[]
MGRS-49PDP,S2C_T49PDP_20250910T031124_L2A,2025-09-10,32649,10,20,sampled_accepted,25,23,2,0,https://e84-earth-search-sentinel-data.s3.us-west-2.amazonaws.com/sentinel-2-c1-l2a/49/P/DP/2025/9/S2C_T49PDP_20250910T031124_L2A/TCI.tif,https://e84-earth-search-sentinel-data.s3.us-west-2.amazonaws.com/sentinel-2-c1-l2a/49/P/DP/2025/9/S2C_T49PDP_20250910T031124_L2A/SCL.tif,[]
MGRS-49PDP,S2A_T49PDP_20251211T030150_L2A,2025-12-11,32649,10,20,sampled_accepted,25,22,3,0,https://e84-earth-search-sentinel-data.s3.us-west-2.amazonaws.com/sentinel-2-c1-l2a/49/P/DP/2025/12/S2A_T49PDP_20251211T030150_L2A/TCI.tif,https://e84-earth-search-sentinel-data.s3.us-west-2.amazonaws.com/sentinel-2-c1-l2a/49/P/DP/2025/12/S2A_T49PDP_20251211T030150_L2A/SCL.tif,[]
MGRS-49PDT,S2C_T49PDT_20250324T030806_L2A,2025-03-24,32649,10,20,sampled_accepted,25,22,1,2,https://e84-earth-search-sentinel-data.s3.us-west-2.amazonaws.com/sentinel-2-c1-l2a/49/P/DT/2025/3/S2C_T49PDT_20250324T030806_L2A/TCI.tif,https://e84-earth-search-sentinel-data.s3.us-west-2.amazonaws.com/sentinel-2-c1-l2a/49/P/DT/2025/3/S2C_T49PDT_20250324T030806_L2A/SCL.tif,[]
MGRS-49PDT,S2C_T49PDT_20250423T030824_L2A,2025-04-23,32649,10,20,sampled_accepted,25,23,0,2,https://e84-earth-search-sentinel-data.s3.us-west-2.amazonaws.com/sentinel-2-c1-l2a/49/P/DT/2025/4/S2C_T49PDT_20250423T030824_L2A/TCI.tif,https://e84-earth-search-sentinel-data.s3.us-west-2.amazonaws.com/sentinel-2-c1-l2a/49/P/DT/2025/4/S2C_T49PDT_20250423T030824_L2A/SCL.tif,[]
MGRS-49PDT,S2C_T49PDT_20251229T030136_L2A,2025-12-29,32649,10,20,sampled_accepted,25,22,1,2,https://e84-earth-search-sentinel-data.s3.us-west-2.amazonaws.com/sentinel-2-c1-l2a/49/P/DT/2025/12/S2C_T49PDT_20251229T030136_L2A/TCI.tif,https://e84-earth-search-sentinel-data.s3.us-west-2.amazonaws.com/sentinel-2-c1-l2a/49/P/DT/2025/12/S2C_T49PDT_20251229T030136_L2A/SCL.tif,[]
MGRS-49PEK,S2C_T49PEK_20250311T025628_L2A,2025-03-11,32649,10,20,sampled_accepted,25,24,0,1,https://e84-earth-search-sentinel-data.s3.us-west-2.amazonaws.com/sentinel-2-c1-l2a/49/P/EK/2025/3/S2C_T49PEK_20250311T025628_L2A/TCI.tif,https://e84-earth-search-sentinel-data.s3.us-west-2.amazonaws.com/sentinel-2-c1-l2a/49/P/EK/2025/3/S2C_T49PEK_20250311T025628_L2A/SCL.tif,[]
MGRS-49PEK,S2A_T49PEK_20250412T030242_L2A,2025-04-12,32649,10,20,sampled_accepted,25,22,2,1,https://e84-earth-search-sentinel-data.s3.us-west-2.amazonaws.com/sentinel-2-c1-l2a/49/P/EK/2025/4/S2A_T49PEK_20250412T030242_L2A/TCI.tif,https://e84-earth-search-sentinel-data.s3.us-west-2.amazonaws.com/sentinel-2-c1-l2a/49/P/EK/2025/4/S2A_T49PEK_20250412T030242_L2A/SCL.tif,[]
MGRS-49PEK,S2B_T49PEK_20250425T030100_L2A,2025-04-25,32649,10,20,sampled_accepted,25,24,0,1,https://e84-earth-search-sentinel-data.s3.us-west-2.amazonaws.com/sentinel-2-c1-l2a/49/P/EK/2025/4/S2B_T49PEK_20250425T030100_L2A/TCI.tif,https://e84-earth-search-sentinel-data.s3.us-west-2.amazonaws.com/sentinel-2-c1-l2a/49/P/EK/2025/4/S2B_T49PEK_20250425T030100_L2A/SCL.tif,[]
MGRS-49PEL,S2A_T49PEL_20250412T030242_L2A,2025-04-12,32649,10,20,sampled_accepted,25,19,0,6,https://e84-earth-search-sentinel-data.s3.us-west-2.amazonaws.com/sentinel-2-c1-l2a/49/P/EL/2025/4/S2A_T49PEL_20250412T030242_L2A/TCI.tif,https://e84-earth-search-sentinel-data.s3.us-west-2.amazonaws.com/sentinel-2-c1-l2a/49/P/EL/2025/4/S2A_T49PEL_20250412T030242_L2A/SCL.tif,[]
MGRS-49PEL,S2B_T49PEL_20250425T030100_L2A,2025-04-25,32649,10,20,sampled_accepted,25,18,1,6,https://e84-earth-search-sentinel-data.s3.us-west-2.amazonaws.com/sentinel-2-c1-l2a/49/P/EL/2025/4/S2B_T49PEL_20250425T030100_L2A/TCI.tif,https://e84-earth-search-sentinel-data.s3.us-west-2.amazonaws.com/sentinel-2-c1-l2a/49/P/EL/2025/4/S2B_T49PEL_20250425T030100_L2A/SCL.tif,[]
MGRS-49PEL,S2C_T49PEL_20250729T025606_L2A,2025-07-29,32649,10,20,sampled_accepted,25,19,0,6,https://e84-earth-search-sentinel-data.s3.us-west-2.amazonaws.com/sentinel-2-c1-l2a/49/P/EL/2025/7/S2C_T49PEL_20250729T025606_L2A/TCI.tif,https://e84-earth-search-sentinel-data.s3.us-west-2.amazonaws.com/sentinel-2-c1-l2a/49/P/EL/2025/7/S2C_T49PEL_20250729T025606_L2A/SCL.tif,[]
MGRS-49PEM,S2C_T49PEM_20250314T031425_L2A,2025-03-14,32649,10,20,sampled_accepted,25,16,1,8,https://e84-earth-search-sentinel-data.s3.us-west-2.amazonaws.com/sentinel-2-c1-l2a/49/P/EM/2025/3/S2C_T49PEM_20250314T031425_L2A/TCI.tif,https://e84-earth-search-sentinel-data.s3.us-west-2.amazonaws.com/sentinel-2-c1-l2a/49/P/EM/2025/3/S2C_T49PEM_20250314T031425_L2A/SCL.tif,[]
MGRS-49PEM,S2C_T49PEM_20250324T030806_L2A,2025-03-24,32649,10,20,sampled_accepted,25,15,2,8,https://e84-earth-search-sentinel-data.s3.us-west-2.amazonaws.com/sentinel-2-c1-l2a/49/P/EM/2025/3/S2C_T49PEM_20250324T030806_L2A/TCI.tif,https://e84-earth-search-sentinel-data.s3.us-west-2.amazonaws.com/sentinel-2-c1-l2a/49/P/EM/2025/3/S2C_T49PEM_20250324T030806_L2A/SCL.tif,[]
MGRS-49PEM,S2A_T49PEM_20250412T030242_L2A,2025-04-12,32649,10,20,sampled_accepted,25,14,0,11,https://e84-earth-search-sentinel-data.s3.us-west-2.amazonaws.com/sentinel-2-c1-l2a/49/P/EM/2025/4/S2A_T49PEM_20250412T030242_L2A/TCI.tif,https://e84-earth-search-sentinel-data.s3.us-west-2.amazonaws.com/sentinel-2-c1-l2a/49/P/EM/2025/4/S2A_T49PEM_20250412T030242_L2A/SCL.tif,[]
MGRS-49PEN,S2C_T49PEN_20250304T030435_L2A,2025-03-04,32649,10,20,sampled_accepted,25,20,2,3,https://e84-earth-search-sentinel-data.s3.us-west-2.amazonaws.com/sentinel-2-c1-l2a/49/P/EN/2025/3/S2C_T49PEN_20250304T030435_L2A/TCI.tif,https://e84-earth-search-sentinel-data.s3.us-west-2.amazonaws.com/sentinel-2-c1-l2a/49/P/EN/2025/3/S2C_T49PEN_20250304T030435_L2A/SCL.tif,[]
MGRS-49PEN,S2C_T49PEN_20250314T031425_L2A,2025-03-14,32649,10,20,sampled_accepted,25,21,1,3,https://e84-earth-search-sentinel-data.s3.us-west-2.amazonaws.com/sentinel-2-c1-l2a/49/P/EN/2025/3/S2C_T49PEN_20250314T031425_L2A/TCI.tif,https://e84-earth-search-sentinel-data.s3.us-west-2.amazonaws.com/sentinel-2-c1-l2a/49/P/EN/2025/3/S2C_T49PEN_20250314T031425_L2A/SCL.tif,[]
MGRS-49PEN,S2C_T49PEN_20250324T030806_L2A,2025-03-24,32649,10,20,sampled_accepted,25,22,0,3,https://e84-earth-search-sentinel-data.s3.us-west-2.amazonaws.com/sentinel-2-c1-l2a/49/P/EN/2025/3/S2C_T49PEN_20250324T030806_L2A/TCI.tif,https://e84-earth-search-sentinel-data.s3.us-west-2.amazonaws.com/sentinel-2-c1-l2a/49/P/EN/2025/3/S2C_T49PEN_20250324T030806_L2A/SCL.tif,[]
MGRS-49PEP,S2C_T49PEP_20250304T030435_L2A,2025-03-04,32649,10,20,sampled_accepted,25,23,2,0,https://e84-earth-search-sentinel-data.s3.us-west-2.amazonaws.com/sentinel-2-c1-l2a/49/P/EP/2025/3/S2C_T49PEP_20250304T030435_L2A/TCI.tif,https://e84-earth-search-sentinel-data.s3.us-west-2.amazonaws.com/sentinel-2-c1-l2a/49/P/EP/2025/3/S2C_T49PEP_20250304T030435_L2A/SCL.tif,[]
MGRS-49PEP,S2B_T49PEP_20250329T030954_L2A,2025-03-29,32649,10,20,sampled_accepted,25,25,0,0,https://e84-earth-search-sentinel-data.s3.us-west-2.amazonaws.com/sentinel-2-c1-l2a/49/P/EP/2025/3/S2B_T49PEP_20250329T030954_L2A/TCI.tif,https://e84-earth-search-sentinel-data.s3.us-west-2.amazonaws.com/sentinel-2-c1-l2a/49/P/EP/2025/3/S2B_T49PEP_20250329T030954_L2A/SCL.tif,[]
MGRS-49PEP,S2B_T49PEP_20251204T031115_L2A,2025-12-04,32649,10,20,sampled_accepted,25,25,0,0,https://e84-earth-search-sentinel-data.s3.us-west-2.amazonaws.com/sentinel-2-c1-l2a/49/P/EP/2025/12/S2B_T49PEP_20251204T031115_L2A/TCI.tif,https://e84-earth-search-sentinel-data.s3.us-west-2.amazonaws.com/sentinel-2-c1-l2a/49/P/EP/2025/12/S2B_T49PEP_20251204T031115_L2A/SCL.tif,[]
MGRS-49PET,S2C_T49PET_20250123T031117_L2A,2025-01-23,32649,10,20,sampled_accepted,25,24,1,0,https://e84-earth-search-sentinel-data.s3.us-west-2.amazonaws.com/sentinel-2-c1-l2a/49/P/ET/2025/1/S2C_T49PET_20250123T031117_L2A/TCI.tif,https://e84-earth-search-sentinel-data.s3.us-west-2.amazonaws.com/sentinel-2-c1-l2a/49/P/ET/2025/1/S2C_T49PET_20250123T031117_L2A/SCL.tif,[]
MGRS-49PET,S2C_T49PET_20250314T030340_L2A,2025-03-14,32649,10,20,sampled_accepted,25,24,1,0,https://e84-earth-search-sentinel-data.s3.us-west-2.amazonaws.com/sentinel-2-c1-l2a/49/P/ET/2025/3/S2C_T49PET_20250314T030340_L2A/TCI.tif,https://e84-earth-search-sentinel-data.s3.us-west-2.amazonaws.com/sentinel-2-c1-l2a/49/P/ET/2025/3/S2C_T49PET_20250314T030340_L2A/SCL.tif,[]
MGRS-49PET,S2C_T49PET_20250423T030824_L2A,2025-04-23,32649,10,20,sampled_accepted,25,25,0,0,https://e84-earth-search-sentinel-data.s3.us-west-2.amazonaws.com/sentinel-2-c1-l2a/49/P/ET/2025/4/S2C_T49PET_20250423T030824_L2A/TCI.tif,https://e84-earth-search-sentinel-data.s3.us-west-2.amazonaws.com/sentinel-2-c1-l2a/49/P/ET/2025/4/S2C_T49PET_20250423T030824_L2A/SCL.tif,[]
MGRS-49PET,S2A_T49PET_20251231T030827_L2A,2025-12-31,32649,10,20,sampled_accepted,25,23,2,0,https://e84-earth-search-sentinel-data.s3.us-west-2.amazonaws.com/sentinel-2-c1-l2a/49/P/ET/2025/12/S2A_T49PET_20251231T030827_L2A/TCI.tif,https://e84-earth-search-sentinel-data.s3.us-west-2.amazonaws.com/sentinel-2-c1-l2a/49/P/ET/2025/12/S2A_T49PET_20251231T030827_L2A/SCL.tif,[]
MGRS-49PFK,S2C_T49PFK_20250311T025628_L2A,2025-03-11,32649,10,20,sampled_accepted,25,24,1,0,https://e84-earth-search-sentinel-data.s3.us-west-2.amazonaws.com/sentinel-2-c1-l2a/49/P/FK/2025/3/S2C_T49PFK_20250311T025628_L2A/TCI.tif,https://e84-earth-search-sentinel-data.s3.us-west-2.amazonaws.com/sentinel-2-c1-l2a/49/P/FK/2025/3/S2C_T49PFK_20250311T025628_L2A/SCL.tif,[]
MGRS-49PFK,S2A_T49PFK_20250412T030242_L2A,2025-04-12,32649,10,20,sampled_accepted,25,25,0,0,https://e84-earth-search-sentinel-data.s3.us-west-2.amazonaws.com/sentinel-2-c1-l2a/49/P/FK/2025/4/S2A_T49PFK_20250412T030242_L2A/TCI.tif,https://e84-earth-search-sentinel-data.s3.us-west-2.amazonaws.com/sentinel-2-c1-l2a/49/P/FK/2025/4/S2A_T49PFK_20250412T030242_L2A/SCL.tif,[]
MGRS-49PFK,S2B_T49PFK_20251002T030201_L2A,2025-10-02,32649,10,20,sampled_accepted,25,24,1,0,https://e84-earth-search-sentinel-data.s3.us-west-2.amazonaws.com/sentinel-2-c1-l2a/49/P/FK/2025/10/S2B_T49PFK_20251002T030201_L2A/TCI.tif,https://e84-earth-search-sentinel-data.s3.us-west-2.amazonaws.com/sentinel-2-c1-l2a/49/P/FK/2025/10/S2B_T49PFK_20251002T030201_L2A/SCL.tif,[]
MGRS-49PFL,S2C_T49PFL_20250301T025603_L2A,2025-03-01,32649,10,20,sampled_accepted,25,23,2,0,https://e84-earth-search-sentinel-data.s3.us-west-2.amazonaws.com/sentinel-2-c1-l2a/49/P/FL/2025/3/S2C_T49PFL_20250301T025603_L2A/TCI.tif,https://e84-earth-search-sentinel-data.s3.us-west-2.amazonaws.com/sentinel-2-c1-l2a/49/P/FL/2025/3/S2C_T49PFL_20250301T025603_L2A/SCL.tif,[]
MGRS-49PFL,S2A_T49PFL_20250412T030242_L2A,2025-04-12,32649,10,20,sampled_accepted,25,25,0,0,https://e84-earth-search-sentinel-data.s3.us-west-2.amazonaws.com/sentinel-2-c1-l2a/49/P/FL/2025/4/S2A_T49PFL_20250412T030242_L2A/TCI.tif,https://e84-earth-search-sentinel-data.s3.us-west-2.amazonaws.com/sentinel-2-c1-l2a/49/P/FL/2025/4/S2A_T49PFL_20250412T030242_L2A/SCL.tif,"[""yongshu""]"
MGRS-49PFL,S2B_T49PFL_20251002T030201_L2A,2025-10-02,32649,10,20,sampled_accepted,25,25,0,0,https://e84-earth-search-sentinel-data.s3.us-west-2.amazonaws.com/sentinel-2-c1-l2a/49/P/FL/2025/10/S2B_T49PFL_20251002T030201_L2A/TCI.tif,https://e84-earth-search-sentinel-data.s3.us-west-2.amazonaws.com/sentinel-2-c1-l2a/49/P/FL/2025/10/S2B_T49PFL_20251002T030201_L2A/SCL.tif,[]
MGRS-49PFM,S2C_T49PFM_20250301T025603_L2A,2025-03-01,32649,10,20,sampled_accepted,25,24,1,0,https://e84-earth-search-sentinel-data.s3.us-west-2.amazonaws.com/sentinel-2-c1-l2a/49/P/FM/2025/3/S2C_T49PFM_20250301T025603_L2A/TCI.tif,https://e84-earth-search-sentinel-data.s3.us-west-2.amazonaws.com/sentinel-2-c1-l2a/49/P/FM/2025/3/S2C_T49PFM_20250301T025603_L2A/SCL.tif,[]
MGRS-49PFM,S2B_T49PFM_20250425T030100_L2A,2025-04-25,32649,10,20,sampled_accepted,25,25,0,0,https://e84-earth-search-sentinel-data.s3.us-west-2.amazonaws.com/sentinel-2-c1-l2a/49/P/FM/2025/4/S2B_T49PFM_20250425T030100_L2A/TCI.tif,https://e84-earth-search-sentinel-data.s3.us-west-2.amazonaws.com/sentinel-2-c1-l2a/49/P/FM/2025/4/S2B_T49PFM_20250425T030100_L2A/SCL.tif,[]
MGRS-49PFM,S2C_T49PFM_20250629T025827_L2A,2025-06-29,32649,10,20,sampled_accepted,25,25,0,0,https://e84-earth-search-sentinel-data.s3.us-west-2.amazonaws.com/sentinel-2-c1-l2a/49/P/FM/2025/6/S2C_T49PFM_20250629T025827_L2A/TCI.tif,https://e84-earth-search-sentinel-data.s3.us-west-2.amazonaws.com/sentinel-2-c1-l2a/49/P/FM/2025/6/S2C_T49PFM_20250629T025827_L2A/SCL.tif,[]
MGRS-49PFN,S2C_T49PFN_20250301T025603_L2A,2025-03-01,32649,10,20,sampled_accepted,25,23,2,0,https://e84-earth-search-sentinel-data.s3.us-west-2.amazonaws.com/sentinel-2-c1-l2a/49/P/FN/2025/3/S2C_T49PFN_20250301T025603_L2A/TCI.tif,https://e84-earth-search-sentinel-data.s3.us-west-2.amazonaws.com/sentinel-2-c1-l2a/49/P/FN/2025/3/S2C_T49PFN_20250301T025603_L2A/SCL.tif,[]
MGRS-49PFN,S2C_T49PFN_20250420T030159_L2A,2025-04-20,32649,10,20,sampled_accepted,25,24,1,0,https://e84-earth-search-sentinel-data.s3.us-west-2.amazonaws.com/sentinel-2-c1-l2a/49/P/FN/2025/4/S2C_T49PFN_20250420T030159_L2A/TCI.tif,https://e84-earth-search-sentinel-data.s3.us-west-2.amazonaws.com/sentinel-2-c1-l2a/49/P/FN/2025/4/S2C_T49PFN_20250420T030159_L2A/SCL.tif,[]
MGRS-49PFN,S2C_T49PFN_20250619T025923_L2A,2025-06-19,32649,10,20,sampled_accepted,25,24,1,0,https://e84-earth-search-sentinel-data.s3.us-west-2.amazonaws.com/sentinel-2-c1-l2a/49/P/FN/2025/6/S2C_T49PFN_20250619T025923_L2A/TCI.tif,https://e84-earth-search-sentinel-data.s3.us-west-2.amazonaws.com/sentinel-2-c1-l2a/49/P/FN/2025/6/S2C_T49PFN_20250619T025923_L2A/SCL.tif,[]
MGRS-49PFP,S2B_T49PFP_20250306T030102_L2A,2025-03-06,32649,10,20,sampled_accepted,25,24,1,0,https://e84-earth-search-sentinel-data.s3.us-west-2.amazonaws.com/sentinel-2-c1-l2a/49/P/FP/2025/3/S2B_T49PFP_20250306T030102_L2A/TCI.tif,https://e84-earth-search-sentinel-data.s3.us-west-2.amazonaws.com/sentinel-2-c1-l2a/49/P/FP/2025/3/S2B_T49PFP_20250306T030102_L2A/SCL.tif,[]
MGRS-49PFP,S2C_T49PFP_20250420T030159_L2A,2025-04-20,32649,10,20,sampled_accepted,25,25,0,0,https://e84-earth-search-sentinel-data.s3.us-west-2.amazonaws.com/sentinel-2-c1-l2a/49/P/FP/2025/4/S2C_T49PFP_20250420T030159_L2A/TCI.tif,https://e84-earth-search-sentinel-data.s3.us-west-2.amazonaws.com/sentinel-2-c1-l2a/49/P/FP/2025/4/S2C_T49PFP_20250420T030159_L2A/SCL.tif,[]
MGRS-49PFP,S2B_T49PFP_20250425T030100_L2A,2025-04-25,32649,10,20,sampled_accepted,25,23,2,0,https://e84-earth-search-sentinel-data.s3.us-west-2.amazonaws.com/sentinel-2-c1-l2a/49/P/FP/2025/4/S2B_T49PFP_20250425T030100_L2A/TCI.tif,https://e84-earth-search-sentinel-data.s3.us-west-2.amazonaws.com/sentinel-2-c1-l2a/49/P/FP/2025/4/S2B_T49PFP_20250425T030100_L2A/SCL.tif,[]
MGRS-49PFT,S2C_T49PFT_20250523T030907_L2A,2025-05-23,32649,10,20,sampled_accepted,25,23,1,1,https://e84-earth-search-sentinel-data.s3.us-west-2.amazonaws.com/sentinel-2-c1-l2a/49/P/FT/2025/5/S2C_T49PFT_20250523T030907_L2A/TCI.tif,https://e84-earth-search-sentinel-data.s3.us-west-2.amazonaws.com/sentinel-2-c1-l2a/49/P/FT/2025/5/S2C_T49PFT_20250523T030907_L2A/SCL.tif,[]
MGRS-49PFT,S2C_T49PFT_20250801T030622_L2A,2025-08-01,32649,10,20,sampled_accepted,25,24,0,1,https://e84-earth-search-sentinel-data.s3.us-west-2.amazonaws.com/sentinel-2-c1-l2a/49/P/FT/2025/8/S2C_T49PFT_20250801T030622_L2A/TCI.tif,https://e84-earth-search-sentinel-data.s3.us-west-2.amazonaws.com/sentinel-2-c1-l2a/49/P/FT/2025/8/S2C_T49PFT_20250801T030622_L2A/SCL.tif,[]
MGRS-49PFT,S2A_T49PFT_20251231T030827_L2A,2025-12-31,32649,10,20,sampled_accepted,25,24,0,1,https://e84-earth-search-sentinel-data.s3.us-west-2.amazonaws.com/sentinel-2-c1-l2a/49/P/FT/2025/12/S2A_T49PFT_20251231T030827_L2A/TCI.tif,https://e84-earth-search-sentinel-data.s3.us-west-2.amazonaws.com/sentinel-2-c1-l2a/49/P/FT/2025/12/S2A_T49PFT_20251231T030827_L2A/SCL.tif,[]
MGRS-49PGK,S2B_T49PGK_20250214T030256_L2A,2025-02-14,32649,10,20,sampled_accepted,25,24,0,1,https://e84-earth-search-sentinel-data.s3.us-west-2.amazonaws.com/sentinel-2-c1-l2a/49/P/GK/2025/2/S2B_T49PGK_20250214T030256_L2A/TCI.tif,https://e84-earth-search-sentinel-data.s3.us-west-2.amazonaws.com/sentinel-2-c1-l2a/49/P/GK/2025/2/S2B_T49PGK_20250214T030256_L2A/SCL.tif,[]
MGRS-49PGK,S2C_T49PGK_20250311T025628_L2A,2025-03-11,32649,10,20,sampled_accepted,25,24,0,1,https://e84-earth-search-sentinel-data.s3.us-west-2.amazonaws.com/sentinel-2-c1-l2a/49/P/GK/2025/3/S2C_T49PGK_20250311T025628_L2A/TCI.tif,https://e84-earth-search-sentinel-data.s3.us-west-2.amazonaws.com/sentinel-2-c1-l2a/49/P/GK/2025/3/S2C_T49PGK_20250311T025628_L2A/SCL.tif,[]
MGRS-49PGK,S2C_T49PGK_20250709T025811_L2A,2025-07-09,32649,10,20,sampled_accepted,25,20,4,1,https://e84-earth-search-sentinel-data.s3.us-west-2.amazonaws.com/sentinel-2-c1-l2a/49/P/GK/2025/7/S2C_T49PGK_20250709T025811_L2A/TCI.tif,https://e84-earth-search-sentinel-data.s3.us-west-2.amazonaws.com/sentinel-2-c1-l2a/49/P/GK/2025/7/S2C_T49PGK_20250709T025811_L2A/SCL.tif,[]
MGRS-49PGL,S2B_T49PGL_20250704T030103_L2A,2025-07-04,32649,10,20,sampled_accepted,25,24,1,0,https://e84-earth-search-sentinel-data.s3.us-west-2.amazonaws.com/sentinel-2-c1-l2a/49/P/GL/2025/7/S2B_T49PGL_20250704T030103_L2A/TCI.tif,https://e84-earth-search-sentinel-data.s3.us-west-2.amazonaws.com/sentinel-2-c1-l2a/49/P/GL/2025/7/S2B_T49PGL_20250704T030103_L2A/SCL.tif,"[""yongshu""]"
MGRS-49PGL,S2B_T49PGL_20251002T030201_L2A,2025-10-02,32649,10,20,sampled_accepted,25,24,1,0,https://e84-earth-search-sentinel-data.s3.us-west-2.amazonaws.com/sentinel-2-c1-l2a/49/P/GL/2025/10/S2B_T49PGL_20251002T030201_L2A/TCI.tif,https://e84-earth-search-sentinel-data.s3.us-west-2.amazonaws.com/sentinel-2-c1-l2a/49/P/GL/2025/10/S2B_T49PGL_20251002T030201_L2A/SCL.tif,"[""yongshu""]"
MGRS-49PGL,S2B_T49PGL_20251201T025745_L2A,2025-12-01,32649,10,20,sampled_accepted,25,21,4,0,https://e84-earth-search-sentinel-data.s3.us-west-2.amazonaws.com/sentinel-2-c1-l2a/49/P/GL/2025/12/S2B_T49PGL_20251201T025745_L2A/TCI.tif,https://e84-earth-search-sentinel-data.s3.us-west-2.amazonaws.com/sentinel-2-c1-l2a/49/P/GL/2025/12/S2B_T49PGL_20251201T025745_L2A/SCL.tif,"[""yongshu""]"
MGRS-49PGM,S2C_T49PGM_20250301T025603_L2A,2025-03-01,32649,10,20,sampled_accepted,25,24,1,0,https://e84-earth-search-sentinel-data.s3.us-west-2.amazonaws.com/sentinel-2-c1-l2a/49/P/GM/2025/3/S2C_T49PGM_20250301T025603_L2A/TCI.tif,https://e84-earth-search-sentinel-data.s3.us-west-2.amazonaws.com/sentinel-2-c1-l2a/49/P/GM/2025/3/S2C_T49PGM_20250301T025603_L2A/SCL.tif,[]
MGRS-49PGM,S2B_T49PGM_20250714T030103_L2A,2025-07-14,32649,10,20,sampled_accepted,25,24,1,0,https://e84-earth-search-sentinel-data.s3.us-west-2.amazonaws.com/sentinel-2-c1-l2a/49/P/GM/2025/7/S2B_T49PGM_20250714T030103_L2A/TCI.tif,https://e84-earth-search-sentinel-data.s3.us-west-2.amazonaws.com/sentinel-2-c1-l2a/49/P/GM/2025/7/S2B_T49PGM_20250714T030103_L2A/SCL.tif,[]
MGRS-49PGM,S2B_T49PGM_20251002T030201_L2A,2025-10-02,32649,10,20,sampled_accepted,25,24,1,0,https://e84-earth-search-sentinel-data.s3.us-west-2.amazonaws.com/sentinel-2-c1-l2a/49/P/GM/2025/10/S2B_T49PGM_20251002T030201_L2A/TCI.tif,https://e84-earth-search-sentinel-data.s3.us-west-2.amazonaws.com/sentinel-2-c1-l2a/49/P/GM/2025/10/S2B_T49PGM_20251002T030201_L2A/SCL.tif,[]
MGRS-49PGN,S2B_T49PGN_20250326T030102_L2A,2025-03-26,32649,10,20,sampled_accepted,25,23,2,0,https://e84-earth-search-sentinel-data.s3.us-west-2.amazonaws.com/sentinel-2-c1-l2a/49/P/GN/2025/3/S2B_T49PGN_20250326T030102_L2A/TCI.tif,https://e84-earth-search-sentinel-data.s3.us-west-2.amazonaws.com/sentinel-2-c1-l2a/49/P/GN/2025/3/S2B_T49PGN_20250326T030102_L2A/SCL.tif,[]
MGRS-49PGN,S2C_T49PGN_20250420T030159_L2A,2025-04-20,32649,10,20,sampled_accepted,25,25,0,0,https://e84-earth-search-sentinel-data.s3.us-west-2.amazonaws.com/sentinel-2-c1-l2a/49/P/GN/2025/4/S2C_T49PGN_20250420T030159_L2A/TCI.tif,https://e84-earth-search-sentinel-data.s3.us-west-2.amazonaws.com/sentinel-2-c1-l2a/49/P/GN/2025/4/S2C_T49PGN_20250420T030159_L2A/SCL.tif,[]
MGRS-49PGN,S2B_T49PGN_20250425T030100_L2A,2025-04-25,32649,10,20,sampled_accepted,25,24,1,0,https://e84-earth-search-sentinel-data.s3.us-west-2.amazonaws.com/sentinel-2-c1-l2a/49/P/GN/2025/4/S2B_T49PGN_20250425T030100_L2A/TCI.tif,https://e84-earth-search-sentinel-data.s3.us-west-2.amazonaws.com/sentinel-2-c1-l2a/49/P/GN/2025/4/S2B_T49PGN_20250425T030100_L2A/SCL.tif,[]
MGRS-49PGP,S2C_T49PGP_20250420T030159_L2A,2025-04-20,32649,10,20,sampled_accepted,25,24,1,0,https://e84-earth-search-sentinel-data.s3.us-west-2.amazonaws.com/sentinel-2-c1-l2a/49/P/GP/2025/4/S2C_T49PGP_20250420T030159_L2A/TCI.tif,https://e84-earth-search-sentinel-data.s3.us-west-2.amazonaws.com/sentinel-2-c1-l2a/49/P/GP/2025/4/S2C_T49PGP_20250420T030159_L2A/SCL.tif,[]
MGRS-49PGP,S2B_T49PGP_20250425T030100_L2A,2025-04-25,32649,10,20,sampled_accepted,25,21,4,0,https://e84-earth-search-sentinel-data.s3.us-west-2.amazonaws.com/sentinel-2-c1-l2a/49/P/GP/2025/4/S2B_T49PGP_20250425T030100_L2A/TCI.tif,https://e84-earth-search-sentinel-data.s3.us-west-2.amazonaws.com/sentinel-2-c1-l2a/49/P/GP/2025/4/S2B_T49PGP_20250425T030100_L2A/SCL.tif,[]
MGRS-49PGP,S2B_T49PGP_20250714T030103_L2A,2025-07-14,32649,10,20,sampled_accepted,25,21,4,0,https://e84-earth-search-sentinel-data.s3.us-west-2.amazonaws.com/sentinel-2-c1-l2a/49/P/GP/2025/7/S2B_T49PGP_20250714T030103_L2A/TCI.tif,https://e84-earth-search-sentinel-data.s3.us-west-2.amazonaws.com/sentinel-2-c1-l2a/49/P/GP/2025/7/S2B_T49PGP_20250714T030103_L2A/SCL.tif,[]
MGRS-49PGS,S2C_T49PGS_20250420T030159_L2A,2025-04-20,32649,10,20,sampled_accepted,25,25,0,0,https://e84-earth-search-sentinel-data.s3.us-west-2.amazonaws.com/sentinel-2-c1-l2a/49/P/GS/2025/4/S2C_T49PGS_20250420T030159_L2A/TCI.tif,https://e84-earth-search-sentinel-data.s3.us-west-2.amazonaws.com/sentinel-2-c1-l2a/49/P/GS/2025/4/S2C_T49PGS_20250420T030159_L2A/SCL.tif,[]
MGRS-49PGS,S2B_T49PGS_20250425T030100_L2A,2025-04-25,32649,10,20,sampled_accepted,25,25,0,0,https://e84-earth-search-sentinel-data.s3.us-west-2.amazonaws.com/sentinel-2-c1-l2a/49/P/GS/2025/4/S2B_T49PGS_20250425T030100_L2A/TCI.tif,https://e84-earth-search-sentinel-data.s3.us-west-2.amazonaws.com/sentinel-2-c1-l2a/49/P/GS/2025/4/S2B_T49PGS_20250425T030100_L2A/SCL.tif,[]
MGRS-49PGS,S2B_T49PGS_20250714T030103_L2A,2025-07-14,32649,10,20,sampled_accepted,25,25,0,0,https://e84-earth-search-sentinel-data.s3.us-west-2.amazonaws.com/sentinel-2-c1-l2a/49/P/GS/2025/7/S2B_T49PGS_20250714T030103_L2A/TCI.tif,https://e84-earth-search-sentinel-data.s3.us-west-2.amazonaws.com/sentinel-2-c1-l2a/49/P/GS/2025/7/S2B_T49PGS_20250714T030103_L2A/SCL.tif,[]
MGRS-49PGT,S2C_T49PGT_20250420T030159_L2A,2025-04-20,32649,10,20,sampled_accepted,25,24,1,0,https://e84-earth-search-sentinel-data.s3.us-west-2.amazonaws.com/sentinel-2-c1-l2a/49/P/GT/2025/4/S2C_T49PGT_20250420T030159_L2A/TCI.tif,https://e84-earth-search-sentinel-data.s3.us-west-2.amazonaws.com/sentinel-2-c1-l2a/49/P/GT/2025/4/S2C_T49PGT_20250420T030159_L2A/SCL.tif,[]
MGRS-49PGT,S2B_T49PGT_20250425T030100_L2A,2025-04-25,32649,10,20,sampled_accepted,25,23,2,0,https://e84-earth-search-sentinel-data.s3.us-west-2.amazonaws.com/sentinel-2-c1-l2a/49/P/GT/2025/4/S2B_T49PGT_20250425T030100_L2A/TCI.tif,https://e84-earth-search-sentinel-data.s3.us-west-2.amazonaws.com/sentinel-2-c1-l2a/49/P/GT/2025/4/S2B_T49PGT_20250425T030100_L2A/SCL.tif,[]
MGRS-49PGT,S2B_T49PGT_20250714T030103_L2A,2025-07-14,32649,10,20,sampled_accepted,25,25,0,0,https://e84-earth-search-sentinel-data.s3.us-west-2.amazonaws.com/sentinel-2-c1-l2a/49/P/GT/2025/7/S2B_T49PGT_20250714T030103_L2A/TCI.tif,https://e84-earth-search-sentinel-data.s3.us-west-2.amazonaws.com/sentinel-2-c1-l2a/49/P/GT/2025/7/S2B_T49PGT_20250714T030103_L2A/SCL.tif,[]
MGRS-49PHK,S2C_T49PHK_20250216T025049_L2A,2025-02-16,32649,10,20,sampled_accepted,25,25,0,0,https://e84-earth-search-sentinel-data.s3.us-west-2.amazonaws.com/sentinel-2-c1-l2a/49/P/HK/2025/2/S2C_T49PHK_20250216T025049_L2A/TCI.tif,https://e84-earth-search-sentinel-data.s3.us-west-2.amazonaws.com/sentinel-2-c1-l2a/49/P/HK/2025/2/S2C_T49PHK_20250216T025049_L2A/SCL.tif,[]
MGRS-49PHK,S2B_T49PHK_20250313T025422_L2A,2025-03-13,32649,10,20,sampled_accepted,25,25,0,0,https://e84-earth-search-sentinel-data.s3.us-west-2.amazonaws.com/sentinel-2-c1-l2a/49/P/HK/2025/3/S2B_T49PHK_20250313T025422_L2A/TCI.tif,https://e84-earth-search-sentinel-data.s3.us-west-2.amazonaws.com/sentinel-2-c1-l2a/49/P/HK/2025/3/S2B_T49PHK_20250313T025422_L2A/SCL.tif,[]
MGRS-49PHK,S2C_T49PHK_20250328T024711_L2A,2025-03-28,32649,10,20,sampled_accepted,25,23,2,0,https://e84-earth-search-sentinel-data.s3.us-west-2.amazonaws.com/sentinel-2-c1-l2a/49/P/HK/2025/3/S2C_T49PHK_20250328T024711_L2A/TCI.tif,https://e84-earth-search-sentinel-data.s3.us-west-2.amazonaws.com/sentinel-2-c1-l2a/49/P/HK/2025/3/S2C_T49PHK_20250328T024711_L2A/SCL.tif,[]
MGRS-49PHL,S2C_T49PHL_20250206T025155_L2A,2025-02-06,32649,10,20,sampled_accepted,25,23,1,1,https://e84-earth-search-sentinel-data.s3.us-west-2.amazonaws.com/sentinel-2-c1-l2a/49/P/HL/2025/2/S2C_T49PHL_20250206T025155_L2A/TCI.tif,https://e84-earth-search-sentinel-data.s3.us-west-2.amazonaws.com/sentinel-2-c1-l2a/49/P/HL/2025/2/S2C_T49PHL_20250206T025155_L2A/SCL.tif,[]
MGRS-49PHL,S2C_T49PHL_20250216T025049_L2A,2025-02-16,32649,10,20,sampled_accepted,25,23,1,1,https://e84-earth-search-sentinel-data.s3.us-west-2.amazonaws.com/sentinel-2-c1-l2a/49/P/HL/2025/2/S2C_T49PHL_20250216T025049_L2A/TCI.tif,https://e84-earth-search-sentinel-data.s3.us-west-2.amazonaws.com/sentinel-2-c1-l2a/49/P/HL/2025/2/S2C_T49PHL_20250216T025049_L2A/SCL.tif,[]
MGRS-49PHL,S2B_T49PHL_20250909T025310_L2A,2025-09-09,32649,10,20,sampled_accepted,25,17,7,1,https://e84-earth-search-sentinel-data.s3.us-west-2.amazonaws.com/sentinel-2-c1-l2a/49/P/HL/2025/9/S2B_T49PHL_20250909T025310_L2A/TCI.tif,https://e84-earth-search-sentinel-data.s3.us-west-2.amazonaws.com/sentinel-2-c1-l2a/49/P/HL/2025/9/S2B_T49PHL_20250909T025310_L2A/SCL.tif,[]
MGRS-49PHM,S2C_T49PHM_20250216T025049_L2A,2025-02-16,32649,10,20,sampled_accepted,25,19,0,6,https://e84-earth-search-sentinel-data.s3.us-west-2.amazonaws.com/sentinel-2-c1-l2a/49/P/HM/2025/2/S2C_T49PHM_20250216T025049_L2A/TCI.tif,https://e84-earth-search-sentinel-data.s3.us-west-2.amazonaws.com/sentinel-2-c1-l2a/49/P/HM/2025/2/S2C_T49PHM_20250216T025049_L2A/SCL.tif,[]
MGRS-49PHM,S2B_T49PHM_20250303T025424_L2A,2025-03-03,32649,10,20,sampled_accepted,25,19,0,6,https://e84-earth-search-sentinel-data.s3.us-west-2.amazonaws.com/sentinel-2-c1-l2a/49/P/HM/2025/3/S2B_T49PHM_20250303T025424_L2A/TCI.tif,https://e84-earth-search-sentinel-data.s3.us-west-2.amazonaws.com/sentinel-2-c1-l2a/49/P/HM/2025/3/S2B_T49PHM_20250303T025424_L2A/SCL.tif,[]
MGRS-49PHM,S2B_T49PHM_20250909T025310_L2A,2025-09-09,32649,10,20,sampled_accepted,25,19,0,6,https://e84-earth-search-sentinel-data.s3.us-west-2.amazonaws.com/sentinel-2-c1-l2a/49/P/HM/2025/9/S2B_T49PHM_20250909T025310_L2A/TCI.tif,https://e84-earth-search-sentinel-data.s3.us-west-2.amazonaws.com/sentinel-2-c1-l2a/49/P/HM/2025/9/S2B_T49PHM_20250909T025310_L2A/SCL.tif,[]
MGRS-49PHN,S2C_T49PHN_20250216T025049_L2A,2025-02-16,32649,10,20,sampled_accepted,25,14,1,10,https://e84-earth-search-sentinel-data.s3.us-west-2.amazonaws.com/sentinel-2-c1-l2a/49/P/HN/2025/2/S2C_T49PHN_20250216T025049_L2A/TCI.tif,https://e84-earth-search-sentinel-data.s3.us-west-2.amazonaws.com/sentinel-2-c1-l2a/49/P/HN/2025/2/S2C_T49PHN_20250216T025049_L2A/SCL.tif,[]
MGRS-49PHN,S2B_T49PHN_20250326T030102_L2A,2025-03-26,32649,10,20,sampled_accepted,25,13,3,9,https://e84-earth-search-sentinel-data.s3.us-west-2.amazonaws.com/sentinel-2-c1-l2a/49/P/HN/2025/3/S2B_T49PHN_20250326T030102_L2A/TCI.tif,https://e84-earth-search-sentinel-data.s3.us-west-2.amazonaws.com/sentinel-2-c1-l2a/49/P/HN/2025/3/S2B_T49PHN_20250326T030102_L2A/SCL.tif,"[""zhubi""]"
MGRS-49PHN,S2C_T49PHN_20250328T024711_L2A,2025-03-28,32649,10,20,sampled_accepted,25,15,0,10,https://e84-earth-search-sentinel-data.s3.us-west-2.amazonaws.com/sentinel-2-c1-l2a/49/P/HN/2025/3/S2C_T49PHN_20250328T024711_L2A/TCI.tif,https://e84-earth-search-sentinel-data.s3.us-west-2.amazonaws.com/sentinel-2-c1-l2a/49/P/HN/2025/3/S2C_T49PHN_20250328T024711_L2A/SCL.tif,"[""zhubi""]"
MGRS-49PHN,S2C_T49PHN_20250417T025341_L2A,2025-04-17,32649,10,20,sampled_accepted,25,15,0,10,https://e84-earth-search-sentinel-data.s3.us-west-2.amazonaws.com/sentinel-2-c1-l2a/49/P/HN/2025/4/S2C_T49PHN_20250417T025341_L2A/TCI.tif,https://e84-earth-search-sentinel-data.s3.us-west-2.amazonaws.com/sentinel-2-c1-l2a/49/P/HN/2025/4/S2C_T49PHN_20250417T025341_L2A/SCL.tif,"[""zhubi""]"
MGRS-49PHN,S2B_T49PHN_20250515T030100_L2A,2025-05-15,32649,10,20,sampled_accepted,25,14,2,9,https://e84-earth-search-sentinel-data.s3.us-west-2.amazonaws.com/sentinel-2-c1-l2a/49/P/HN/2025/5/S2B_T49PHN_20250515T030100_L2A/TCI.tif,https://e84-earth-search-sentinel-data.s3.us-west-2.amazonaws.com/sentinel-2-c1-l2a/49/P/HN/2025/5/S2B_T49PHN_20250515T030100_L2A/SCL.tif,"[""zhubi""]"
MGRS-49PHN,S2B_T49PHN_20251201T025745_L2A,2025-12-01,32649,10,20,sampled_accepted,25,13,4,8,https://e84-earth-search-sentinel-data.s3.us-west-2.amazonaws.com/sentinel-2-c1-l2a/49/P/HN/2025/12/S2B_T49PHN_20251201T025745_L2A/TCI.tif,https://e84-earth-search-sentinel-data.s3.us-west-2.amazonaws.com/sentinel-2-c1-l2a/49/P/HN/2025/12/S2B_T49PHN_20251201T025745_L2A/SCL.tif,"[""zhubi""]"
MGRS-49PHP,S2B_T49PHP_20250214T030256_L2A,2025-02-14,32649,10,20,sampled_accepted,25,20,1,4,https://e84-earth-search-sentinel-data.s3.us-west-2.amazonaws.com/sentinel-2-c1-l2a/49/P/HP/2025/2/S2B_T49PHP_20250214T030256_L2A/TCI.tif,https://e84-earth-search-sentinel-data.s3.us-west-2.amazonaws.com/sentinel-2-c1-l2a/49/P/HP/2025/2/S2B_T49PHP_20250214T030256_L2A/SCL.tif,[]
MGRS-49PHP,S2C_T49PHP_20250420T030159_L2A,2025-04-20,32649,10,20,sampled_accepted,25,21,0,4,https://e84-earth-search-sentinel-data.s3.us-west-2.amazonaws.com/sentinel-2-c1-l2a/49/P/HP/2025/4/S2C_T49PHP_20250420T030159_L2A/TCI.tif,https://e84-earth-search-sentinel-data.s3.us-west-2.amazonaws.com/sentinel-2-c1-l2a/49/P/HP/2025/4/S2C_T49PHP_20250420T030159_L2A/SCL.tif,[]
MGRS-49PHP,S2A_T49PHP_20250522T025152_L2A,2025-05-22,32649,10,20,sampled_accepted,25,18,3,4,https://e84-earth-search-sentinel-data.s3.us-west-2.amazonaws.com/sentinel-2-c1-l2a/49/P/HP/2025/5/S2A_T49PHP_20250522T025152_L2A/TCI.tif,https://e84-earth-search-sentinel-data.s3.us-west-2.amazonaws.com/sentinel-2-c1-l2a/49/P/HP/2025/5/S2A_T49PHP_20250522T025152_L2A/SCL.tif,[]
MGRS-49PHS,S2C_T49PHS_20250420T030159_L2A,2025-04-20,32649,10,20,sampled_accepted,25,23,2,0,https://e84-earth-search-sentinel-data.s3.us-west-2.amazonaws.com/sentinel-2-c1-l2a/49/P/HS/2025/4/S2C_T49PHS_20250420T030159_L2A/TCI.tif,https://e84-earth-search-sentinel-data.s3.us-west-2.amazonaws.com/sentinel-2-c1-l2a/49/P/HS/2025/4/S2C_T49PHS_20250420T030159_L2A/SCL.tif,[]
MGRS-49PHS,S2B_T49PHS_20250714T030103_L2A,2025-07-14,32649,10,20,sampled_accepted,25,25,0,0,https://e84-earth-search-sentinel-data.s3.us-west-2.amazonaws.com/sentinel-2-c1-l2a/49/P/HS/2025/7/S2B_T49PHS_20250714T030103_L2A/TCI.tif,https://e84-earth-search-sentinel-data.s3.us-west-2.amazonaws.com/sentinel-2-c1-l2a/49/P/HS/2025/7/S2B_T49PHS_20250714T030103_L2A/SCL.tif,[]
MGRS-49PHS,S2C_T49PHS_20251017T025622_L2A,2025-10-17,32649,10,20,sampled_accepted,25,24,1,0,https://e84-earth-search-sentinel-data.s3.us-west-2.amazonaws.com/sentinel-2-c1-l2a/49/P/HS/2025/10/S2C_T49PHS_20251017T025622_L2A/TCI.tif,https://e84-earth-search-sentinel-data.s3.us-west-2.amazonaws.com/sentinel-2-c1-l2a/49/P/HS/2025/10/S2C_T49PHS_20251017T025622_L2A/SCL.tif,[]
MGRS-49PHT,S2B_T49PHT_20250326T030102_L2A,2025-03-26,32649,10,20,sampled_accepted,25,25,0,0,https://e84-earth-search-sentinel-data.s3.us-west-2.amazonaws.com/sentinel-2-c1-l2a/49/P/HT/2025/3/S2B_T49PHT_20250326T030102_L2A/TCI.tif,https://e84-earth-search-sentinel-data.s3.us-west-2.amazonaws.com/sentinel-2-c1-l2a/49/P/HT/2025/3/S2B_T49PHT_20250326T030102_L2A/SCL.tif,[]
MGRS-49PHT,S2B_T49PHT_20250425T030100_L2A,2025-04-25,32649,10,20,sampled_accepted,25,25,0,0,https://e84-earth-search-sentinel-data.s3.us-west-2.amazonaws.com/sentinel-2-c1-l2a/49/P/HT/2025/4/S2B_T49PHT_20250425T030100_L2A/TCI.tif,https://e84-earth-search-sentinel-data.s3.us-west-2.amazonaws.com/sentinel-2-c1-l2a/49/P/HT/2025/4/S2B_T49PHT_20250425T030100_L2A/SCL.tif,[]
MGRS-49PHT,S2C_T49PHT_20251017T025622_L2A,2025-10-17,32649,10,20,sampled_accepted,25,24,1,0,https://e84-earth-search-sentinel-data.s3.us-west-2.amazonaws.com/sentinel-2-c1-l2a/49/P/HT/2025/10/S2C_T49PHT_20251017T025622_L2A/TCI.tif,https://e84-earth-search-sentinel-data.s3.us-west-2.amazonaws.com/sentinel-2-c1-l2a/49/P/HT/2025/10/S2C_T49PHT_20251017T025622_L2A/SCL.tif,[]
MGRS-49QBA,S2B_T49QBA_20250131T031502_L2A,2025-01-31,32649,10,20,sampled_accepted,25,23,0,2,https://e84-earth-search-sentinel-data.s3.us-west-2.amazonaws.com/sentinel-2-c1-l2a/49/Q/BA/2025/1/S2B_T49QBA_20250131T031502_L2A/TCI.tif,https://e84-earth-search-sentinel-data.s3.us-west-2.amazonaws.com/sentinel-2-c1-l2a/49/Q/BA/2025/1/S2B_T49QBA_20250131T031502_L2A/SCL.tif,"[""main""]"
MGRS-49QBA,S2B_T49QBA_20250322T031553_L2A,2025-03-22,32649,10,20,sampled_accepted,25,23,0,2,https://e84-earth-search-sentinel-data.s3.us-west-2.amazonaws.com/sentinel-2-c1-l2a/49/Q/BA/2025/3/S2B_T49QBA_20250322T031553_L2A/TCI.tif,https://e84-earth-search-sentinel-data.s3.us-west-2.amazonaws.com/sentinel-2-c1-l2a/49/Q/BA/2025/3/S2B_T49QBA_20250322T031553_L2A/SCL.tif,"[""main""]"
MGRS-49QBA,S2C_T49QBA_20250625T032039_L2A,2025-06-25,32649,10,20,sampled_accepted,25,23,0,2,https://e84-earth-search-sentinel-data.s3.us-west-2.amazonaws.com/sentinel-2-c1-l2a/49/Q/BA/2025/6/S2C_T49QBA_20250625T032039_L2A/TCI.tif,https://e84-earth-search-sentinel-data.s3.us-west-2.amazonaws.com/sentinel-2-c1-l2a/49/Q/BA/2025/6/S2C_T49QBA_20250625T032039_L2A/SCL.tif,"[""main""]"
MGRS-49QBA,S2C_T49QBA_20251122T031501_L2A,2025-11-22,32649,10,20,sampled_accepted,25,22,1,2,https://e84-earth-search-sentinel-data.s3.us-west-2.amazonaws.com/sentinel-2-c1-l2a/49/Q/BA/2025/11/S2C_T49QBA_20251122T031501_L2A/TCI.tif,https://e84-earth-search-sentinel-data.s3.us-west-2.amazonaws.com/sentinel-2-c1-l2a/49/Q/BA/2025/11/S2C_T49QBA_20251122T031501_L2A/SCL.tif,"[""main""]"
MGRS-49QBB,S2A_T49QBB_20250106T032130_L2A,2025-01-06,32649,10,20,sampled_accepted,25,18,0,7,https://e84-earth-search-sentinel-data.s3.us-west-2.amazonaws.com/sentinel-2-c1-l2a/49/Q/BB/2025/1/S2A_T49QBB_20250106T032130_L2A/TCI.tif,https://e84-earth-search-sentinel-data.s3.us-west-2.amazonaws.com/sentinel-2-c1-l2a/49/Q/BB/2025/1/S2A_T49QBB_20250106T032130_L2A/SCL.tif,"[""main""]"
MGRS-49QBB,S2B_T49QBB_20250131T031502_L2A,2025-01-31,32649,10,20,sampled_accepted,25,18,0,7,https://e84-earth-search-sentinel-data.s3.us-west-2.amazonaws.com/sentinel-2-c1-l2a/49/Q/BB/2025/1/S2B_T49QBB_20250131T031502_L2A/TCI.tif,https://e84-earth-search-sentinel-data.s3.us-west-2.amazonaws.com/sentinel-2-c1-l2a/49/Q/BB/2025/1/S2B_T49QBB_20250131T031502_L2A/SCL.tif,"[""main""]"
MGRS-49QBB,S2C_T49QBB_20250327T031111_L2A,2025-03-27,32649,10,20,sampled_accepted,25,18,0,7,https://e84-earth-search-sentinel-data.s3.us-west-2.amazonaws.com/sentinel-2-c1-l2a/49/Q/BB/2025/3/S2C_T49QBB_20250327T031111_L2A/TCI.tif,https://e84-earth-search-sentinel-data.s3.us-west-2.amazonaws.com/sentinel-2-c1-l2a/49/Q/BB/2025/3/S2C_T49QBB_20250327T031111_L2A/SCL.tif,"[""main""]"
MGRS-49QBC,S2B_T49QBC_20250104T032739_L2A,2025-01-04,32649,10,20,sampled_accepted,25,22,0,3,https://e84-earth-search-sentinel-data.s3.us-west-2.amazonaws.com/sentinel-2-c1-l2a/49/Q/BC/2025/1/S2B_T49QBC_20250104T032739_L2A/TCI.tif,https://e84-earth-search-sentinel-data.s3.us-west-2.amazonaws.com/sentinel-2-c1-l2a/49/Q/BC/2025/1/S2B_T49QBC_20250104T032739_L2A/SCL.tif,"[""main""]"
MGRS-49QBC,S2A_T49QBC_20250119T032600_L2A,2025-01-19,32649,10,20,sampled_accepted,25,21,1,3,https://e84-earth-search-sentinel-data.s3.us-west-2.amazonaws.com/sentinel-2-c1-l2a/49/Q/BC/2025/1/S2A_T49QBC_20250119T032600_L2A/TCI.tif,https://e84-earth-search-sentinel-data.s3.us-west-2.amazonaws.com/sentinel-2-c1-l2a/49/Q/BC/2025/1/S2A_T49QBC_20250119T032600_L2A/SCL.tif,"[""main""]"
MGRS-49QBC,S2C_T49QBC_20251115T032458_L2A,2025-11-15,32649,10,20,sampled_accepted,25,21,0,4,https://e84-earth-search-sentinel-data.s3.us-west-2.amazonaws.com/sentinel-2-c1-l2a/49/Q/BC/2025/11/S2C_T49QBC_20251115T032458_L2A/TCI.tif,https://e84-earth-search-sentinel-data.s3.us-west-2.amazonaws.com/sentinel-2-c1-l2a/49/Q/BC/2025/11/S2C_T49QBC_20251115T032458_L2A/SCL.tif,"[""main""]"
MGRS-49QBV,S2B_T49QBV_20250322T031553_L2A,2025-03-22,32649,10,20,sampled_accepted,25,25,0,0,https://e84-earth-search-sentinel-data.s3.us-west-2.amazonaws.com/sentinel-2-c1-l2a/49/Q/BV/2025/3/S2B_T49QBV_20250322T031553_L2A/TCI.tif,https://e84-earth-search-sentinel-data.s3.us-west-2.amazonaws.com/sentinel-2-c1-l2a/49/Q/BV/2025/3/S2B_T49QBV_20250322T031553_L2A/SCL.tif,[]
MGRS-49QBV,S2C_T49QBV_20250327T031111_L2A,2025-03-27,32649,10,20,sampled_accepted,25,25,0,0,https://e84-earth-search-sentinel-data.s3.us-west-2.amazonaws.com/sentinel-2-c1-l2a/49/Q/BV/2025/3/S2C_T49QBV_20250327T031111_L2A/TCI.tif,https://e84-earth-search-sentinel-data.s3.us-west-2.amazonaws.com/sentinel-2-c1-l2a/49/Q/BV/2025/3/S2C_T49QBV_20250327T031111_L2A/SCL.tif,"[""main""]"
MGRS-49QBV,S2A_T49QBV_20250717T032110_L2A,2025-07-17,32649,10,20,sampled_accepted,25,25,0,0,https://e84-earth-search-sentinel-data.s3.us-west-2.amazonaws.com/sentinel-2-c1-l2a/49/Q/BV/2025/7/S2A_T49QBV_20250717T032110_L2A/TCI.tif,https://e84-earth-search-sentinel-data.s3.us-west-2.amazonaws.com/sentinel-2-c1-l2a/49/Q/BV/2025/7/S2A_T49QBV_20250717T032110_L2A/SCL.tif,"[""main""]"
MGRS-49QCA,S2A_T49QCA_20250106T032130_L2A,2025-01-06,32649,10,20,sampled_accepted,25,25,0,0,https://e84-earth-search-sentinel-data.s3.us-west-2.amazonaws.com/sentinel-2-c1-l2a/49/Q/CA/2025/1/S2A_T49QCA_20250106T032130_L2A/TCI.tif,https://e84-earth-search-sentinel-data.s3.us-west-2.amazonaws.com/sentinel-2-c1-l2a/49/Q/CA/2025/1/S2A_T49QCA_20250106T032130_L2A/SCL.tif,"[""main"",""sanya"",""wuzhishan"",""xidao""]"
MGRS-49QCA,S2B_T49QCA_20250111T031956_L2A,2025-01-11,32649,10,20,sampled_accepted,25,24,1,0,https://e84-earth-search-sentinel-data.s3.us-west-2.amazonaws.com/sentinel-2-c1-l2a/49/Q/CA/2025/1/S2B_T49QCA_20250111T031956_L2A/TCI.tif,https://e84-earth-search-sentinel-data.s3.us-west-2.amazonaws.com/sentinel-2-c1-l2a/49/Q/CA/2025/1/S2B_T49QCA_20250111T031956_L2A/SCL.tif,"[""main"",""sanya"",""wuzhishan"",""xidao""]"
MGRS-49QCA,S2B_T49QCA_20250322T031553_L2A,2025-03-22,32649,10,20,sampled_accepted,25,24,1,0,https://e84-earth-search-sentinel-data.s3.us-west-2.amazonaws.com/sentinel-2-c1-l2a/49/Q/CA/2025/3/S2B_T49QCA_20250322T031553_L2A/TCI.tif,https://e84-earth-search-sentinel-data.s3.us-west-2.amazonaws.com/sentinel-2-c1-l2a/49/Q/CA/2025/3/S2B_T49QCA_20250322T031553_L2A/SCL.tif,"[""main"",""sanya"",""wuzhishan""]"
MGRS-49QCB,S2A_T49QCB_20250106T032130_L2A,2025-01-06,32649,10,20,sampled_accepted,25,24,1,0,https://e84-earth-search-sentinel-data.s3.us-west-2.amazonaws.com/sentinel-2-c1-l2a/49/Q/CB/2025/1/S2A_T49QCB_20250106T032130_L2A/TCI.tif,https://e84-earth-search-sentinel-data.s3.us-west-2.amazonaws.com/sentinel-2-c1-l2a/49/Q/CB/2025/1/S2A_T49QCB_20250106T032130_L2A/SCL.tif,"[""danzhou"",""main""]"
MGRS-49QCB,S2B_T49QCB_20250302T032220_L2A,2025-03-02,32649,10,20,sampled_accepted,25,24,1,0,https://e84-earth-search-sentinel-data.s3.us-west-2.amazonaws.com/sentinel-2-c1-l2a/49/Q/CB/2025/3/S2B_T49QCB_20250302T032220_L2A/TCI.tif,https://e84-earth-search-sentinel-data.s3.us-west-2.amazonaws.com/sentinel-2-c1-l2a/49/Q/CB/2025/3/S2B_T49QCB_20250302T032220_L2A/SCL.tif,"[""danzhou"",""main""]"
MGRS-49QCB,S2C_T49QCB_20250327T031111_L2A,2025-03-27,32649,10,20,sampled_accepted,25,25,0,0,https://e84-earth-search-sentinel-data.s3.us-west-2.amazonaws.com/sentinel-2-c1-l2a/49/Q/CB/2025/3/S2C_T49QCB_20250327T031111_L2A/TCI.tif,https://e84-earth-search-sentinel-data.s3.us-west-2.amazonaws.com/sentinel-2-c1-l2a/49/Q/CB/2025/3/S2C_T49QCB_20250327T031111_L2A/SCL.tif,"[""danzhou"",""main"",""wuzhishan""]"
MGRS-49QCB,S2A_T49QCB_20250717T032110_L2A,2025-07-17,32649,10,20,sampled_accepted,25,24,1,0,https://e84-earth-search-sentinel-data.s3.us-west-2.amazonaws.com/sentinel-2-c1-l2a/49/Q/CB/2025/7/S2A_T49QCB_20250717T032110_L2A/TCI.tif,https://e84-earth-search-sentinel-data.s3.us-west-2.amazonaws.com/sentinel-2-c1-l2a/49/Q/CB/2025/7/S2A_T49QCB_20250717T032110_L2A/SCL.tif,"[""main""]"
MGRS-49QCC,S2A_T49QCC_20250106T032130_L2A,2025-01-06,32649,10,20,sampled_accepted,25,25,0,0,https://e84-earth-search-sentinel-data.s3.us-west-2.amazonaws.com/sentinel-2-c1-l2a/49/Q/CC/2025/1/S2A_T49QCC_20250106T032130_L2A/TCI.tif,https://e84-earth-search-sentinel-data.s3.us-west-2.amazonaws.com/sentinel-2-c1-l2a/49/Q/CC/2025/1/S2A_T49QCC_20250106T032130_L2A/SCL.tif,"[""main""]"
MGRS-49QCC,S2B_T49QCC_20250121T031456_L2A,2025-01-21,32649,10,20,sampled_accepted,25,25,0,0,https://e84-earth-search-sentinel-data.s3.us-west-2.amazonaws.com/sentinel-2-c1-l2a/49/Q/CC/2025/1/S2B_T49QCC_20250121T031456_L2A/TCI.tif,https://e84-earth-search-sentinel-data.s3.us-west-2.amazonaws.com/sentinel-2-c1-l2a/49/Q/CC/2025/1/S2B_T49QCC_20250121T031456_L2A/SCL.tif,"[""main""]"
MGRS-49QCC,S2B_T49QCC_20250421T031621_L2A,2025-04-21,32649,10,20,sampled_accepted,25,25,0,0,https://e84-earth-search-sentinel-data.s3.us-west-2.amazonaws.com/sentinel-2-c1-l2a/49/Q/CC/2025/4/S2B_T49QCC_20250421T031621_L2A/TCI.tif,https://e84-earth-search-sentinel-data.s3.us-west-2.amazonaws.com/sentinel-2-c1-l2a/49/Q/CC/2025/4/S2B_T49QCC_20250421T031621_L2A/SCL.tif,"[""main""]"
MGRS-49QCV,S2C_T49QCV_20250205T031432_L2A,2025-02-05,32649,10,20,sampled_accepted,25,25,0,0,https://e84-earth-search-sentinel-data.s3.us-west-2.amazonaws.com/sentinel-2-c1-l2a/49/Q/CV/2025/2/S2C_T49QCV_20250205T031432_L2A/TCI.tif,https://e84-earth-search-sentinel-data.s3.us-west-2.amazonaws.com/sentinel-2-c1-l2a/49/Q/CV/2025/2/S2C_T49QCV_20250205T031432_L2A/SCL.tif,[]
MGRS-49QCV,S2B_T49QCV_20250322T031553_L2A,2025-03-22,32649,10,20,sampled_accepted,25,25,0,0,https://e84-earth-search-sentinel-data.s3.us-west-2.amazonaws.com/sentinel-2-c1-l2a/49/Q/CV/2025/3/S2B_T49QCV_20250322T031553_L2A/TCI.tif,https://e84-earth-search-sentinel-data.s3.us-west-2.amazonaws.com/sentinel-2-c1-l2a/49/Q/CV/2025/3/S2B_T49QCV_20250322T031553_L2A/SCL.tif,"[""main""]"
MGRS-49QCV,S2A_T49QCV_20250717T032110_L2A,2025-07-17,32649,10,20,sampled_accepted,25,25,0,0,https://e84-earth-search-sentinel-data.s3.us-west-2.amazonaws.com/sentinel-2-c1-l2a/49/Q/CV/2025/7/S2A_T49QCV_20250717T032110_L2A/TCI.tif,https://e84-earth-search-sentinel-data.s3.us-west-2.amazonaws.com/sentinel-2-c1-l2a/49/Q/CV/2025/7/S2A_T49QCV_20250717T032110_L2A/SCL.tif,"[""main""]"
MGRS-49QDA,S2A_T49QDA_20250106T032130_L2A,2025-01-06,32649,10,20,sampled_accepted,25,24,1,0,https://e84-earth-search-sentinel-data.s3.us-west-2.amazonaws.com/sentinel-2-c1-l2a/49/Q/DA/2025/1/S2A_T49QDA_20250106T032130_L2A/TCI.tif,https://e84-earth-search-sentinel-data.s3.us-west-2.amazonaws.com/sentinel-2-c1-l2a/49/Q/DA/2025/1/S2A_T49QDA_20250106T032130_L2A/SCL.tif,"[""main""]"
MGRS-49QDA,S2A_T49QDA_20250717T032110_L2A,2025-07-17,32649,10,20,sampled_accepted,25,21,3,1,https://e84-earth-search-sentinel-data.s3.us-west-2.amazonaws.com/sentinel-2-c1-l2a/49/Q/DA/2025/7/S2A_T49QDA_20250717T032110_L2A/TCI.tif,https://e84-earth-search-sentinel-data.s3.us-west-2.amazonaws.com/sentinel-2-c1-l2a/49/Q/DA/2025/7/S2A_T49QDA_20250717T032110_L2A/SCL.tif,"[""main""]"
MGRS-49QDA,S2A_T49QDA_20250915T032107_L2A,2025-09-15,32649,10,20,sampled_accepted,25,22,3,0,https://e84-earth-search-sentinel-data.s3.us-west-2.amazonaws.com/sentinel-2-c1-l2a/49/Q/DA/2025/9/S2A_T49QDA_20250915T032107_L2A/TCI.tif,https://e84-earth-search-sentinel-data.s3.us-west-2.amazonaws.com/sentinel-2-c1-l2a/49/Q/DA/2025/9/S2A_T49QDA_20250915T032107_L2A/SCL.tif,"[""main""]"
MGRS-49QDA,S2C_T49QDA_20251003T032032_L2A,2025-10-03,32649,10,20,sampled_accepted,25,21,3,1,https://e84-earth-search-sentinel-data.s3.us-west-2.amazonaws.com/sentinel-2-c1-l2a/49/Q/DA/2025/10/S2C_T49QDA_20251003T032032_L2A/TCI.tif,https://e84-earth-search-sentinel-data.s3.us-west-2.amazonaws.com/sentinel-2-c1-l2a/49/Q/DA/2025/10/S2C_T49QDA_20251003T032032_L2A/SCL.tif,"[""main""]"
MGRS-49QDB,S2B_T49QDB_20250111T031956_L2A,2025-01-11,32649,10,20,sampled_accepted,25,24,1,0,https://e84-earth-search-sentinel-data.s3.us-west-2.amazonaws.com/sentinel-2-c1-l2a/49/Q/DB/2025/1/S2B_T49QDB_20250111T031956_L2A/TCI.tif,https://e84-earth-search-sentinel-data.s3.us-west-2.amazonaws.com/sentinel-2-c1-l2a/49/Q/DB/2025/1/S2B_T49QDB_20250111T031956_L2A/SCL.tif,"[""main"",""wenchang""]"
MGRS-49QDB,S2B_T49QDB_20250121T031456_L2A,2025-01-21,32649,10,20,sampled_accepted,25,22,3,0,https://e84-earth-search-sentinel-data.s3.us-west-2.amazonaws.com/sentinel-2-c1-l2a/49/Q/DB/2025/1/S2B_T49QDB_20250121T031456_L2A/TCI.tif,https://e84-earth-search-sentinel-data.s3.us-west-2.amazonaws.com/sentinel-2-c1-l2a/49/Q/DB/2025/1/S2B_T49QDB_20250121T031456_L2A/SCL.tif,"[""main"",""wenchang""]"
MGRS-49QDB,S2C_T49QDB_20250327T031111_L2A,2025-03-27,32649,10,20,sampled_accepted,25,24,1,0,https://e84-earth-search-sentinel-data.s3.us-west-2.amazonaws.com/sentinel-2-c1-l2a/49/Q/DB/2025/3/S2C_T49QDB_20250327T031111_L2A/TCI.tif,https://e84-earth-search-sentinel-data.s3.us-west-2.amazonaws.com/sentinel-2-c1-l2a/49/Q/DB/2025/3/S2C_T49QDB_20250327T031111_L2A/SCL.tif,"[""main"",""wenchang""]"
MGRS-49QDC,S2A_T49QDC_20250106T032130_L2A,2025-01-06,32649,10,20,sampled_accepted,25,25,0,0,https://e84-earth-search-sentinel-data.s3.us-west-2.amazonaws.com/sentinel-2-c1-l2a/49/Q/DC/2025/1/S2A_T49QDC_20250106T032130_L2A/TCI.tif,https://e84-earth-search-sentinel-data.s3.us-west-2.amazonaws.com/sentinel-2-c1-l2a/49/Q/DC/2025/1/S2A_T49QDC_20250106T032130_L2A/SCL.tif,"[""haikou"",""main""]"
MGRS-49QDC,S2B_T49QDC_20250111T031956_L2A,2025-01-11,32649,10,20,sampled_accepted,25,25,0,0,https://e84-earth-search-sentinel-data.s3.us-west-2.amazonaws.com/sentinel-2-c1-l2a/49/Q/DC/2025/1/S2B_T49QDC_20250111T031956_L2A/TCI.tif,https://e84-earth-search-sentinel-data.s3.us-west-2.amazonaws.com/sentinel-2-c1-l2a/49/Q/DC/2025/1/S2B_T49QDC_20250111T031956_L2A/SCL.tif,"[""haikou"",""main""]"
MGRS-49QDC,S2C_T49QDC_20250327T031111_L2A,2025-03-27,32649,10,20,sampled_accepted,25,25,0,0,https://e84-earth-search-sentinel-data.s3.us-west-2.amazonaws.com/sentinel-2-c1-l2a/49/Q/DC/2025/3/S2C_T49QDC_20250327T031111_L2A/TCI.tif,https://e84-earth-search-sentinel-data.s3.us-west-2.amazonaws.com/sentinel-2-c1-l2a/49/Q/DC/2025/3/S2C_T49QDC_20250327T031111_L2A/SCL.tif,"[""haikou"",""main""]"
MGRS-49QDU,S2C_T49QDU_20250423T030824_L2A,2025-04-23,32649,10,20,sampled_accepted,25,18,0,7,https://e84-earth-search-sentinel-data.s3.us-west-2.amazonaws.com/sentinel-2-c1-l2a/49/Q/DU/2025/4/S2C_T49QDU_20250423T030824_L2A/TCI.tif,https://e84-earth-search-sentinel-data.s3.us-west-2.amazonaws.com/sentinel-2-c1-l2a/49/Q/DU/2025/4/S2C_T49QDU_20250423T030824_L2A/SCL.tif,[]
MGRS-49QDU,S2C_T49QDU_20250801T030622_L2A,2025-08-01,32649,10,20,sampled_accepted,25,18,0,7,https://e84-earth-search-sentinel-data.s3.us-west-2.amazonaws.com/sentinel-2-c1-l2a/49/Q/DU/2025/8/S2C_T49QDU_20250801T030622_L2A/TCI.tif,https://e84-earth-search-sentinel-data.s3.us-west-2.amazonaws.com/sentinel-2-c1-l2a/49/Q/DU/2025/8/S2C_T49QDU_20250801T030622_L2A/SCL.tif,[]
MGRS-49QDU,S2C_T49QDU_20251229T030136_L2A,2025-12-29,32649,10,20,sampled_accepted,25,17,1,7,https://e84-earth-search-sentinel-data.s3.us-west-2.amazonaws.com/sentinel-2-c1-l2a/49/Q/DU/2025/12/S2C_T49QDU_20251229T030136_L2A/TCI.tif,https://e84-earth-search-sentinel-data.s3.us-west-2.amazonaws.com/sentinel-2-c1-l2a/49/Q/DU/2025/12/S2C_T49QDU_20251229T030136_L2A/SCL.tif,[]
MGRS-49QDV,S2B_T49QDV_20250302T032220_L2A,2025-03-02,32649,10,20,sampled_accepted,25,18,1,6,https://e84-earth-search-sentinel-data.s3.us-west-2.amazonaws.com/sentinel-2-c1-l2a/49/Q/DV/2025/3/S2B_T49QDV_20250302T032220_L2A/TCI.tif,https://e84-earth-search-sentinel-data.s3.us-west-2.amazonaws.com/sentinel-2-c1-l2a/49/Q/DV/2025/3/S2B_T49QDV_20250302T032220_L2A/SCL.tif,"[""main""]"
MGRS-49QDV,S2C_T49QDV_20250423T030824_L2A,2025-04-23,32649,10,20,sampled_accepted,25,13,0,12,https://e84-earth-search-sentinel-data.s3.us-west-2.amazonaws.com/sentinel-2-c1-l2a/49/Q/DV/2025/4/S2C_T49QDV_20250423T030824_L2A/TCI.tif,https://e84-earth-search-sentinel-data.s3.us-west-2.amazonaws.com/sentinel-2-c1-l2a/49/Q/DV/2025/4/S2C_T49QDV_20250423T030824_L2A/SCL.tif,[]
MGRS-49QDV,S2A_T49QDV_20250915T032107_L2A,2025-09-15,32649,10,20,sampled_accepted,25,19,0,6,https://e84-earth-search-sentinel-data.s3.us-west-2.amazonaws.com/sentinel-2-c1-l2a/49/Q/DV/2025/9/S2A_T49QDV_20250915T032107_L2A/TCI.tif,https://e84-earth-search-sentinel-data.s3.us-west-2.amazonaws.com/sentinel-2-c1-l2a/49/Q/DV/2025/9/S2A_T49QDV_20250915T032107_L2A/SCL.tif,"[""main""]"
MGRS-49QDV,S2C_T49QDV_20251003T032032_L2A,2025-10-03,32649,10,20,sampled_accepted,25,18,1,6,https://e84-earth-search-sentinel-data.s3.us-west-2.amazonaws.com/sentinel-2-c1-l2a/49/Q/DV/2025/10/S2C_T49QDV_20251003T032032_L2A/TCI.tif,https://e84-earth-search-sentinel-data.s3.us-west-2.amazonaws.com/sentinel-2-c1-l2a/49/Q/DV/2025/10/S2C_T49QDV_20251003T032032_L2A/SCL.tif,"[""main""]"
MGRS-49QDV,S2C_T49QDV_20251229T030136_L2A,2025-12-29,32649,10,20,sampled_accepted,25,13,0,12,https://e84-earth-search-sentinel-data.s3.us-west-2.amazonaws.com/sentinel-2-c1-l2a/49/Q/DV/2025/12/S2C_T49QDV_20251229T030136_L2A/TCI.tif,https://e84-earth-search-sentinel-data.s3.us-west-2.amazonaws.com/sentinel-2-c1-l2a/49/Q/DV/2025/12/S2C_T49QDV_20251229T030136_L2A/SCL.tif,[]
MGRS-49QDV,S2A_T49QDV_20251231T030827_L2A,2025-12-31,32649,10,20,sampled_accepted,25,13,0,12,https://e84-earth-search-sentinel-data.s3.us-west-2.amazonaws.com/sentinel-2-c1-l2a/49/Q/DV/2025/12/S2A_T49QDV_20251231T030827_L2A/TCI.tif,https://e84-earth-search-sentinel-data.s3.us-west-2.amazonaws.com/sentinel-2-c1-l2a/49/Q/DV/2025/12/S2A_T49QDV_20251231T030827_L2A/SCL.tif,[]
MGRS-49QEA,S2C_T49QEA_20250403T030857_L2A,2025-04-03,32649,10,20,sampled_accepted,25,25,0,0,https://e84-earth-search-sentinel-data.s3.us-west-2.amazonaws.com/sentinel-2-c1-l2a/49/Q/EA/2025/4/S2C_T49QEA_20250403T030857_L2A/TCI.tif,https://e84-earth-search-sentinel-data.s3.us-west-2.amazonaws.com/sentinel-2-c1-l2a/49/Q/EA/2025/4/S2C_T49QEA_20250403T030857_L2A/SCL.tif,"[""main""]"
MGRS-49QEA,S2B_T49QEA_20250717T030848_L2A,2025-07-17,32649,10,20,sampled_accepted,25,25,0,0,https://e84-earth-search-sentinel-data.s3.us-west-2.amazonaws.com/sentinel-2-c1-l2a/49/Q/EA/2025/7/S2B_T49QEA_20250717T030848_L2A/TCI.tif,https://e84-earth-search-sentinel-data.s3.us-west-2.amazonaws.com/sentinel-2-c1-l2a/49/Q/EA/2025/7/S2B_T49QEA_20250717T030848_L2A/SCL.tif,"[""main""]"
MGRS-49QEA,S2B_T49QEA_20251015T031138_L2A,2025-10-15,32649,10,20,sampled_accepted,25,25,0,0,https://e84-earth-search-sentinel-data.s3.us-west-2.amazonaws.com/sentinel-2-c1-l2a/49/Q/EA/2025/10/S2B_T49QEA_20251015T031138_L2A/TCI.tif,https://e84-earth-search-sentinel-data.s3.us-west-2.amazonaws.com/sentinel-2-c1-l2a/49/Q/EA/2025/10/S2B_T49QEA_20251015T031138_L2A/SCL.tif,[]
MGRS-49QEB,S2C_T49QEB_20250324T030806_L2A,2025-03-24,32649,10,20,sampled_accepted,25,25,0,0,https://e84-earth-search-sentinel-data.s3.us-west-2.amazonaws.com/sentinel-2-c1-l2a/49/Q/EB/2025/3/S2C_T49QEB_20250324T030806_L2A/TCI.tif,https://e84-earth-search-sentinel-data.s3.us-west-2.amazonaws.com/sentinel-2-c1-l2a/49/Q/EB/2025/3/S2C_T49QEB_20250324T030806_L2A/SCL.tif,"[""main""]"
MGRS-49QEB,S2C_T49QEB_20250423T030824_L2A,2025-04-23,32649,10,20,sampled_accepted,25,25,0,0,https://e84-earth-search-sentinel-data.s3.us-west-2.amazonaws.com/sentinel-2-c1-l2a/49/Q/EB/2025/4/S2C_T49QEB_20250423T030824_L2A/TCI.tif,https://e84-earth-search-sentinel-data.s3.us-west-2.amazonaws.com/sentinel-2-c1-l2a/49/Q/EB/2025/4/S2C_T49QEB_20250423T030824_L2A/SCL.tif,"[""main""]"
MGRS-49QEB,S2B_T49QEB_20250717T030848_L2A,2025-07-17,32649,10,20,sampled_accepted,25,25,0,0,https://e84-earth-search-sentinel-data.s3.us-west-2.amazonaws.com/sentinel-2-c1-l2a/49/Q/EB/2025/7/S2B_T49QEB_20250717T030848_L2A/TCI.tif,https://e84-earth-search-sentinel-data.s3.us-west-2.amazonaws.com/sentinel-2-c1-l2a/49/Q/EB/2025/7/S2B_T49QEB_20250717T030848_L2A/SCL.tif,[]
MGRS-49QEC,S2A_T49QEC_20250103T030544_L2A,2025-01-03,32649,10,20,sampled_accepted,25,21,0,4,https://e84-earth-search-sentinel-data.s3.us-west-2.amazonaws.com/sentinel-2-c1-l2a/49/Q/EC/2025/1/S2A_T49QEC_20250103T030544_L2A/TCI.tif,https://e84-earth-search-sentinel-data.s3.us-west-2.amazonaws.com/sentinel-2-c1-l2a/49/Q/EC/2025/1/S2A_T49QEC_20250103T030544_L2A/SCL.tif,"[""main""]"
MGRS-49QEC,S2C_T49QEC_20250324T030806_L2A,2025-03-24,32649,10,20,sampled_accepted,25,20,1,4,https://e84-earth-search-sentinel-data.s3.us-west-2.amazonaws.com/sentinel-2-c1-l2a/49/Q/EC/2025/3/S2C_T49QEC_20250324T030806_L2A/TCI.tif,https://e84-earth-search-sentinel-data.s3.us-west-2.amazonaws.com/sentinel-2-c1-l2a/49/Q/EC/2025/3/S2C_T49QEC_20250324T030806_L2A/SCL.tif,"[""main""]"
MGRS-49QEC,S2C_T49QEC_20250423T030824_L2A,2025-04-23,32649,10,20,sampled_accepted,25,21,0,4,https://e84-earth-search-sentinel-data.s3.us-west-2.amazonaws.com/sentinel-2-c1-l2a/49/Q/EC/2025/4/S2C_T49QEC_20250423T030824_L2A/TCI.tif,https://e84-earth-search-sentinel-data.s3.us-west-2.amazonaws.com/sentinel-2-c1-l2a/49/Q/EC/2025/4/S2C_T49QEC_20250423T030824_L2A/SCL.tif,"[""main""]"
MGRS-49QEU,S2C_T49QEU_20250304T030435_L2A,2025-03-04,32649,10,20,sampled_accepted,25,24,1,0,https://e84-earth-search-sentinel-data.s3.us-west-2.amazonaws.com/sentinel-2-c1-l2a/49/Q/EU/2025/3/S2C_T49QEU_20250304T030435_L2A/TCI.tif,https://e84-earth-search-sentinel-data.s3.us-west-2.amazonaws.com/sentinel-2-c1-l2a/49/Q/EU/2025/3/S2C_T49QEU_20250304T030435_L2A/SCL.tif,[]
MGRS-49QEU,S2C_T49QEU_20250324T030806_L2A,2025-03-24,32649,10,20,sampled_accepted,25,25,0,0,https://e84-earth-search-sentinel-data.s3.us-west-2.amazonaws.com/sentinel-2-c1-l2a/49/Q/EU/2025/3/S2C_T49QEU_20250324T030806_L2A/TCI.tif,https://e84-earth-search-sentinel-data.s3.us-west-2.amazonaws.com/sentinel-2-c1-l2a/49/Q/EU/2025/3/S2C_T49QEU_20250324T030806_L2A/SCL.tif,[]
MGRS-49QEU,S2C_T49QEU_20250423T030824_L2A,2025-04-23,32649,10,20,sampled_accepted,25,24,1,0,https://e84-earth-search-sentinel-data.s3.us-west-2.amazonaws.com/sentinel-2-c1-l2a/49/Q/EU/2025/4/S2C_T49QEU_20250423T030824_L2A/TCI.tif,https://e84-earth-search-sentinel-data.s3.us-west-2.amazonaws.com/sentinel-2-c1-l2a/49/Q/EU/2025/4/S2C_T49QEU_20250423T030824_L2A/SCL.tif,[]
MGRS-49QEU,S2B_T49QEU_20250518T030841_L2A,2025-05-18,32649,10,20,sampled_accepted,25,22,3,0,https://e84-earth-search-sentinel-data.s3.us-west-2.amazonaws.com/sentinel-2-c1-l2a/49/Q/EU/2025/5/S2B_T49QEU_20250518T030841_L2A/TCI.tif,https://e84-earth-search-sentinel-data.s3.us-west-2.amazonaws.com/sentinel-2-c1-l2a/49/Q/EU/2025/5/S2B_T49QEU_20250518T030841_L2A/SCL.tif,[]
MGRS-49QEU,S2B_T49QEU_20250717T030848_L2A,2025-07-17,32649,10,20,sampled_accepted,25,23,2,0,https://e84-earth-search-sentinel-data.s3.us-west-2.amazonaws.com/sentinel-2-c1-l2a/49/Q/EU/2025/7/S2B_T49QEU_20250717T030848_L2A/TCI.tif,https://e84-earth-search-sentinel-data.s3.us-west-2.amazonaws.com/sentinel-2-c1-l2a/49/Q/EU/2025/7/S2B_T49QEU_20250717T030848_L2A/SCL.tif,[]
MGRS-49QEU,S2B_T49QEU_20251015T031138_L2A,2025-10-15,32649,10,20,sampled_accepted,25,22,3,0,https://e84-earth-search-sentinel-data.s3.us-west-2.amazonaws.com/sentinel-2-c1-l2a/49/Q/EU/2025/10/S2B_T49QEU_20251015T031138_L2A/TCI.tif,https://e84-earth-search-sentinel-data.s3.us-west-2.amazonaws.com/sentinel-2-c1-l2a/49/Q/EU/2025/10/S2B_T49QEU_20251015T031138_L2A/SCL.tif,[]
MGRS-49QEV,S2C_T49QEV_20250202T030955_L2A,2025-02-02,32649,10,20,sampled_accepted,25,23,2,0,https://e84-earth-search-sentinel-data.s3.us-west-2.amazonaws.com/sentinel-2-c1-l2a/49/Q/EV/2025/2/S2C_T49QEV_20250202T030955_L2A/TCI.tif,https://e84-earth-search-sentinel-data.s3.us-west-2.amazonaws.com/sentinel-2-c1-l2a/49/Q/EV/2025/2/S2C_T49QEV_20250202T030955_L2A/SCL.tif,"[""main""]"
MGRS-49QEV,S2C_T49QEV_20250423T030824_L2A,2025-04-23,32649,10,20,sampled_accepted,25,24,1,0,https://e84-earth-search-sentinel-data.s3.us-west-2.amazonaws.com/sentinel-2-c1-l2a/49/Q/EV/2025/4/S2C_T49QEV_20250423T030824_L2A/TCI.tif,https://e84-earth-search-sentinel-data.s3.us-west-2.amazonaws.com/sentinel-2-c1-l2a/49/Q/EV/2025/4/S2C_T49QEV_20250423T030824_L2A/SCL.tif,"[""main""]"
MGRS-49QEV,S2B_T49QEV_20250717T030848_L2A,2025-07-17,32649,10,20,sampled_accepted,25,23,2,0,https://e84-earth-search-sentinel-data.s3.us-west-2.amazonaws.com/sentinel-2-c1-l2a/49/Q/EV/2025/7/S2B_T49QEV_20250717T030848_L2A/TCI.tif,https://e84-earth-search-sentinel-data.s3.us-west-2.amazonaws.com/sentinel-2-c1-l2a/49/Q/EV/2025/7/S2B_T49QEV_20250717T030848_L2A/SCL.tif,"[""main""]"
MGRS-49QFU,S2C_T49QFU_20250123T031117_L2A,2025-01-23,32649,10,20,sampled_accepted,25,24,1,0,https://e84-earth-search-sentinel-data.s3.us-west-2.amazonaws.com/sentinel-2-c1-l2a/49/Q/FU/2025/1/S2C_T49QFU_20250123T031117_L2A/TCI.tif,https://e84-earth-search-sentinel-data.s3.us-west-2.amazonaws.com/sentinel-2-c1-l2a/49/Q/FU/2025/1/S2C_T49QFU_20250123T031117_L2A/SCL.tif,"[""yongxing""]"
MGRS-49QFU,S2C_T49QFU_20250304T030435_L2A,2025-03-04,32649,10,20,sampled_accepted,25,20,5,0,https://e84-earth-search-sentinel-data.s3.us-west-2.amazonaws.com/sentinel-2-c1-l2a/49/Q/FU/2025/3/S2C_T49QFU_20250304T030435_L2A/TCI.tif,https://e84-earth-search-sentinel-data.s3.us-west-2.amazonaws.com/sentinel-2-c1-l2a/49/Q/FU/2025/3/S2C_T49QFU_20250304T030435_L2A/SCL.tif,[]
MGRS-49QFU,S2A_T49QFU_20250415T030753_L2A,2025-04-15,32649,10,20,sampled_accepted,25,24,1,0,https://e84-earth-search-sentinel-data.s3.us-west-2.amazonaws.com/sentinel-2-c1-l2a/49/Q/FU/2025/4/S2A_T49QFU_20250415T030753_L2A/TCI.tif,https://e84-earth-search-sentinel-data.s3.us-west-2.amazonaws.com/sentinel-2-c1-l2a/49/Q/FU/2025/4/S2A_T49QFU_20250415T030753_L2A/SCL.tif,"[""yongxing""]"
MGRS-49QFU,S2C_T49QFU_20250801T030622_L2A,2025-08-01,32649,10,20,sampled_accepted,25,23,2,0,https://e84-earth-search-sentinel-data.s3.us-west-2.amazonaws.com/sentinel-2-c1-l2a/49/Q/FU/2025/8/S2C_T49QFU_20250801T030622_L2A/TCI.tif,https://e84-earth-search-sentinel-data.s3.us-west-2.amazonaws.com/sentinel-2-c1-l2a/49/Q/FU/2025/8/S2C_T49QFU_20250801T030622_L2A/SCL.tif,[]
MGRS-49QFU,S2A_T49QFU_20251231T030827_L2A,2025-12-31,32649,10,20,sampled_accepted,25,25,0,0,https://e84-earth-search-sentinel-data.s3.us-west-2.amazonaws.com/sentinel-2-c1-l2a/49/Q/FU/2025/12/S2A_T49QFU_20251231T030827_L2A/TCI.tif,https://e84-earth-search-sentinel-data.s3.us-west-2.amazonaws.com/sentinel-2-c1-l2a/49/Q/FU/2025/12/S2A_T49QFU_20251231T030827_L2A/SCL.tif,"[""yongxing""]"
MGRS-49QFV,S2C_T49QFV_20250304T030435_L2A,2025-03-04,32649,10,20,sampled_accepted,25,25,0,0,https://e84-earth-search-sentinel-data.s3.us-west-2.amazonaws.com/sentinel-2-c1-l2a/49/Q/FV/2025/3/S2C_T49QFV_20250304T030435_L2A/TCI.tif,https://e84-earth-search-sentinel-data.s3.us-west-2.amazonaws.com/sentinel-2-c1-l2a/49/Q/FV/2025/3/S2C_T49QFV_20250304T030435_L2A/SCL.tif,[]
MGRS-49QFV,S2C_T49QFV_20250423T030824_L2A,2025-04-23,32649,10,20,sampled_accepted,25,25,0,0,https://e84-earth-search-sentinel-data.s3.us-west-2.amazonaws.com/sentinel-2-c1-l2a/49/Q/FV/2025/4/S2C_T49QFV_20250423T030824_L2A/TCI.tif,https://e84-earth-search-sentinel-data.s3.us-west-2.amazonaws.com/sentinel-2-c1-l2a/49/Q/FV/2025/4/S2C_T49QFV_20250423T030824_L2A/SCL.tif,[]
MGRS-49QFV,S2B_T49QFV_20250717T030848_L2A,2025-07-17,32649,10,20,sampled_accepted,25,25,0,0,https://e84-earth-search-sentinel-data.s3.us-west-2.amazonaws.com/sentinel-2-c1-l2a/49/Q/FV/2025/7/S2B_T49QFV_20250717T030848_L2A/TCI.tif,https://e84-earth-search-sentinel-data.s3.us-west-2.amazonaws.com/sentinel-2-c1-l2a/49/Q/FV/2025/7/S2B_T49QFV_20250717T030848_L2A/SCL.tif,[]
MGRS-49QGB,S2C_T49QGB_20250324T030806_L2A,2025-03-24,32649,10,20,sampled_accepted,25,22,0,3,https://e84-earth-search-sentinel-data.s3.us-west-2.amazonaws.com/sentinel-2-c1-l2a/49/Q/GB/2025/3/S2C_T49QGB_20250324T030806_L2A/TCI.tif,https://e84-earth-search-sentinel-data.s3.us-west-2.amazonaws.com/sentinel-2-c1-l2a/49/Q/GB/2025/3/S2C_T49QGB_20250324T030806_L2A/SCL.tif,[]
MGRS-49QGU,S2B_T49QGU_20250326T030102_L2A,2025-03-26,32649,10,20,sampled_accepted,25,25,0,0,https://e84-earth-search-sentinel-data.s3.us-west-2.amazonaws.com/sentinel-2-c1-l2a/49/Q/GU/2025/3/S2B_T49QGU_20250326T030102_L2A/TCI.tif,https://e84-earth-search-sentinel-data.s3.us-west-2.amazonaws.com/sentinel-2-c1-l2a/49/Q/GU/2025/3/S2B_T49QGU_20250326T030102_L2A/SCL.tif,[]
MGRS-49QGU,S2B_T49QGU_20250415T030102_L2A,2025-04-15,32649,10,20,sampled_accepted,25,25,0,0,https://e84-earth-search-sentinel-data.s3.us-west-2.amazonaws.com/sentinel-2-c1-l2a/49/Q/GU/2025/4/S2B_T49QGU_20250415T030102_L2A/TCI.tif,https://e84-earth-search-sentinel-data.s3.us-west-2.amazonaws.com/sentinel-2-c1-l2a/49/Q/GU/2025/4/S2B_T49QGU_20250415T030102_L2A/SCL.tif,[]
MGRS-49QGU,S2A_T49QGU_20250502T030243_L2A,2025-05-02,32649,10,20,sampled_accepted,25,24,1,0,https://e84-earth-search-sentinel-data.s3.us-west-2.amazonaws.com/sentinel-2-c1-l2a/49/Q/GU/2025/5/S2A_T49QGU_20250502T030243_L2A/TCI.tif,https://e84-earth-search-sentinel-data.s3.us-west-2.amazonaws.com/sentinel-2-c1-l2a/49/Q/GU/2025/5/S2A_T49QGU_20250502T030243_L2A/SCL.tif,[]
MGRS-49QGV,S2C_T49QGV_20250301T025603_L2A,2025-03-01,32649,10,20,sampled_accepted,25,21,0,4,https://e84-earth-search-sentinel-data.s3.us-west-2.amazonaws.com/sentinel-2-c1-l2a/49/Q/GV/2025/3/S2C_T49QGV_20250301T025603_L2A/TCI.tif,https://e84-earth-search-sentinel-data.s3.us-west-2.amazonaws.com/sentinel-2-c1-l2a/49/Q/GV/2025/3/S2C_T49QGV_20250301T025603_L2A/SCL.tif,[]
MGRS-49QGV,S2B_T49QGV_20250326T030102_L2A,2025-03-26,32649,10,20,sampled_accepted,25,21,0,4,https://e84-earth-search-sentinel-data.s3.us-west-2.amazonaws.com/sentinel-2-c1-l2a/49/Q/GV/2025/3/S2B_T49QGV_20250326T030102_L2A/TCI.tif,https://e84-earth-search-sentinel-data.s3.us-west-2.amazonaws.com/sentinel-2-c1-l2a/49/Q/GV/2025/3/S2B_T49QGV_20250326T030102_L2A/SCL.tif,[]
MGRS-49QGV,S2A_T49QGV_20250412T030242_L2A,2025-04-12,32649,10,20,sampled_accepted,25,21,0,4,https://e84-earth-search-sentinel-data.s3.us-west-2.amazonaws.com/sentinel-2-c1-l2a/49/Q/GV/2025/4/S2A_T49QGV_20250412T030242_L2A/TCI.tif,https://e84-earth-search-sentinel-data.s3.us-west-2.amazonaws.com/sentinel-2-c1-l2a/49/Q/GV/2025/4/S2A_T49QGV_20250412T030242_L2A/SCL.tif,[]
MGRS-49QHB,S2A_T49QHB_20251009T025933_L2A,2025-10-09,32649,10,20,sampled_accepted,25,25,0,0,https://e84-earth-search-sentinel-data.s3.us-west-2.amazonaws.com/sentinel-2-c1-l2a/49/Q/HB/2025/10/S2A_T49QHB_20251009T025933_L2A/TCI.tif,https://e84-earth-search-sentinel-data.s3.us-west-2.amazonaws.com/sentinel-2-c1-l2a/49/Q/HB/2025/10/S2A_T49QHB_20251009T025933_L2A/SCL.tif,[]
MGRS-49QHU,S2B_T49QHU_20250125T030209_L2A,2025-01-25,32649,10,20,sampled_accepted,25,25,0,0,https://e84-earth-search-sentinel-data.s3.us-west-2.amazonaws.com/sentinel-2-c1-l2a/49/Q/HU/2025/1/S2B_T49QHU_20250125T030209_L2A/TCI.tif,https://e84-earth-search-sentinel-data.s3.us-west-2.amazonaws.com/sentinel-2-c1-l2a/49/Q/HU/2025/1/S2B_T49QHU_20250125T030209_L2A/SCL.tif,[]
MGRS-49QHU,S2B_T49QHU_20250326T030102_L2A,2025-03-26,32649,10,20,sampled_accepted,25,25,0,0,https://e84-earth-search-sentinel-data.s3.us-west-2.amazonaws.com/sentinel-2-c1-l2a/49/Q/HU/2025/3/S2B_T49QHU_20250326T030102_L2A/TCI.tif,https://e84-earth-search-sentinel-data.s3.us-west-2.amazonaws.com/sentinel-2-c1-l2a/49/Q/HU/2025/3/S2B_T49QHU_20250326T030102_L2A/SCL.tif,[]
MGRS-49QHU,S2B_T49QHU_20250425T030100_L2A,2025-04-25,32649,10,20,sampled_accepted,25,24,1,0,https://e84-earth-search-sentinel-data.s3.us-west-2.amazonaws.com/sentinel-2-c1-l2a/49/Q/HU/2025/4/S2B_T49QHU_20250425T030100_L2A/TCI.tif,https://e84-earth-search-sentinel-data.s3.us-west-2.amazonaws.com/sentinel-2-c1-l2a/49/Q/HU/2025/4/S2B_T49QHU_20250425T030100_L2A/SCL.tif,[]
MGRS-50NKJ,S2B_T50NKJ_20250313T025422_L2A,2025-03-13,32650,10,20,sampled_accepted,25,16,3,6,https://e84-earth-search-sentinel-data.s3.us-west-2.amazonaws.com/sentinel-2-c1-l2a/50/N/KJ/2025/3/S2B_T50NKJ_20250313T025422_L2A/TCI.tif,https://e84-earth-search-sentinel-data.s3.us-west-2.amazonaws.com/sentinel-2-c1-l2a/50/N/KJ/2025/3/S2B_T50NKJ_20250313T025422_L2A/SCL.tif,[]
MGRS-50NKJ,S2B_T50NKJ_20250701T025108_L2A,2025-07-01,32650,10,20,sampled_accepted,25,17,3,5,https://e84-earth-search-sentinel-data.s3.us-west-2.amazonaws.com/sentinel-2-c1-l2a/50/N/KJ/2025/7/S2B_T50NKJ_20250701T025108_L2A/TCI.tif,https://e84-earth-search-sentinel-data.s3.us-west-2.amazonaws.com/sentinel-2-c1-l2a/50/N/KJ/2025/7/S2B_T50NKJ_20250701T025108_L2A/SCL.tif,[]
MGRS-50NKJ,S2C_T50NKJ_20250726T024837_L2A,2025-07-26,32650,10,20,sampled_accepted,25,19,0,6,https://e84-earth-search-sentinel-data.s3.us-west-2.amazonaws.com/sentinel-2-c1-l2a/50/N/KJ/2025/7/S2C_T50NKJ_20250726T024837_L2A/TCI.tif,https://e84-earth-search-sentinel-data.s3.us-west-2.amazonaws.com/sentinel-2-c1-l2a/50/N/KJ/2025/7/S2C_T50NKJ_20250726T024837_L2A/SCL.tif,[]
MGRS-50NKK,S2B_T50NKK_20250313T025422_L2A,2025-03-13,32650,10,20,sampled_accepted,25,17,8,0,https://e84-earth-search-sentinel-data.s3.us-west-2.amazonaws.com/sentinel-2-c1-l2a/50/N/KK/2025/3/S2B_T50NKK_20250313T025422_L2A/TCI.tif,https://e84-earth-search-sentinel-data.s3.us-west-2.amazonaws.com/sentinel-2-c1-l2a/50/N/KK/2025/3/S2B_T50NKK_20250313T025422_L2A/SCL.tif,[]
MGRS-50NKK,S2B_T50NKK_20250909T025310_L2A,2025-09-09,32650,10,20,sampled_accepted,25,20,5,0,https://e84-earth-search-sentinel-data.s3.us-west-2.amazonaws.com/sentinel-2-c1-l2a/50/N/KK/2025/9/S2B_T50NKK_20250909T025310_L2A/TCI.tif,https://e84-earth-search-sentinel-data.s3.us-west-2.amazonaws.com/sentinel-2-c1-l2a/50/N/KK/2025/9/S2B_T50NKK_20250909T025310_L2A/SCL.tif,[]
MGRS-50NKK,S2B_T50NKK_20251108T025610_L2A,2025-11-08,32650,10,20,sampled_accepted,25,15,10,0,https://e84-earth-search-sentinel-data.s3.us-west-2.amazonaws.com/sentinel-2-c1-l2a/50/N/KK/2025/11/S2B_T50NKK_20251108T025610_L2A/TCI.tif,https://e84-earth-search-sentinel-data.s3.us-west-2.amazonaws.com/sentinel-2-c1-l2a/50/N/KK/2025/11/S2B_T50NKK_20251108T025610_L2A/SCL.tif,[]
MGRS-50NKL,S2C_T50NKL_20250616T025545_L2A,2025-06-16,32650,10,20,sampled_accepted,25,21,4,0,https://e84-earth-search-sentinel-data.s3.us-west-2.amazonaws.com/sentinel-2-c1-l2a/50/N/KL/2025/6/S2C_T50NKL_20250616T025545_L2A/TCI.tif,https://e84-earth-search-sentinel-data.s3.us-west-2.amazonaws.com/sentinel-2-c1-l2a/50/N/KL/2025/6/S2C_T50NKL_20250616T025545_L2A/SCL.tif,[]
MGRS-50NKL,S2B_T50NKL_20250909T025310_L2A,2025-09-09,32650,10,20,sampled_accepted,25,22,3,0,https://e84-earth-search-sentinel-data.s3.us-west-2.amazonaws.com/sentinel-2-c1-l2a/50/N/KL/2025/9/S2B_T50NKL_20250909T025310_L2A/TCI.tif,https://e84-earth-search-sentinel-data.s3.us-west-2.amazonaws.com/sentinel-2-c1-l2a/50/N/KL/2025/9/S2B_T50NKL_20250909T025310_L2A/SCL.tif,[]
MGRS-50NKL,S2A_T50NKL_20251016T024141_L2A,2025-10-16,32650,10,20,sampled_accepted,25,20,5,0,https://e84-earth-search-sentinel-data.s3.us-west-2.amazonaws.com/sentinel-2-c1-l2a/50/N/KL/2025/10/S2A_T50NKL_20251016T024141_L2A/TCI.tif,https://e84-earth-search-sentinel-data.s3.us-west-2.amazonaws.com/sentinel-2-c1-l2a/50/N/KL/2025/10/S2A_T50NKL_20251016T024141_L2A/SCL.tif,[]
MGRS-50NKM,S2B_T50NKM_20250731T025110_L2A,2025-07-31,32650,10,20,sampled_accepted,25,22,3,0,https://e84-earth-search-sentinel-data.s3.us-west-2.amazonaws.com/sentinel-2-c1-l2a/50/N/KM/2025/7/S2B_T50NKM_20250731T025110_L2A/TCI.tif,https://e84-earth-search-sentinel-data.s3.us-west-2.amazonaws.com/sentinel-2-c1-l2a/50/N/KM/2025/7/S2B_T50NKM_20250731T025110_L2A/SCL.tif,[]
MGRS-50NKM,S2C_T50NKM_20251014T024926_L2A,2025-10-14,32650,10,20,sampled_accepted,25,21,4,0,https://e84-earth-search-sentinel-data.s3.us-west-2.amazonaws.com/sentinel-2-c1-l2a/50/N/KM/2025/10/S2C_T50NKM_20251014T024926_L2A/TCI.tif,https://e84-earth-search-sentinel-data.s3.us-west-2.amazonaws.com/sentinel-2-c1-l2a/50/N/KM/2025/10/S2C_T50NKM_20251014T024926_L2A/SCL.tif,[]
MGRS-50NKM,S2A_T50NKM_20251016T024141_L2A,2025-10-16,32650,10,20,sampled_accepted,25,22,3,0,https://e84-earth-search-sentinel-data.s3.us-west-2.amazonaws.com/sentinel-2-c1-l2a/50/N/KM/2025/10/S2A_T50NKM_20251016T024141_L2A/TCI.tif,https://e84-earth-search-sentinel-data.s3.us-west-2.amazonaws.com/sentinel-2-c1-l2a/50/N/KM/2025/10/S2A_T50NKM_20251016T024141_L2A/SCL.tif,[]
MGRS-50NKN,S2B_T50NKN_20250731T025110_L2A,2025-07-31,32650,10,20,sampled_accepted,25,25,0,0,https://e84-earth-search-sentinel-data.s3.us-west-2.amazonaws.com/sentinel-2-c1-l2a/50/N/KN/2025/7/S2B_T50NKN_20250731T025110_L2A/TCI.tif,https://e84-earth-search-sentinel-data.s3.us-west-2.amazonaws.com/sentinel-2-c1-l2a/50/N/KN/2025/7/S2B_T50NKN_20250731T025110_L2A/SCL.tif,[]
MGRS-50NKN,S2B_T50NKN_20250929T025110_L2A,2025-09-29,32650,10,20,sampled_accepted,25,24,1,0,https://e84-earth-search-sentinel-data.s3.us-west-2.amazonaws.com/sentinel-2-c1-l2a/50/N/KN/2025/9/S2B_T50NKN_20250929T025110_L2A/TCI.tif,https://e84-earth-search-sentinel-data.s3.us-west-2.amazonaws.com/sentinel-2-c1-l2a/50/N/KN/2025/9/S2B_T50NKN_20250929T025110_L2A/SCL.tif,[]
MGRS-50NKN,S2A_T50NKN_20251016T024141_L2A,2025-10-16,32650,10,20,sampled_accepted,25,23,2,0,https://e84-earth-search-sentinel-data.s3.us-west-2.amazonaws.com/sentinel-2-c1-l2a/50/N/KN/2025/10/S2A_T50NKN_20251016T024141_L2A/TCI.tif,https://e84-earth-search-sentinel-data.s3.us-west-2.amazonaws.com/sentinel-2-c1-l2a/50/N/KN/2025/10/S2A_T50NKN_20251016T024141_L2A/SCL.tif,[]
MGRS-50NKP,S2C_T50NKP_20250216T025049_L2A,2025-02-16,32650,10,20,sampled_accepted,25,24,1,0,https://e84-earth-search-sentinel-data.s3.us-west-2.amazonaws.com/sentinel-2-c1-l2a/50/N/KP/2025/2/S2C_T50NKP_20250216T025049_L2A/TCI.tif,https://e84-earth-search-sentinel-data.s3.us-west-2.amazonaws.com/sentinel-2-c1-l2a/50/N/KP/2025/2/S2C_T50NKP_20250216T025049_L2A/SCL.tif,[]
MGRS-50NKP,S2C_T50NKP_20250328T024711_L2A,2025-03-28,32650,10,20,sampled_accepted,25,25,0,0,https://e84-earth-search-sentinel-data.s3.us-west-2.amazonaws.com/sentinel-2-c1-l2a/50/N/KP/2025/3/S2C_T50NKP_20250328T024711_L2A/TCI.tif,https://e84-earth-search-sentinel-data.s3.us-west-2.amazonaws.com/sentinel-2-c1-l2a/50/N/KP/2025/3/S2C_T50NKP_20250328T024711_L2A/SCL.tif,[]
MGRS-50NKP,S2B_T50NKP_20250731T025110_L2A,2025-07-31,32650,10,20,sampled_accepted,25,25,0,0,https://e84-earth-search-sentinel-data.s3.us-west-2.amazonaws.com/sentinel-2-c1-l2a/50/N/KP/2025/7/S2B_T50NKP_20250731T025110_L2A/TCI.tif,https://e84-earth-search-sentinel-data.s3.us-west-2.amazonaws.com/sentinel-2-c1-l2a/50/N/KP/2025/7/S2B_T50NKP_20250731T025110_L2A/SCL.tif,[]
MGRS-50NLJ,S2C_T50NLJ_20250613T023838_L2A,2025-06-13,32650,10,20,sampled_accepted,25,17,8,0,https://e84-earth-search-sentinel-data.s3.us-west-2.amazonaws.com/sentinel-2-c1-l2a/50/N/LJ/2025/6/S2C_T50NLJ_20250613T023838_L2A/TCI.tif,https://e84-earth-search-sentinel-data.s3.us-west-2.amazonaws.com/sentinel-2-c1-l2a/50/N/LJ/2025/6/S2C_T50NLJ_20250613T023838_L2A/SCL.tif,[]
MGRS-50NLJ,S2C_T50NLJ_20250623T024602_L2A,2025-06-23,32650,10,20,sampled_accepted,25,23,2,0,https://e84-earth-search-sentinel-data.s3.us-west-2.amazonaws.com/sentinel-2-c1-l2a/50/N/LJ/2025/6/S2C_T50NLJ_20250623T024602_L2A/TCI.tif,https://e84-earth-search-sentinel-data.s3.us-west-2.amazonaws.com/sentinel-2-c1-l2a/50/N/LJ/2025/6/S2C_T50NLJ_20250623T024602_L2A/SCL.tif,[]
MGRS-50NLJ,S2C_T50NLJ_20250723T023802_L2A,2025-07-23,32650,10,20,sampled_accepted,25,20,5,0,https://e84-earth-search-sentinel-data.s3.us-west-2.amazonaws.com/sentinel-2-c1-l2a/50/N/LJ/2025/7/S2C_T50NLJ_20250723T023802_L2A/TCI.tif,https://e84-earth-search-sentinel-data.s3.us-west-2.amazonaws.com/sentinel-2-c1-l2a/50/N/LJ/2025/7/S2C_T50NLJ_20250723T023802_L2A/SCL.tif,[]
MGRS-50NLK,S2C_T50NLK_20250613T023838_L2A,2025-06-13,32650,10,20,sampled_accepted,25,16,9,0,https://e84-earth-search-sentinel-data.s3.us-west-2.amazonaws.com/sentinel-2-c1-l2a/50/N/LK/2025/6/S2C_T50NLK_20250613T023838_L2A/TCI.tif,https://e84-earth-search-sentinel-data.s3.us-west-2.amazonaws.com/sentinel-2-c1-l2a/50/N/LK/2025/6/S2C_T50NLK_20250613T023838_L2A/SCL.tif,[]
MGRS-50NLK,S2C_T50NLK_20250723T023802_L2A,2025-07-23,32650,10,20,sampled_accepted,25,18,7,0,https://e84-earth-search-sentinel-data.s3.us-west-2.amazonaws.com/sentinel-2-c1-l2a/50/N/LK/2025/7/S2C_T50NLK_20250723T023802_L2A/TCI.tif,https://e84-earth-search-sentinel-data.s3.us-west-2.amazonaws.com/sentinel-2-c1-l2a/50/N/LK/2025/7/S2C_T50NLK_20250723T023802_L2A/SCL.tif,[]
MGRS-50NLK,S2C_T50NLK_20251130T024302_L2A,2025-11-30,32650,10,20,sampled_accepted,25,17,8,0,https://e84-earth-search-sentinel-data.s3.us-west-2.amazonaws.com/sentinel-2-c1-l2a/50/N/LK/2025/11/S2C_T50NLK_20251130T024302_L2A/TCI.tif,https://e84-earth-search-sentinel-data.s3.us-west-2.amazonaws.com/sentinel-2-c1-l2a/50/N/LK/2025/11/S2C_T50NLK_20251130T024302_L2A/SCL.tif,[]
MGRS-50NLL,S2A_T50NLL_20250705T023139_L2A,2025-07-05,32650,10,20,sampled_accepted,25,20,3,2,https://e84-earth-search-sentinel-data.s3.us-west-2.amazonaws.com/sentinel-2-c1-l2a/50/N/LL/2025/7/S2A_T50NLL_20250705T023139_L2A/TCI.tif,https://e84-earth-search-sentinel-data.s3.us-west-2.amazonaws.com/sentinel-2-c1-l2a/50/N/LL/2025/7/S2A_T50NLL_20250705T023139_L2A/SCL.tif,[]
MGRS-50NLL,S2C_T50NLL_20250713T023802_L2A,2025-07-13,32650,10,20,sampled_accepted,25,20,3,2,https://e84-earth-search-sentinel-data.s3.us-west-2.amazonaws.com/sentinel-2-c1-l2a/50/N/LL/2025/7/S2C_T50NLL_20250713T023802_L2A/TCI.tif,https://e84-earth-search-sentinel-data.s3.us-west-2.amazonaws.com/sentinel-2-c1-l2a/50/N/LL/2025/7/S2C_T50NLL_20250713T023802_L2A/SCL.tif,[]
MGRS-50NLL,S2C_T50NLL_20250723T023802_L2A,2025-07-23,32650,10,20,sampled_accepted,25,22,1,2,https://e84-earth-search-sentinel-data.s3.us-west-2.amazonaws.com/sentinel-2-c1-l2a/50/N/LL/2025/7/S2C_T50NLL_20250723T023802_L2A/TCI.tif,https://e84-earth-search-sentinel-data.s3.us-west-2.amazonaws.com/sentinel-2-c1-l2a/50/N/LL/2025/7/S2C_T50NLL_20250723T023802_L2A/SCL.tif,[]
MGRS-50NLM,S2C_T50NLM_20250713T023802_L2A,2025-07-13,32650,10,20,sampled_accepted,25,18,0,7,https://e84-earth-search-sentinel-data.s3.us-west-2.amazonaws.com/sentinel-2-c1-l2a/50/N/LM/2025/7/S2C_T50NLM_20250713T023802_L2A/TCI.tif,https://e84-earth-search-sentinel-data.s3.us-west-2.amazonaws.com/sentinel-2-c1-l2a/50/N/LM/2025/7/S2C_T50NLM_20250713T023802_L2A/SCL.tif,[]
MGRS-50NLM,S2C_T50NLM_20250723T023802_L2A,2025-07-23,32650,10,20,sampled_accepted,25,18,0,7,https://e84-earth-search-sentinel-data.s3.us-west-2.amazonaws.com/sentinel-2-c1-l2a/50/N/LM/2025/7/S2C_T50NLM_20250723T023802_L2A/TCI.tif,https://e84-earth-search-sentinel-data.s3.us-west-2.amazonaws.com/sentinel-2-c1-l2a/50/N/LM/2025/7/S2C_T50NLM_20250723T023802_L2A/SCL.tif,[]
MGRS-50NLM,S2A_T50NLM_20251013T023931_L2A,2025-10-13,32650,10,20,sampled_accepted,25,17,1,7,https://e84-earth-search-sentinel-data.s3.us-west-2.amazonaws.com/sentinel-2-c1-l2a/50/N/LM/2025/10/S2A_T50NLM_20251013T023931_L2A/TCI.tif,https://e84-earth-search-sentinel-data.s3.us-west-2.amazonaws.com/sentinel-2-c1-l2a/50/N/LM/2025/10/S2A_T50NLM_20251013T023931_L2A/SCL.tif,[]
MGRS-50NLN,S2B_T50NLN_20250313T025422_L2A,2025-03-13,32650,10,20,sampled_accepted,25,16,2,7,https://e84-earth-search-sentinel-data.s3.us-west-2.amazonaws.com/sentinel-2-c1-l2a/50/N/LN/2025/3/S2B_T50NLN_20250313T025422_L2A/TCI.tif,https://e84-earth-search-sentinel-data.s3.us-west-2.amazonaws.com/sentinel-2-c1-l2a/50/N/LN/2025/3/S2B_T50NLN_20250313T025422_L2A/SCL.tif,[]
MGRS-50NLN,S2A_T50NLN_20250628T024144_L2A,2025-06-28,32650,10,20,sampled_accepted,25,18,0,7,https://e84-earth-search-sentinel-data.s3.us-west-2.amazonaws.com/sentinel-2-c1-l2a/50/N/LN/2025/6/S2A_T50NLN_20250628T024144_L2A/TCI.tif,https://e84-earth-search-sentinel-data.s3.us-west-2.amazonaws.com/sentinel-2-c1-l2a/50/N/LN/2025/6/S2A_T50NLN_20250628T024144_L2A/SCL.tif,[]
MGRS-50NLN,S2B_T50NLN_20250731T025110_L2A,2025-07-31,32650,10,20,sampled_accepted,25,18,0,7,https://e84-earth-search-sentinel-data.s3.us-west-2.amazonaws.com/sentinel-2-c1-l2a/50/N/LN/2025/7/S2B_T50NLN_20250731T025110_L2A/TCI.tif,https://e84-earth-search-sentinel-data.s3.us-west-2.amazonaws.com/sentinel-2-c1-l2a/50/N/LN/2025/7/S2B_T50NLN_20250731T025110_L2A/SCL.tif,[]
MGRS-50NLP,S2B_T50NLP_20250313T025422_L2A,2025-03-13,32650,10,20,sampled_accepted,25,23,0,2,https://e84-earth-search-sentinel-data.s3.us-west-2.amazonaws.com/sentinel-2-c1-l2a/50/N/LP/2025/3/S2B_T50NLP_20250313T025422_L2A/TCI.tif,https://e84-earth-search-sentinel-data.s3.us-west-2.amazonaws.com/sentinel-2-c1-l2a/50/N/LP/2025/3/S2B_T50NLP_20250313T025422_L2A/SCL.tif,[]
MGRS-50NLP,S2A_T50NLP_20250628T024144_L2A,2025-06-28,32650,10,20,sampled_accepted,25,20,3,2,https://e84-earth-search-sentinel-data.s3.us-west-2.amazonaws.com/sentinel-2-c1-l2a/50/N/LP/2025/6/S2A_T50NLP_20250628T024144_L2A/TCI.tif,https://e84-earth-search-sentinel-data.s3.us-west-2.amazonaws.com/sentinel-2-c1-l2a/50/N/LP/2025/6/S2A_T50NLP_20250628T024144_L2A/SCL.tif,[]
MGRS-50NLP,S2B_T50NLP_20250731T025110_L2A,2025-07-31,32650,10,20,sampled_accepted,25,23,0,2,https://e84-earth-search-sentinel-data.s3.us-west-2.amazonaws.com/sentinel-2-c1-l2a/50/N/LP/2025/7/S2B_T50NLP_20250731T025110_L2A/TCI.tif,https://e84-earth-search-sentinel-data.s3.us-west-2.amazonaws.com/sentinel-2-c1-l2a/50/N/LP/2025/7/S2B_T50NLP_20250731T025110_L2A/SCL.tif,[]
MGRS-50NMJ,S2C_T50NMJ_20250802T023800_L2A,2025-08-02,32650,10,20,sampled_accepted,25,19,6,0,https://e84-earth-search-sentinel-data.s3.us-west-2.amazonaws.com/sentinel-2-c1-l2a/50/N/MJ/2025/8/S2C_T50NMJ_20250802T023800_L2A/TCI.tif,https://e84-earth-search-sentinel-data.s3.us-west-2.amazonaws.com/sentinel-2-c1-l2a/50/N/MJ/2025/8/S2C_T50NMJ_20250802T023800_L2A/SCL.tif,[]
MGRS-50NMJ,S2B_T50NMJ_20250827T024501_L2A,2025-08-27,32650,10,20,sampled_accepted,25,20,5,0,https://e84-earth-search-sentinel-data.s3.us-west-2.amazonaws.com/sentinel-2-c1-l2a/50/N/MJ/2025/8/S2B_T50NMJ_20250827T024501_L2A/TCI.tif,https://e84-earth-search-sentinel-data.s3.us-west-2.amazonaws.com/sentinel-2-c1-l2a/50/N/MJ/2025/8/S2B_T50NMJ_20250827T024501_L2A/SCL.tif,[]
MGRS-50NMJ,S2C_T50NMJ_20251021T023729_L2A,2025-10-21,32650,10,20,sampled_accepted,25,12,13,0,https://e84-earth-search-sentinel-data.s3.us-west-2.amazonaws.com/sentinel-2-c1-l2a/50/N/MJ/2025/10/S2C_T50NMJ_20251021T023729_L2A/TCI.tif,https://e84-earth-search-sentinel-data.s3.us-west-2.amazonaws.com/sentinel-2-c1-l2a/50/N/MJ/2025/10/S2C_T50NMJ_20251021T023729_L2A/SCL.tif,[]
MGRS-50NMK,S2C_T50NMK_20250703T023605_L2A,2025-07-03,32650,10,20,sampled_accepted,25,14,2,9,https://e84-earth-search-sentinel-data.s3.us-west-2.amazonaws.com/sentinel-2-c1-l2a/50/N/MK/2025/7/S2C_T50NMK_20250703T023605_L2A/TCI.tif,https://e84-earth-search-sentinel-data.s3.us-west-2.amazonaws.com/sentinel-2-c1-l2a/50/N/MK/2025/7/S2C_T50NMK_20250703T023605_L2A/SCL.tif,[]
MGRS-50NMK,S2B_T50NMK_20250827T024501_L2A,2025-08-27,32650,10,20,sampled_accepted,25,16,9,0,https://e84-earth-search-sentinel-data.s3.us-west-2.amazonaws.com/sentinel-2-c1-l2a/50/N/MK/2025/8/S2B_T50NMK_20250827T024501_L2A/TCI.tif,https://e84-earth-search-sentinel-data.s3.us-west-2.amazonaws.com/sentinel-2-c1-l2a/50/N/MK/2025/8/S2B_T50NMK_20250827T024501_L2A/SCL.tif,[]
MGRS-50NMK,S2C_T50NMK_20251031T024015_L2A,2025-10-31,32650,10,20,sampled_accepted,25,16,9,0,https://e84-earth-search-sentinel-data.s3.us-west-2.amazonaws.com/sentinel-2-c1-l2a/50/N/MK/2025/10/S2C_T50NMK_20251031T024015_L2A/TCI.tif,https://e84-earth-search-sentinel-data.s3.us-west-2.amazonaws.com/sentinel-2-c1-l2a/50/N/MK/2025/10/S2C_T50NMK_20251031T024015_L2A/SCL.tif,[]
MGRS-50NML,S2B_T50NML_20250628T024502_L2A,2025-06-28,32650,10,20,sampled_accepted,25,21,4,0,https://e84-earth-search-sentinel-data.s3.us-west-2.amazonaws.com/sentinel-2-c1-l2a/50/N/ML/2025/6/S2B_T50NML_20250628T024502_L2A/TCI.tif,https://e84-earth-search-sentinel-data.s3.us-west-2.amazonaws.com/sentinel-2-c1-l2a/50/N/ML/2025/6/S2B_T50NML_20250628T024502_L2A/SCL.tif,[]
MGRS-50NML,S2C_T50NML_20250703T023605_L2A,2025-07-03,32650,10,20,sampled_accepted,25,20,5,0,https://e84-earth-search-sentinel-data.s3.us-west-2.amazonaws.com/sentinel-2-c1-l2a/50/N/ML/2025/7/S2C_T50NML_20250703T023605_L2A/TCI.tif,https://e84-earth-search-sentinel-data.s3.us-west-2.amazonaws.com/sentinel-2-c1-l2a/50/N/ML/2025/7/S2C_T50NML_20250703T023605_L2A/SCL.tif,[]
MGRS-50NML,S2C_T50NML_20250723T023802_L2A,2025-07-23,32650,10,20,sampled_accepted,25,21,4,0,https://e84-earth-search-sentinel-data.s3.us-west-2.amazonaws.com/sentinel-2-c1-l2a/50/N/ML/2025/7/S2C_T50NML_20250723T023802_L2A/TCI.tif,https://e84-earth-search-sentinel-data.s3.us-west-2.amazonaws.com/sentinel-2-c1-l2a/50/N/ML/2025/7/S2C_T50NML_20250723T023802_L2A/SCL.tif,[]
MGRS-50NMM,S2C_T50NMM_20250613T023838_L2A,2025-06-13,32650,10,20,sampled_accepted,25,16,9,0,https://e84-earth-search-sentinel-data.s3.us-west-2.amazonaws.com/sentinel-2-c1-l2a/50/N/MM/2025/6/S2C_T50NMM_20250613T023838_L2A/TCI.tif,https://e84-earth-search-sentinel-data.s3.us-west-2.amazonaws.com/sentinel-2-c1-l2a/50/N/MM/2025/6/S2C_T50NMM_20250613T023838_L2A/SCL.tif,[]
MGRS-50NMM,S2B_T50NMM_20250628T024502_L2A,2025-06-28,32650,10,20,sampled_accepted,25,18,7,0,https://e84-earth-search-sentinel-data.s3.us-west-2.amazonaws.com/sentinel-2-c1-l2a/50/N/MM/2025/6/S2B_T50NMM_20250628T024502_L2A/TCI.tif,https://e84-earth-search-sentinel-data.s3.us-west-2.amazonaws.com/sentinel-2-c1-l2a/50/N/MM/2025/6/S2B_T50NMM_20250628T024502_L2A/SCL.tif,[]
MGRS-50NMM,S2C_T50NMM_20250723T023802_L2A,2025-07-23,32650,10,20,sampled_accepted,25,24,1,0,https://e84-earth-search-sentinel-data.s3.us-west-2.amazonaws.com/sentinel-2-c1-l2a/50/N/MM/2025/7/S2C_T50NMM_20250723T023802_L2A/TCI.tif,https://e84-earth-search-sentinel-data.s3.us-west-2.amazonaws.com/sentinel-2-c1-l2a/50/N/MM/2025/7/S2C_T50NMM_20250723T023802_L2A/SCL.tif,[]
MGRS-50NMN,S2B_T50NMN_20250628T024502_L2A,2025-06-28,32650,10,20,sampled_accepted,25,24,1,0,https://e84-earth-search-sentinel-data.s3.us-west-2.amazonaws.com/sentinel-2-c1-l2a/50/N/MN/2025/6/S2B_T50NMN_20250628T024502_L2A/TCI.tif,https://e84-earth-search-sentinel-data.s3.us-west-2.amazonaws.com/sentinel-2-c1-l2a/50/N/MN/2025/6/S2B_T50NMN_20250628T024502_L2A/SCL.tif,[]
MGRS-50NMN,S2C_T50NMN_20250713T023802_L2A,2025-07-13,32650,10,20,sampled_accepted,25,23,2,0,https://e84-earth-search-sentinel-data.s3.us-west-2.amazonaws.com/sentinel-2-c1-l2a/50/N/MN/2025/7/S2C_T50NMN_20250713T023802_L2A/TCI.tif,https://e84-earth-search-sentinel-data.s3.us-west-2.amazonaws.com/sentinel-2-c1-l2a/50/N/MN/2025/7/S2C_T50NMN_20250713T023802_L2A/SCL.tif,[]
MGRS-50NMN,S2A_T50NMN_20251102T023137_L2A,2025-11-02,32650,10,20,sampled_accepted,25,24,1,0,https://e84-earth-search-sentinel-data.s3.us-west-2.amazonaws.com/sentinel-2-c1-l2a/50/N/MN/2025/11/S2A_T50NMN_20251102T023137_L2A/TCI.tif,https://e84-earth-search-sentinel-data.s3.us-west-2.amazonaws.com/sentinel-2-c1-l2a/50/N/MN/2025/11/S2A_T50NMN_20251102T023137_L2A/SCL.tif,[]
MGRS-50NMP,S2A_T50NMP_20250526T023137_L2A,2025-05-26,32650,10,20,sampled_accepted,25,21,4,0,https://e84-earth-search-sentinel-data.s3.us-west-2.amazonaws.com/sentinel-2-c1-l2a/50/N/MP/2025/5/S2A_T50NMP_20250526T023137_L2A/TCI.tif,https://e84-earth-search-sentinel-data.s3.us-west-2.amazonaws.com/sentinel-2-c1-l2a/50/N/MP/2025/5/S2A_T50NMP_20250526T023137_L2A/SCL.tif,[]
MGRS-50NMP,S2B_T50NMP_20250628T024502_L2A,2025-06-28,32650,10,20,sampled_accepted,25,21,4,0,https://e84-earth-search-sentinel-data.s3.us-west-2.amazonaws.com/sentinel-2-c1-l2a/50/N/MP/2025/6/S2B_T50NMP_20250628T024502_L2A/TCI.tif,https://e84-earth-search-sentinel-data.s3.us-west-2.amazonaws.com/sentinel-2-c1-l2a/50/N/MP/2025/6/S2B_T50NMP_20250628T024502_L2A/SCL.tif,[]
MGRS-50NMP,S2C_T50NMP_20250802T023800_L2A,2025-08-02,32650,10,20,sampled_accepted,25,22,3,0,https://e84-earth-search-sentinel-data.s3.us-west-2.amazonaws.com/sentinel-2-c1-l2a/50/N/MP/2025/8/S2C_T50NMP_20250802T023800_L2A/TCI.tif,https://e84-earth-search-sentinel-data.s3.us-west-2.amazonaws.com/sentinel-2-c1-l2a/50/N/MP/2025/8/S2C_T50NMP_20250802T023800_L2A/SCL.tif,[]
MGRS-50NNJ,S2C_T50NNJ_20250730T023359_L2A,2025-07-30,32650,10,20,sampled_accepted,25,14,1,10,https://e84-earth-search-sentinel-data.s3.us-west-2.amazonaws.com/sentinel-2-c1-l2a/50/N/NJ/2025/7/S2C_T50NNJ_20250730T023359_L2A/TCI.tif,https://e84-earth-search-sentinel-data.s3.us-west-2.amazonaws.com/sentinel-2-c1-l2a/50/N/NJ/2025/7/S2C_T50NNJ_20250730T023359_L2A/SCL.tif,[]
MGRS-50NNJ,S2C_T50NNJ_20250829T023357_L2A,2025-08-29,32650,10,20,sampled_accepted,25,11,4,10,https://e84-earth-search-sentinel-data.s3.us-west-2.amazonaws.com/sentinel-2-c1-l2a/50/N/NJ/2025/8/S2C_T50NNJ_20250829T023357_L2A/TCI.tif,https://e84-earth-search-sentinel-data.s3.us-west-2.amazonaws.com/sentinel-2-c1-l2a/50/N/NJ/2025/8/S2C_T50NNJ_20250829T023357_L2A/SCL.tif,[]
MGRS-50NNJ,S2B_T50NNJ_20251102T023556_L2A,2025-11-02,32650,10,20,sampled_accepted,25,12,2,11,https://e84-earth-search-sentinel-data.s3.us-west-2.amazonaws.com/sentinel-2-c1-l2a/50/N/NJ/2025/11/S2B_T50NNJ_20251102T023556_L2A/TCI.tif,https://e84-earth-search-sentinel-data.s3.us-west-2.amazonaws.com/sentinel-2-c1-l2a/50/N/NJ/2025/11/S2B_T50NNJ_20251102T023556_L2A/SCL.tif,[]
MGRS-50NNK,S2A_T50NNK_20250526T023137_L2A,2025-05-26,32650,10,20,sampled_accepted,25,14,6,5,https://e84-earth-search-sentinel-data.s3.us-west-2.amazonaws.com/sentinel-2-c1-l2a/50/N/NK/2025/5/S2A_T50NNK_20250526T023137_L2A/TCI.tif,https://e84-earth-search-sentinel-data.s3.us-west-2.amazonaws.com/sentinel-2-c1-l2a/50/N/NK/2025/5/S2A_T50NNK_20250526T023137_L2A/SCL.tif,[]
MGRS-50NNK,S2B_T50NNK_20250628T024502_L2A,2025-06-28,32650,10,20,sampled_accepted,25,16,4,5,https://e84-earth-search-sentinel-data.s3.us-west-2.amazonaws.com/sentinel-2-c1-l2a/50/N/NK/2025/6/S2B_T50NNK_20250628T024502_L2A/TCI.tif,https://e84-earth-search-sentinel-data.s3.us-west-2.amazonaws.com/sentinel-2-c1-l2a/50/N/NK/2025/6/S2B_T50NNK_20250628T024502_L2A/SCL.tif,[]
MGRS-50NNK,S2B_T50NNK_20250827T024501_L2A,2025-08-27,32650,10,20,sampled_accepted,25,18,3,4,https://e84-earth-search-sentinel-data.s3.us-west-2.amazonaws.com/sentinel-2-c1-l2a/50/N/NK/2025/8/S2B_T50NNK_20250827T024501_L2A/TCI.tif,https://e84-earth-search-sentinel-data.s3.us-west-2.amazonaws.com/sentinel-2-c1-l2a/50/N/NK/2025/8/S2B_T50NNK_20250827T024501_L2A/SCL.tif,[]
MGRS-50NNL,S2B_T50NNL_20250628T024502_L2A,2025-06-28,32650,10,20,sampled_accepted,25,18,7,0,https://e84-earth-search-sentinel-data.s3.us-west-2.amazonaws.com/sentinel-2-c1-l2a/50/N/NL/2025/6/S2B_T50NNL_20250628T024502_L2A/TCI.tif,https://e84-earth-search-sentinel-data.s3.us-west-2.amazonaws.com/sentinel-2-c1-l2a/50/N/NL/2025/6/S2B_T50NNL_20250628T024502_L2A/SCL.tif,[]
MGRS-50NNL,S2C_T50NNL_20250703T023605_L2A,2025-07-03,32650,10,20,sampled_accepted,25,23,2,0,https://e84-earth-search-sentinel-data.s3.us-west-2.amazonaws.com/sentinel-2-c1-l2a/50/N/NL/2025/7/S2C_T50NNL_20250703T023605_L2A/TCI.tif,https://e84-earth-search-sentinel-data.s3.us-west-2.amazonaws.com/sentinel-2-c1-l2a/50/N/NL/2025/7/S2C_T50NNL_20250703T023605_L2A/SCL.tif,[]
MGRS-50NNL,S2B_T50NNL_20250728T024500_L2A,2025-07-28,32650,10,20,sampled_accepted,25,20,5,0,https://e84-earth-search-sentinel-data.s3.us-west-2.amazonaws.com/sentinel-2-c1-l2a/50/N/NL/2025/7/S2B_T50NNL_20250728T024500_L2A/TCI.tif,https://e84-earth-search-sentinel-data.s3.us-west-2.amazonaws.com/sentinel-2-c1-l2a/50/N/NL/2025/7/S2B_T50NNL_20250728T024500_L2A/SCL.tif,[]
MGRS-50NNM,S2C_T50NNM_20250713T023802_L2A,2025-07-13,32650,10,20,sampled_accepted,25,24,1,0,https://e84-earth-search-sentinel-data.s3.us-west-2.amazonaws.com/sentinel-2-c1-l2a/50/N/NM/2025/7/S2C_T50NNM_20250713T023802_L2A/TCI.tif,https://e84-earth-search-sentinel-data.s3.us-west-2.amazonaws.com/sentinel-2-c1-l2a/50/N/NM/2025/7/S2C_T50NNM_20250713T023802_L2A/SCL.tif,[]
MGRS-50NNM,S2C_T50NNM_20250723T023802_L2A,2025-07-23,32650,10,20,sampled_accepted,25,25,0,0,https://e84-earth-search-sentinel-data.s3.us-west-2.amazonaws.com/sentinel-2-c1-l2a/50/N/NM/2025/7/S2C_T50NNM_20250723T023802_L2A/TCI.tif,https://e84-earth-search-sentinel-data.s3.us-west-2.amazonaws.com/sentinel-2-c1-l2a/50/N/NM/2025/7/S2C_T50NNM_20250723T023802_L2A/SCL.tif,[]
MGRS-50NNM,S2B_T50NNM_20250728T024500_L2A,2025-07-28,32650,10,20,sampled_accepted,25,23,2,0,https://e84-earth-search-sentinel-data.s3.us-west-2.amazonaws.com/sentinel-2-c1-l2a/50/N/NM/2025/7/S2B_T50NNM_20250728T024500_L2A/TCI.tif,https://e84-earth-search-sentinel-data.s3.us-west-2.amazonaws.com/sentinel-2-c1-l2a/50/N/NM/2025/7/S2B_T50NNM_20250728T024500_L2A/SCL.tif,[]
MGRS-50NNN,S2B_T50NNN_20250628T024502_L2A,2025-06-28,32650,10,20,sampled_accepted,25,21,4,0,https://e84-earth-search-sentinel-data.s3.us-west-2.amazonaws.com/sentinel-2-c1-l2a/50/N/NN/2025/6/S2B_T50NNN_20250628T024502_L2A/TCI.tif,https://e84-earth-search-sentinel-data.s3.us-west-2.amazonaws.com/sentinel-2-c1-l2a/50/N/NN/2025/6/S2B_T50NNN_20250628T024502_L2A/SCL.tif,[]
MGRS-50NNN,S2C_T50NNN_20250713T023802_L2A,2025-07-13,32650,10,20,sampled_accepted,25,21,4,0,https://e84-earth-search-sentinel-data.s3.us-west-2.amazonaws.com/sentinel-2-c1-l2a/50/N/NN/2025/7/S2C_T50NNN_20250713T023802_L2A/TCI.tif,https://e84-earth-search-sentinel-data.s3.us-west-2.amazonaws.com/sentinel-2-c1-l2a/50/N/NN/2025/7/S2C_T50NNN_20250713T023802_L2A/SCL.tif,[]
MGRS-50NNN,S2A_T50NNN_20251102T023137_L2A,2025-11-02,32650,10,20,sampled_accepted,25,23,2,0,https://e84-earth-search-sentinel-data.s3.us-west-2.amazonaws.com/sentinel-2-c1-l2a/50/N/NN/2025/11/S2A_T50NNN_20251102T023137_L2A/TCI.tif,https://e84-earth-search-sentinel-data.s3.us-west-2.amazonaws.com/sentinel-2-c1-l2a/50/N/NN/2025/11/S2A_T50NNN_20251102T023137_L2A/SCL.tif,[]
MGRS-50NNP,S2C_T50NNP_20250305T023609_L2A,2025-03-05,32650,10,20,sampled_accepted,25,24,1,0,https://e84-earth-search-sentinel-data.s3.us-west-2.amazonaws.com/sentinel-2-c1-l2a/50/N/NP/2025/3/S2C_T50NNP_20250305T023609_L2A/TCI.tif,https://e84-earth-search-sentinel-data.s3.us-west-2.amazonaws.com/sentinel-2-c1-l2a/50/N/NP/2025/3/S2C_T50NNP_20250305T023609_L2A/SCL.tif,[]
MGRS-50NNP,S2B_T50NNP_20250728T024500_L2A,2025-07-28,32650,10,20,sampled_accepted,25,25,0,0,https://e84-earth-search-sentinel-data.s3.us-west-2.amazonaws.com/sentinel-2-c1-l2a/50/N/NP/2025/7/S2B_T50NNP_20250728T024500_L2A/TCI.tif,https://e84-earth-search-sentinel-data.s3.us-west-2.amazonaws.com/sentinel-2-c1-l2a/50/N/NP/2025/7/S2B_T50NNP_20250728T024500_L2A/SCL.tif,[]
MGRS-50NNP,S2B_T50NNP_20251016T024205_L2A,2025-10-16,32650,10,20,sampled_accepted,25,23,2,0,https://e84-earth-search-sentinel-data.s3.us-west-2.amazonaws.com/sentinel-2-c1-l2a/50/N/NP/2025/10/S2B_T50NNP_20251016T024205_L2A/TCI.tif,https://e84-earth-search-sentinel-data.s3.us-west-2.amazonaws.com/sentinel-2-c1-l2a/50/N/NP/2025/10/S2B_T50NNP_20251016T024205_L2A/SCL.tif,[]
MGRS-50NPJ,S2C_T50NPJ_20250610T022815_L2A,2025-06-10,32650,10,20,sampled_accepted,25,23,2,0,https://e84-earth-search-sentinel-data.s3.us-west-2.amazonaws.com/sentinel-2-c1-l2a/50/N/PJ/2025/6/S2C_T50NPJ_20250610T022815_L2A/TCI.tif,https://e84-earth-search-sentinel-data.s3.us-west-2.amazonaws.com/sentinel-2-c1-l2a/50/N/PJ/2025/6/S2C_T50NPJ_20250610T022815_L2A/SCL.tif,[]
MGRS-50NPJ,S2C_T50NPJ_20250730T023359_L2A,2025-07-30,32650,10,20,sampled_accepted,25,24,1,0,https://e84-earth-search-sentinel-data.s3.us-west-2.amazonaws.com/sentinel-2-c1-l2a/50/N/PJ/2025/7/S2C_T50NPJ_20250730T023359_L2A/TCI.tif,https://e84-earth-search-sentinel-data.s3.us-west-2.amazonaws.com/sentinel-2-c1-l2a/50/N/PJ/2025/7/S2C_T50NPJ_20250730T023359_L2A/SCL.tif,[]
MGRS-50NPJ,S2B_T50NPJ_20251102T023556_L2A,2025-11-02,32650,10,20,sampled_accepted,25,25,0,0,https://e84-earth-search-sentinel-data.s3.us-west-2.amazonaws.com/sentinel-2-c1-l2a/50/N/PJ/2025/11/S2B_T50NPJ_20251102T023556_L2A/TCI.tif,https://e84-earth-search-sentinel-data.s3.us-west-2.amazonaws.com/sentinel-2-c1-l2a/50/N/PJ/2025/11/S2B_T50NPJ_20251102T023556_L2A/SCL.tif,[]
MGRS-50NPK,S2B_T50NPK_20250106T023527_L2A,2025-01-06,32650,10,20,sampled_accepted,25,24,1,0,https://e84-earth-search-sentinel-data.s3.us-west-2.amazonaws.com/sentinel-2-c1-l2a/50/N/PK/2025/1/S2B_T50NPK_20250106T023527_L2A/TCI.tif,https://e84-earth-search-sentinel-data.s3.us-west-2.amazonaws.com/sentinel-2-c1-l2a/50/N/PK/2025/1/S2B_T50NPK_20250106T023527_L2A/SCL.tif,[]
MGRS-50NPK,S2B_T50NPK_20251013T022953_L2A,2025-10-13,32650,10,20,sampled_accepted,25,24,1,0,https://e84-earth-search-sentinel-data.s3.us-west-2.amazonaws.com/sentinel-2-c1-l2a/50/N/PK/2025/10/S2B_T50NPK_20251013T022953_L2A/TCI.tif,https://e84-earth-search-sentinel-data.s3.us-west-2.amazonaws.com/sentinel-2-c1-l2a/50/N/PK/2025/10/S2B_T50NPK_20251013T022953_L2A/SCL.tif,[]
MGRS-50NPK,S2B_T50NPK_20251102T023556_L2A,2025-11-02,32650,10,20,sampled_accepted,25,21,4,0,https://e84-earth-search-sentinel-data.s3.us-west-2.amazonaws.com/sentinel-2-c1-l2a/50/N/PK/2025/11/S2B_T50NPK_20251102T023556_L2A/TCI.tif,https://e84-earth-search-sentinel-data.s3.us-west-2.amazonaws.com/sentinel-2-c1-l2a/50/N/PK/2025/11/S2B_T50NPK_20251102T023556_L2A/SCL.tif,[]
MGRS-50NPL,S2B_T50NPL_20250106T023527_L2A,2025-01-06,32650,10,20,sampled_accepted,25,21,4,0,https://e84-earth-search-sentinel-data.s3.us-west-2.amazonaws.com/sentinel-2-c1-l2a/50/N/PL/2025/1/S2B_T50NPL_20250106T023527_L2A/TCI.tif,https://e84-earth-search-sentinel-data.s3.us-west-2.amazonaws.com/sentinel-2-c1-l2a/50/N/PL/2025/1/S2B_T50NPL_20250106T023527_L2A/SCL.tif,[]
MGRS-50NPL,S2B_T50NPL_20251013T022953_L2A,2025-10-13,32650,10,20,sampled_accepted,25,19,6,0,https://e84-earth-search-sentinel-data.s3.us-west-2.amazonaws.com/sentinel-2-c1-l2a/50/N/PL/2025/10/S2B_T50NPL_20251013T022953_L2A/TCI.tif,https://e84-earth-search-sentinel-data.s3.us-west-2.amazonaws.com/sentinel-2-c1-l2a/50/N/PL/2025/10/S2B_T50NPL_20251013T022953_L2A/SCL.tif,[]
MGRS-50NPL,S2B_T50NPL_20251102T023556_L2A,2025-11-02,32650,10,20,sampled_accepted,25,21,4,0,https://e84-earth-search-sentinel-data.s3.us-west-2.amazonaws.com/sentinel-2-c1-l2a/50/N/PL/2025/11/S2B_T50NPL_20251102T023556_L2A/TCI.tif,https://e84-earth-search-sentinel-data.s3.us-west-2.amazonaws.com/sentinel-2-c1-l2a/50/N/PL/2025/11/S2B_T50NPL_20251102T023556_L2A/SCL.tif,[]
MGRS-50NPM,S2C_T50NPM_20250723T023802_L2A,2025-07-23,32650,10,20,sampled_accepted,25,7,0,18,https://e84-earth-search-sentinel-data.s3.us-west-2.amazonaws.com/sentinel-2-c1-l2a/50/N/PM/2025/7/S2C_T50NPM_20250723T023802_L2A/TCI.tif,https://e84-earth-search-sentinel-data.s3.us-west-2.amazonaws.com/sentinel-2-c1-l2a/50/N/PM/2025/7/S2C_T50NPM_20250723T023802_L2A/SCL.tif,[]
MGRS-50NPM,S2B_T50NPM_20251003T023349_L2A,2025-10-03,32650,10,20,sampled_accepted,25,18,4,3,https://e84-earth-search-sentinel-data.s3.us-west-2.amazonaws.com/sentinel-2-c1-l2a/50/N/PM/2025/10/S2B_T50NPM_20251003T023349_L2A/TCI.tif,https://e84-earth-search-sentinel-data.s3.us-west-2.amazonaws.com/sentinel-2-c1-l2a/50/N/PM/2025/10/S2B_T50NPM_20251003T023349_L2A/SCL.tif,[]
MGRS-50NPM,S2B_T50NPM_20251102T023556_L2A,2025-11-02,32650,10,20,sampled_accepted,25,18,4,3,https://e84-earth-search-sentinel-data.s3.us-west-2.amazonaws.com/sentinel-2-c1-l2a/50/N/PM/2025/11/S2B_T50NPM_20251102T023556_L2A/TCI.tif,https://e84-earth-search-sentinel-data.s3.us-west-2.amazonaws.com/sentinel-2-c1-l2a/50/N/PM/2025/11/S2B_T50NPM_20251102T023556_L2A/SCL.tif,[]
MGRS-50NPN,S2C_T50NPN_20250315T023542_L2A,2025-03-15,32650,10,20,sampled_accepted,25,10,3,12,https://e84-earth-search-sentinel-data.s3.us-west-2.amazonaws.com/sentinel-2-c1-l2a/50/N/PN/2025/3/S2C_T50NPN_20250315T023542_L2A/TCI.tif,https://e84-earth-search-sentinel-data.s3.us-west-2.amazonaws.com/sentinel-2-c1-l2a/50/N/PN/2025/3/S2C_T50NPN_20250315T023542_L2A/SCL.tif,[]
MGRS-50NPN,S2B_T50NPN_20250628T024502_L2A,2025-06-28,32650,10,20,sampled_accepted,25,12,1,12,https://e84-earth-search-sentinel-data.s3.us-west-2.amazonaws.com/sentinel-2-c1-l2a/50/N/PN/2025/6/S2B_T50NPN_20250628T024502_L2A/TCI.tif,https://e84-earth-search-sentinel-data.s3.us-west-2.amazonaws.com/sentinel-2-c1-l2a/50/N/PN/2025/6/S2B_T50NPN_20250628T024502_L2A/SCL.tif,[]
MGRS-50NPN,S2C_T50NPN_20250713T023802_L2A,2025-07-13,32650,10,20,sampled_accepted,25,12,0,13,https://e84-earth-search-sentinel-data.s3.us-west-2.amazonaws.com/sentinel-2-c1-l2a/50/N/PN/2025/7/S2C_T50NPN_20250713T023802_L2A/TCI.tif,https://e84-earth-search-sentinel-data.s3.us-west-2.amazonaws.com/sentinel-2-c1-l2a/50/N/PN/2025/7/S2C_T50NPN_20250713T023802_L2A/SCL.tif,[]
MGRS-50NPP,S2B_T50NPP_20250509T024436_L2A,2025-05-09,32650,10,20,sampled_accepted,25,17,1,7,https://e84-earth-search-sentinel-data.s3.us-west-2.amazonaws.com/sentinel-2-c1-l2a/50/N/PP/2025/5/S2B_T50NPP_20250509T024436_L2A/TCI.tif,https://e84-earth-search-sentinel-data.s3.us-west-2.amazonaws.com/sentinel-2-c1-l2a/50/N/PP/2025/5/S2B_T50NPP_20250509T024436_L2A/SCL.tif,[]
MGRS-50NPP,S2B_T50NPP_20250728T024500_L2A,2025-07-28,32650,10,20,sampled_accepted,25,15,3,7,https://e84-earth-search-sentinel-data.s3.us-west-2.amazonaws.com/sentinel-2-c1-l2a/50/N/PP/2025/7/S2B_T50NPP_20250728T024500_L2A/TCI.tif,https://e84-earth-search-sentinel-data.s3.us-west-2.amazonaws.com/sentinel-2-c1-l2a/50/N/PP/2025/7/S2B_T50NPP_20250728T024500_L2A/SCL.tif,[]
MGRS-50NPP,S2B_T50NPP_20251016T024205_L2A,2025-10-16,32650,10,20,sampled_accepted,25,15,3,7,https://e84-earth-search-sentinel-data.s3.us-west-2.amazonaws.com/sentinel-2-c1-l2a/50/N/PP/2025/10/S2B_T50NPP_20251016T024205_L2A/TCI.tif,https://e84-earth-search-sentinel-data.s3.us-west-2.amazonaws.com/sentinel-2-c1-l2a/50/N/PP/2025/10/S2B_T50NPP_20251016T024205_L2A/SCL.tif,[]
MGRS-50PKB,S2C_T50PKB_20250311T025628_L2A,2025-03-11,32650,10,20,sampled_accepted,25,25,0,0,https://e84-earth-search-sentinel-data.s3.us-west-2.amazonaws.com/sentinel-2-c1-l2a/50/P/KB/2025/3/S2C_T50PKB_20250311T025628_L2A/TCI.tif,https://e84-earth-search-sentinel-data.s3.us-west-2.amazonaws.com/sentinel-2-c1-l2a/50/P/KB/2025/3/S2C_T50PKB_20250311T025628_L2A/SCL.tif,[]
MGRS-50PKB,S2B_T50PKB_20250714T030103_L2A,2025-07-14,32650,10,20,sampled_accepted,25,21,4,0,https://e84-earth-search-sentinel-data.s3.us-west-2.amazonaws.com/sentinel-2-c1-l2a/50/P/KB/2025/7/S2B_T50PKB_20250714T030103_L2A/TCI.tif,https://e84-earth-search-sentinel-data.s3.us-west-2.amazonaws.com/sentinel-2-c1-l2a/50/P/KB/2025/7/S2B_T50PKB_20250714T030103_L2A/SCL.tif,[]
MGRS-50PKB,S2C_T50PKB_20251017T025622_L2A,2025-10-17,32650,10,20,sampled_accepted,25,23,2,0,https://e84-earth-search-sentinel-data.s3.us-west-2.amazonaws.com/sentinel-2-c1-l2a/50/P/KB/2025/10/S2C_T50PKB_20251017T025622_L2A/TCI.tif,https://e84-earth-search-sentinel-data.s3.us-west-2.amazonaws.com/sentinel-2-c1-l2a/50/P/KB/2025/10/S2C_T50PKB_20251017T025622_L2A/SCL.tif,[]
MGRS-50PKC,S2B_T50PKC_20250326T030102_L2A,2025-03-26,32650,10,20,sampled_accepted,25,25,0,0,https://e84-earth-search-sentinel-data.s3.us-west-2.amazonaws.com/sentinel-2-c1-l2a/50/P/KC/2025/3/S2B_T50PKC_20250326T030102_L2A/TCI.tif,https://e84-earth-search-sentinel-data.s3.us-west-2.amazonaws.com/sentinel-2-c1-l2a/50/P/KC/2025/3/S2B_T50PKC_20250326T030102_L2A/SCL.tif,[]
MGRS-50PKC,S2C_T50PKC_20250520T025915_L2A,2025-05-20,32650,10,20,sampled_accepted,25,24,1,0,https://e84-earth-search-sentinel-data.s3.us-west-2.amazonaws.com/sentinel-2-c1-l2a/50/P/KC/2025/5/S2C_T50PKC_20250520T025915_L2A/TCI.tif,https://e84-earth-search-sentinel-data.s3.us-west-2.amazonaws.com/sentinel-2-c1-l2a/50/P/KC/2025/5/S2C_T50PKC_20250520T025915_L2A/SCL.tif,[]
MGRS-50PKC,S2C_T50PKC_20251017T025622_L2A,2025-10-17,32650,10,20,sampled_accepted,25,25,0,0,https://e84-earth-search-sentinel-data.s3.us-west-2.amazonaws.com/sentinel-2-c1-l2a/50/P/KC/2025/10/S2C_T50PKC_20251017T025622_L2A/TCI.tif,https://e84-earth-search-sentinel-data.s3.us-west-2.amazonaws.com/sentinel-2-c1-l2a/50/P/KC/2025/10/S2C_T50PKC_20251017T025622_L2A/SCL.tif,[]
MGRS-50PKQ,S2C_T50PKQ_20250216T025049_L2A,2025-02-16,32650,10,20,sampled_accepted,25,24,1,0,https://e84-earth-search-sentinel-data.s3.us-west-2.amazonaws.com/sentinel-2-c1-l2a/50/P/KQ/2025/2/S2C_T50PKQ_20250216T025049_L2A/TCI.tif,https://e84-earth-search-sentinel-data.s3.us-west-2.amazonaws.com/sentinel-2-c1-l2a/50/P/KQ/2025/2/S2C_T50PKQ_20250216T025049_L2A/SCL.tif,[]
MGRS-50PKQ,S2B_T50PKQ_20250313T025422_L2A,2025-03-13,32650,10,20,sampled_accepted,25,23,2,0,https://e84-earth-search-sentinel-data.s3.us-west-2.amazonaws.com/sentinel-2-c1-l2a/50/P/KQ/2025/3/S2B_T50PKQ_20250313T025422_L2A/TCI.tif,https://e84-earth-search-sentinel-data.s3.us-west-2.amazonaws.com/sentinel-2-c1-l2a/50/P/KQ/2025/3/S2B_T50PKQ_20250313T025422_L2A/SCL.tif,[]
MGRS-50PKQ,S2C_T50PKQ_20250328T024711_L2A,2025-03-28,32650,10,20,sampled_accepted,25,23,2,0,https://e84-earth-search-sentinel-data.s3.us-west-2.amazonaws.com/sentinel-2-c1-l2a/50/P/KQ/2025/3/S2C_T50PKQ_20250328T024711_L2A/TCI.tif,https://e84-earth-search-sentinel-data.s3.us-west-2.amazonaws.com/sentinel-2-c1-l2a/50/P/KQ/2025/3/S2C_T50PKQ_20250328T024711_L2A/SCL.tif,[]
MGRS-50PKR,S2C_T50PKR_20250206T025155_L2A,2025-02-06,32650,10,20,sampled_accepted,25,24,1,0,https://e84-earth-search-sentinel-data.s3.us-west-2.amazonaws.com/sentinel-2-c1-l2a/50/P/KR/2025/2/S2C_T50PKR_20250206T025155_L2A/TCI.tif,https://e84-earth-search-sentinel-data.s3.us-west-2.amazonaws.com/sentinel-2-c1-l2a/50/P/KR/2025/2/S2C_T50PKR_20250206T025155_L2A/SCL.tif,[]
MGRS-50PKR,S2B_T50PKR_20250810T025422_L2A,2025-08-10,32650,10,20,sampled_accepted,25,24,1,0,https://e84-earth-search-sentinel-data.s3.us-west-2.amazonaws.com/sentinel-2-c1-l2a/50/P/KR/2025/8/S2B_T50PKR_20250810T025422_L2A/TCI.tif,https://e84-earth-search-sentinel-data.s3.us-west-2.amazonaws.com/sentinel-2-c1-l2a/50/P/KR/2025/8/S2B_T50PKR_20250810T025422_L2A/SCL.tif,[]
MGRS-50PKR,S2B_T50PKR_20250909T025310_L2A,2025-09-09,32650,10,20,sampled_accepted,25,24,1,0,https://e84-earth-search-sentinel-data.s3.us-west-2.amazonaws.com/sentinel-2-c1-l2a/50/P/KR/2025/9/S2B_T50PKR_20250909T025310_L2A/TCI.tif,https://e84-earth-search-sentinel-data.s3.us-west-2.amazonaws.com/sentinel-2-c1-l2a/50/P/KR/2025/9/S2B_T50PKR_20250909T025310_L2A/SCL.tif,[]
MGRS-50PKS,S2B_T50PKS_20250303T025424_L2A,2025-03-03,32650,10,20,sampled_accepted,25,24,1,0,https://e84-earth-search-sentinel-data.s3.us-west-2.amazonaws.com/sentinel-2-c1-l2a/50/P/KS/2025/3/S2B_T50PKS_20250303T025424_L2A/TCI.tif,https://e84-earth-search-sentinel-data.s3.us-west-2.amazonaws.com/sentinel-2-c1-l2a/50/P/KS/2025/3/S2B_T50PKS_20250303T025424_L2A/SCL.tif,[]
MGRS-50PKS,S2B_T50PKS_20250512T025313_L2A,2025-05-12,32650,10,20,sampled_accepted,25,25,0,0,https://e84-earth-search-sentinel-data.s3.us-west-2.amazonaws.com/sentinel-2-c1-l2a/50/P/KS/2025/5/S2B_T50PKS_20250512T025313_L2A/TCI.tif,https://e84-earth-search-sentinel-data.s3.us-west-2.amazonaws.com/sentinel-2-c1-l2a/50/P/KS/2025/5/S2B_T50PKS_20250512T025313_L2A/SCL.tif,[]
MGRS-50PKS,S2B_T50PKS_20250909T025310_L2A,2025-09-09,32650,10,20,sampled_accepted,25,25,0,0,https://e84-earth-search-sentinel-data.s3.us-west-2.amazonaws.com/sentinel-2-c1-l2a/50/P/KS/2025/9/S2B_T50PKS_20250909T025310_L2A/TCI.tif,https://e84-earth-search-sentinel-data.s3.us-west-2.amazonaws.com/sentinel-2-c1-l2a/50/P/KS/2025/9/S2B_T50PKS_20250909T025310_L2A/SCL.tif,[]
MGRS-50PKT,S2C_T50PKT_20250216T025049_L2A,2025-02-16,32650,10,20,sampled_accepted,25,24,1,0,https://e84-earth-search-sentinel-data.s3.us-west-2.amazonaws.com/sentinel-2-c1-l2a/50/P/KT/2025/2/S2C_T50PKT_20250216T025049_L2A/TCI.tif,https://e84-earth-search-sentinel-data.s3.us-west-2.amazonaws.com/sentinel-2-c1-l2a/50/P/KT/2025/2/S2C_T50PKT_20250216T025049_L2A/SCL.tif,[]
MGRS-50PKT,S2C_T50PKT_20250328T024711_L2A,2025-03-28,32650,10,20,sampled_accepted,25,25,0,0,https://e84-earth-search-sentinel-data.s3.us-west-2.amazonaws.com/sentinel-2-c1-l2a/50/P/KT/2025/3/S2C_T50PKT_20250328T024711_L2A/TCI.tif,https://e84-earth-search-sentinel-data.s3.us-west-2.amazonaws.com/sentinel-2-c1-l2a/50/P/KT/2025/3/S2C_T50PKT_20250328T024711_L2A/SCL.tif,[]
MGRS-50PKT,S2B_T50PKT_20250512T025313_L2A,2025-05-12,32650,10,20,sampled_accepted,25,23,2,0,https://e84-earth-search-sentinel-data.s3.us-west-2.amazonaws.com/sentinel-2-c1-l2a/50/P/KT/2025/5/S2B_T50PKT_20250512T025313_L2A/TCI.tif,https://e84-earth-search-sentinel-data.s3.us-west-2.amazonaws.com/sentinel-2-c1-l2a/50/P/KT/2025/5/S2B_T50PKT_20250512T025313_L2A/SCL.tif,[]
MGRS-50PKU,S2C_T50PKU_20250328T024711_L2A,2025-03-28,32650,10,20,sampled_accepted,25,21,1,3,https://e84-earth-search-sentinel-data.s3.us-west-2.amazonaws.com/sentinel-2-c1-l2a/50/P/KU/2025/3/S2C_T50PKU_20250328T024711_L2A/TCI.tif,https://e84-earth-search-sentinel-data.s3.us-west-2.amazonaws.com/sentinel-2-c1-l2a/50/P/KU/2025/3/S2C_T50PKU_20250328T024711_L2A/SCL.tif,[]
MGRS-50PKU,S2B_T50PKU_20250512T025313_L2A,2025-05-12,32650,10,20,sampled_accepted,25,21,1,3,https://e84-earth-search-sentinel-data.s3.us-west-2.amazonaws.com/sentinel-2-c1-l2a/50/P/KU/2025/5/S2B_T50PKU_20250512T025313_L2A/TCI.tif,https://e84-earth-search-sentinel-data.s3.us-west-2.amazonaws.com/sentinel-2-c1-l2a/50/P/KU/2025/5/S2B_T50PKU_20250512T025313_L2A/SCL.tif,[]
MGRS-50PKU,S2B_T50PKU_20250909T025310_L2A,2025-09-09,32650,10,20,sampled_accepted,25,21,1,3,https://e84-earth-search-sentinel-data.s3.us-west-2.amazonaws.com/sentinel-2-c1-l2a/50/P/KU/2025/9/S2B_T50PKU_20250909T025310_L2A/TCI.tif,https://e84-earth-search-sentinel-data.s3.us-west-2.amazonaws.com/sentinel-2-c1-l2a/50/P/KU/2025/9/S2B_T50PKU_20250909T025310_L2A/SCL.tif,[]
MGRS-50PLB,S2A_T50PLB_20250107T025120_L2A,2025-01-07,32650,10,20,sampled_accepted,25,24,1,0,https://e84-earth-search-sentinel-data.s3.us-west-2.amazonaws.com/sentinel-2-c1-l2a/50/P/LB/2025/1/S2A_T50PLB_20250107T025120_L2A/TCI.tif,https://e84-earth-search-sentinel-data.s3.us-west-2.amazonaws.com/sentinel-2-c1-l2a/50/P/LB/2025/1/S2A_T50PLB_20250107T025120_L2A/SCL.tif,[]
MGRS-50PLB,S2B_T50PLB_20250522T025331_L2A,2025-05-22,32650,10,20,sampled_accepted,25,25,0,0,https://e84-earth-search-sentinel-data.s3.us-west-2.amazonaws.com/sentinel-2-c1-l2a/50/P/LB/2025/5/S2B_T50PLB_20250522T025331_L2A/TCI.tif,https://e84-earth-search-sentinel-data.s3.us-west-2.amazonaws.com/sentinel-2-c1-l2a/50/P/LB/2025/5/S2B_T50PLB_20250522T025331_L2A/SCL.tif,[]
MGRS-50PLB,S2C_T50PLB_20250616T024734_L2A,2025-06-16,32650,10,20,sampled_accepted,25,25,0,0,https://e84-earth-search-sentinel-data.s3.us-west-2.amazonaws.com/sentinel-2-c1-l2a/50/P/LB/2025/6/S2C_T50PLB_20250616T024734_L2A/TCI.tif,https://e84-earth-search-sentinel-data.s3.us-west-2.amazonaws.com/sentinel-2-c1-l2a/50/P/LB/2025/6/S2C_T50PLB_20250616T024734_L2A/SCL.tif,[]
MGRS-50PLC,S2B_T50PLC_20250412T024659_L2A,2025-04-12,32650,10,20,sampled_accepted,25,24,0,1,https://e84-earth-search-sentinel-data.s3.us-west-2.amazonaws.com/sentinel-2-c1-l2a/50/P/LC/2025/4/S2B_T50PLC_20250412T024659_L2A/TCI.tif,https://e84-earth-search-sentinel-data.s3.us-west-2.amazonaws.com/sentinel-2-c1-l2a/50/P/LC/2025/4/S2B_T50PLC_20250412T024659_L2A/SCL.tif,[]
MGRS-50PLC,S2C_T50PLC_20250616T024734_L2A,2025-06-16,32650,10,20,sampled_accepted,25,24,0,1,https://e84-earth-search-sentinel-data.s3.us-west-2.amazonaws.com/sentinel-2-c1-l2a/50/P/LC/2025/6/S2C_T50PLC_20250616T024734_L2A/TCI.tif,https://e84-earth-search-sentinel-data.s3.us-west-2.amazonaws.com/sentinel-2-c1-l2a/50/P/LC/2025/6/S2C_T50PLC_20250616T024734_L2A/SCL.tif,[]
MGRS-50PLC,S2C_T50PLC_20251014T024926_L2A,2025-10-14,32650,10,20,sampled_accepted,25,24,0,1,https://e84-earth-search-sentinel-data.s3.us-west-2.amazonaws.com/sentinel-2-c1-l2a/50/P/LC/2025/10/S2C_T50PLC_20251014T024926_L2A/TCI.tif,https://e84-earth-search-sentinel-data.s3.us-west-2.amazonaws.com/sentinel-2-c1-l2a/50/P/LC/2025/10/S2C_T50PLC_20251014T024926_L2A/SCL.tif,[]
MGRS-50PLQ,S2B_T50PLQ_20250303T025424_L2A,2025-03-03,32650,10,20,sampled_accepted,25,22,3,0,https://e84-earth-search-sentinel-data.s3.us-west-2.amazonaws.com/sentinel-2-c1-l2a/50/P/LQ/2025/3/S2B_T50PLQ_20250303T025424_L2A/TCI.tif,https://e84-earth-search-sentinel-data.s3.us-west-2.amazonaws.com/sentinel-2-c1-l2a/50/P/LQ/2025/3/S2B_T50PLQ_20250303T025424_L2A/SCL.tif,[]
MGRS-50PLQ,S2B_T50PLQ_20250313T025422_L2A,2025-03-13,32650,10,20,sampled_accepted,25,24,1,0,https://e84-earth-search-sentinel-data.s3.us-west-2.amazonaws.com/sentinel-2-c1-l2a/50/P/LQ/2025/3/S2B_T50PLQ_20250313T025422_L2A/TCI.tif,https://e84-earth-search-sentinel-data.s3.us-west-2.amazonaws.com/sentinel-2-c1-l2a/50/P/LQ/2025/3/S2B_T50PLQ_20250313T025422_L2A/SCL.tif,[]
MGRS-50PLQ,S2C_T50PLQ_20251203T025331_L2A,2025-12-03,32650,10,20,sampled_accepted,25,24,1,0,https://e84-earth-search-sentinel-data.s3.us-west-2.amazonaws.com/sentinel-2-c1-l2a/50/P/LQ/2025/12/S2C_T50PLQ_20251203T025331_L2A/TCI.tif,https://e84-earth-search-sentinel-data.s3.us-west-2.amazonaws.com/sentinel-2-c1-l2a/50/P/LQ/2025/12/S2C_T50PLQ_20251203T025331_L2A/SCL.tif,[]
MGRS-50PLR,S2B_T50PLR_20250313T025422_L2A,2025-03-13,32650,10,20,sampled_accepted,25,23,2,0,https://e84-earth-search-sentinel-data.s3.us-west-2.amazonaws.com/sentinel-2-c1-l2a/50/P/LR/2025/3/S2B_T50PLR_20250313T025422_L2A/TCI.tif,https://e84-earth-search-sentinel-data.s3.us-west-2.amazonaws.com/sentinel-2-c1-l2a/50/P/LR/2025/3/S2B_T50PLR_20250313T025422_L2A/SCL.tif,[]
MGRS-50PLR,S2B_T50PLR_20250810T025422_L2A,2025-08-10,32650,10,20,sampled_accepted,25,22,3,0,https://e84-earth-search-sentinel-data.s3.us-west-2.amazonaws.com/sentinel-2-c1-l2a/50/P/LR/2025/8/S2B_T50PLR_20250810T025422_L2A/TCI.tif,https://e84-earth-search-sentinel-data.s3.us-west-2.amazonaws.com/sentinel-2-c1-l2a/50/P/LR/2025/8/S2B_T50PLR_20250810T025422_L2A/SCL.tif,[]
MGRS-50PLR,S2C_T50PLR_20251203T025331_L2A,2025-12-03,32650,10,20,sampled_accepted,25,24,1,0,https://e84-earth-search-sentinel-data.s3.us-west-2.amazonaws.com/sentinel-2-c1-l2a/50/P/LR/2025/12/S2C_T50PLR_20251203T025331_L2A/TCI.tif,https://e84-earth-search-sentinel-data.s3.us-west-2.amazonaws.com/sentinel-2-c1-l2a/50/P/LR/2025/12/S2C_T50PLR_20251203T025331_L2A/SCL.tif,[]
MGRS-50PLS,S2C_T50PLS_20250206T025155_L2A,2025-02-06,32650,10,20,sampled_accepted,25,25,0,0,https://e84-earth-search-sentinel-data.s3.us-west-2.amazonaws.com/sentinel-2-c1-l2a/50/P/LS/2025/2/S2C_T50PLS_20250206T025155_L2A/TCI.tif,https://e84-earth-search-sentinel-data.s3.us-west-2.amazonaws.com/sentinel-2-c1-l2a/50/P/LS/2025/2/S2C_T50PLS_20250206T025155_L2A/SCL.tif,[]
MGRS-50PLS,S2B_T50PLS_20250303T025424_L2A,2025-03-03,32650,10,20,sampled_accepted,25,24,1,0,https://e84-earth-search-sentinel-data.s3.us-west-2.amazonaws.com/sentinel-2-c1-l2a/50/P/LS/2025/3/S2B_T50PLS_20250303T025424_L2A/TCI.tif,https://e84-earth-search-sentinel-data.s3.us-west-2.amazonaws.com/sentinel-2-c1-l2a/50/P/LS/2025/3/S2B_T50PLS_20250303T025424_L2A/SCL.tif,[]
MGRS-50PLS,S2B_T50PLS_20250512T025313_L2A,2025-05-12,32650,10,20,sampled_accepted,25,23,2,0,https://e84-earth-search-sentinel-data.s3.us-west-2.amazonaws.com/sentinel-2-c1-l2a/50/P/LS/2025/5/S2B_T50PLS_20250512T025313_L2A/TCI.tif,https://e84-earth-search-sentinel-data.s3.us-west-2.amazonaws.com/sentinel-2-c1-l2a/50/P/LS/2025/5/S2B_T50PLS_20250512T025313_L2A/SCL.tif,[]
MGRS-50PLT,S2B_T50PLT_20250313T025422_L2A,2025-03-13,32650,10,20,sampled_accepted,25,25,0,0,https://e84-earth-search-sentinel-data.s3.us-west-2.amazonaws.com/sentinel-2-c1-l2a/50/P/LT/2025/3/S2B_T50PLT_20250313T025422_L2A/TCI.tif,https://e84-earth-search-sentinel-data.s3.us-west-2.amazonaws.com/sentinel-2-c1-l2a/50/P/LT/2025/3/S2B_T50PLT_20250313T025422_L2A/SCL.tif,[]
MGRS-50PLT,S2B_T50PLT_20250512T025313_L2A,2025-05-12,32650,10,20,sampled_accepted,25,25,0,0,https://e84-earth-search-sentinel-data.s3.us-west-2.amazonaws.com/sentinel-2-c1-l2a/50/P/LT/2025/5/S2B_T50PLT_20250512T025313_L2A/TCI.tif,https://e84-earth-search-sentinel-data.s3.us-west-2.amazonaws.com/sentinel-2-c1-l2a/50/P/LT/2025/5/S2B_T50PLT_20250512T025313_L2A/SCL.tif,[]
MGRS-50PLT,S2B_T50PLT_20250909T025310_L2A,2025-09-09,32650,10,20,sampled_accepted,25,24,1,0,https://e84-earth-search-sentinel-data.s3.us-west-2.amazonaws.com/sentinel-2-c1-l2a/50/P/LT/2025/9/S2B_T50PLT_20250909T025310_L2A/TCI.tif,https://e84-earth-search-sentinel-data.s3.us-west-2.amazonaws.com/sentinel-2-c1-l2a/50/P/LT/2025/9/S2B_T50PLT_20250909T025310_L2A/SCL.tif,[]
MGRS-50PLU,S2C_T50PLU_20250328T024711_L2A,2025-03-28,32650,10,20,sampled_accepted,25,23,2,0,https://e84-earth-search-sentinel-data.s3.us-west-2.amazonaws.com/sentinel-2-c1-l2a/50/P/LU/2025/3/S2C_T50PLU_20250328T024711_L2A/TCI.tif,https://e84-earth-search-sentinel-data.s3.us-west-2.amazonaws.com/sentinel-2-c1-l2a/50/P/LU/2025/3/S2C_T50PLU_20250328T024711_L2A/SCL.tif,[]
MGRS-50PLU,S2B_T50PLU_20250512T025313_L2A,2025-05-12,32650,10,20,sampled_accepted,25,24,1,0,https://e84-earth-search-sentinel-data.s3.us-west-2.amazonaws.com/sentinel-2-c1-l2a/50/P/LU/2025/5/S2B_T50PLU_20250512T025313_L2A/TCI.tif,https://e84-earth-search-sentinel-data.s3.us-west-2.amazonaws.com/sentinel-2-c1-l2a/50/P/LU/2025/5/S2B_T50PLU_20250512T025313_L2A/SCL.tif,[]
MGRS-50PLU,S2C_T50PLU_20250825T024834_L2A,2025-08-25,32650,10,20,sampled_accepted,25,24,1,0,https://e84-earth-search-sentinel-data.s3.us-west-2.amazonaws.com/sentinel-2-c1-l2a/50/P/LU/2025/8/S2C_T50PLU_20250825T024834_L2A/TCI.tif,https://e84-earth-search-sentinel-data.s3.us-west-2.amazonaws.com/sentinel-2-c1-l2a/50/P/LU/2025/8/S2C_T50PLU_20250825T024834_L2A/SCL.tif,[]
MGRS-50PMB,S2B_T50PMB_20250201T024952_L2A,2025-02-01,32650,10,20,sampled_accepted,25,25,0,0,https://e84-earth-search-sentinel-data.s3.us-west-2.amazonaws.com/sentinel-2-c1-l2a/50/P/MB/2025/2/S2B_T50PMB_20250201T024952_L2A/TCI.tif,https://e84-earth-search-sentinel-data.s3.us-west-2.amazonaws.com/sentinel-2-c1-l2a/50/P/MB/2025/2/S2B_T50PMB_20250201T024952_L2A/SCL.tif,[]
MGRS-50PMB,S2C_T50PMB_20250206T025155_L2A,2025-02-06,32650,10,20,sampled_accepted,25,25,0,0,https://e84-earth-search-sentinel-data.s3.us-west-2.amazonaws.com/sentinel-2-c1-l2a/50/P/MB/2025/2/S2C_T50PMB_20250206T025155_L2A/TCI.tif,https://e84-earth-search-sentinel-data.s3.us-west-2.amazonaws.com/sentinel-2-c1-l2a/50/P/MB/2025/2/S2C_T50PMB_20250206T025155_L2A/SCL.tif,[]
MGRS-50PMB,S2C_T50PMB_20250427T025202_L2A,2025-04-27,32650,10,20,sampled_accepted,25,25,0,0,https://e84-earth-search-sentinel-data.s3.us-west-2.amazonaws.com/sentinel-2-c1-l2a/50/P/MB/2025/4/S2C_T50PMB_20250427T025202_L2A/TCI.tif,https://e84-earth-search-sentinel-data.s3.us-west-2.amazonaws.com/sentinel-2-c1-l2a/50/P/MB/2025/4/S2C_T50PMB_20250427T025202_L2A/SCL.tif,[]
MGRS-50PMC,S2B_T50PMC_20250303T024700_L2A,2025-03-03,32650,10,20,sampled_accepted,25,25,0,0,https://e84-earth-search-sentinel-data.s3.us-west-2.amazonaws.com/sentinel-2-c1-l2a/50/P/MC/2025/3/S2B_T50PMC_20250303T024700_L2A/TCI.tif,https://e84-earth-search-sentinel-data.s3.us-west-2.amazonaws.com/sentinel-2-c1-l2a/50/P/MC/2025/3/S2B_T50PMC_20250303T024700_L2A/SCL.tif,[]
MGRS-50PMC,S2C_T50PMC_20250616T024734_L2A,2025-06-16,32650,10,20,sampled_accepted,25,24,1,0,https://e84-earth-search-sentinel-data.s3.us-west-2.amazonaws.com/sentinel-2-c1-l2a/50/P/MC/2025/6/S2C_T50PMC_20250616T024734_L2A/TCI.tif,https://e84-earth-search-sentinel-data.s3.us-west-2.amazonaws.com/sentinel-2-c1-l2a/50/P/MC/2025/6/S2C_T50PMC_20250616T024734_L2A/SCL.tif,[]
MGRS-50PMC,S2C_T50PMC_20251014T024926_L2A,2025-10-14,32650,10,20,sampled_accepted,25,25,0,0,https://e84-earth-search-sentinel-data.s3.us-west-2.amazonaws.com/sentinel-2-c1-l2a/50/P/MC/2025/10/S2C_T50PMC_20251014T024926_L2A/TCI.tif,https://e84-earth-search-sentinel-data.s3.us-west-2.amazonaws.com/sentinel-2-c1-l2a/50/P/MC/2025/10/S2C_T50PMC_20251014T024926_L2A/SCL.tif,[]
MGRS-50PMQ,S2C_T50PMQ_20250315T023542_L2A,2025-03-15,32650,10,20,sampled_accepted,25,22,3,0,https://e84-earth-search-sentinel-data.s3.us-west-2.amazonaws.com/sentinel-2-c1-l2a/50/P/MQ/2025/3/S2C_T50PMQ_20250315T023542_L2A/TCI.tif,https://e84-earth-search-sentinel-data.s3.us-west-2.amazonaws.com/sentinel-2-c1-l2a/50/P/MQ/2025/3/S2C_T50PMQ_20250315T023542_L2A/SCL.tif,[]
MGRS-50PMQ,S2A_T50PMQ_20250526T023137_L2A,2025-05-26,32650,10,20,sampled_accepted,25,21,4,0,https://e84-earth-search-sentinel-data.s3.us-west-2.amazonaws.com/sentinel-2-c1-l2a/50/P/MQ/2025/5/S2A_T50PMQ_20250526T023137_L2A/TCI.tif,https://e84-earth-search-sentinel-data.s3.us-west-2.amazonaws.com/sentinel-2-c1-l2a/50/P/MQ/2025/5/S2A_T50PMQ_20250526T023137_L2A/SCL.tif,[]
MGRS-50PMQ,S2A_T50PMQ_20251013T023931_L2A,2025-10-13,32650,10,20,sampled_accepted,25,22,3,0,https://e84-earth-search-sentinel-data.s3.us-west-2.amazonaws.com/sentinel-2-c1-l2a/50/P/MQ/2025/10/S2A_T50PMQ_20251013T023931_L2A/TCI.tif,https://e84-earth-search-sentinel-data.s3.us-west-2.amazonaws.com/sentinel-2-c1-l2a/50/P/MQ/2025/10/S2A_T50PMQ_20251013T023931_L2A/SCL.tif,[]
MGRS-50PMR,S2C_T50PMR_20250315T023542_L2A,2025-03-15,32650,10,20,sampled_accepted,25,18,2,5,https://e84-earth-search-sentinel-data.s3.us-west-2.amazonaws.com/sentinel-2-c1-l2a/50/P/MR/2025/3/S2C_T50PMR_20250315T023542_L2A/TCI.tif,https://e84-earth-search-sentinel-data.s3.us-west-2.amazonaws.com/sentinel-2-c1-l2a/50/P/MR/2025/3/S2C_T50PMR_20250315T023542_L2A/SCL.tif,[]
MGRS-50PMR,S2C_T50PMR_20250514T023835_L2A,2025-05-14,32650,10,20,sampled_accepted,25,18,2,5,https://e84-earth-search-sentinel-data.s3.us-west-2.amazonaws.com/sentinel-2-c1-l2a/50/P/MR/2025/5/S2C_T50PMR_20250514T023835_L2A/TCI.tif,https://e84-earth-search-sentinel-data.s3.us-west-2.amazonaws.com/sentinel-2-c1-l2a/50/P/MR/2025/5/S2C_T50PMR_20250514T023835_L2A/SCL.tif,[]
MGRS-50PMR,S2C_T50PMR_20250802T023800_L2A,2025-08-02,32650,10,20,sampled_accepted,25,17,3,5,https://e84-earth-search-sentinel-data.s3.us-west-2.amazonaws.com/sentinel-2-c1-l2a/50/P/MR/2025/8/S2C_T50PMR_20250802T023800_L2A/TCI.tif,https://e84-earth-search-sentinel-data.s3.us-west-2.amazonaws.com/sentinel-2-c1-l2a/50/P/MR/2025/8/S2C_T50PMR_20250802T023800_L2A/SCL.tif,[]
MGRS-50PMS,S2C_T50PMS_20250315T023542_L2A,2025-03-15,32650,10,20,sampled_accepted,25,15,0,10,https://e84-earth-search-sentinel-data.s3.us-west-2.amazonaws.com/sentinel-2-c1-l2a/50/P/MS/2025/3/S2C_T50PMS_20250315T023542_L2A/TCI.tif,https://e84-earth-search-sentinel-data.s3.us-west-2.amazonaws.com/sentinel-2-c1-l2a/50/P/MS/2025/3/S2C_T50PMS_20250315T023542_L2A/SCL.tif,[]
MGRS-50PMS,S2C_T50PMS_20250514T023835_L2A,2025-05-14,32650,10,20,sampled_accepted,25,14,1,10,https://e84-earth-search-sentinel-data.s3.us-west-2.amazonaws.com/sentinel-2-c1-l2a/50/P/MS/2025/5/S2C_T50PMS_20250514T023835_L2A/TCI.tif,https://e84-earth-search-sentinel-data.s3.us-west-2.amazonaws.com/sentinel-2-c1-l2a/50/P/MS/2025/5/S2C_T50PMS_20250514T023835_L2A/SCL.tif,[]
MGRS-50PMS,S2B_T50PMS_20250810T025422_L2A,2025-08-10,32650,10,20,sampled_accepted,25,14,2,9,https://e84-earth-search-sentinel-data.s3.us-west-2.amazonaws.com/sentinel-2-c1-l2a/50/P/MS/2025/8/S2B_T50PMS_20250810T025422_L2A/TCI.tif,https://e84-earth-search-sentinel-data.s3.us-west-2.amazonaws.com/sentinel-2-c1-l2a/50/P/MS/2025/8/S2B_T50PMS_20250810T025422_L2A/SCL.tif,[]
MGRS-50PMT,S2B_T50PMT_20250303T025424_L2A,2025-03-03,32650,10,20,sampled_accepted,25,19,2,4,https://e84-earth-search-sentinel-data.s3.us-west-2.amazonaws.com/sentinel-2-c1-l2a/50/P/MT/2025/3/S2B_T50PMT_20250303T025424_L2A/TCI.tif,https://e84-earth-search-sentinel-data.s3.us-west-2.amazonaws.com/sentinel-2-c1-l2a/50/P/MT/2025/3/S2B_T50PMT_20250303T025424_L2A/SCL.tif,[]
MGRS-50PMT,S2B_T50PMT_20250313T025422_L2A,2025-03-13,32650,10,20,sampled_accepted,25,20,1,4,https://e84-earth-search-sentinel-data.s3.us-west-2.amazonaws.com/sentinel-2-c1-l2a/50/P/MT/2025/3/S2B_T50PMT_20250313T025422_L2A/TCI.tif,https://e84-earth-search-sentinel-data.s3.us-west-2.amazonaws.com/sentinel-2-c1-l2a/50/P/MT/2025/3/S2B_T50PMT_20250313T025422_L2A/SCL.tif,[]
MGRS-50PMT,S2C_T50PMT_20250805T025205_L2A,2025-08-05,32650,10,20,sampled_accepted,25,21,0,4,https://e84-earth-search-sentinel-data.s3.us-west-2.amazonaws.com/sentinel-2-c1-l2a/50/P/MT/2025/8/S2C_T50PMT_20250805T025205_L2A/TCI.tif,https://e84-earth-search-sentinel-data.s3.us-west-2.amazonaws.com/sentinel-2-c1-l2a/50/P/MT/2025/8/S2C_T50PMT_20250805T025205_L2A/SCL.tif,[]
MGRS-50PMU,S2B_T50PMU_20250313T024658_L2A,2025-03-13,32650,10,20,sampled_accepted,25,15,0,10,https://e84-earth-search-sentinel-data.s3.us-west-2.amazonaws.com/sentinel-2-c1-l2a/50/P/MU/2025/3/S2B_T50PMU_20250313T024658_L2A/TCI.tif,https://e84-earth-search-sentinel-data.s3.us-west-2.amazonaws.com/sentinel-2-c1-l2a/50/P/MU/2025/3/S2B_T50PMU_20250313T024658_L2A/SCL.tif,[]
MGRS-50PMU,S2C_T50PMU_20250616T024734_L2A,2025-06-16,32650,10,20,sampled_accepted,25,23,2,0,https://e84-earth-search-sentinel-data.s3.us-west-2.amazonaws.com/sentinel-2-c1-l2a/50/P/MU/2025/6/S2C_T50PMU_20250616T024734_L2A/TCI.tif,https://e84-earth-search-sentinel-data.s3.us-west-2.amazonaws.com/sentinel-2-c1-l2a/50/P/MU/2025/6/S2C_T50PMU_20250616T024734_L2A/SCL.tif,[]
MGRS-50PMU,S2C_T50PMU_20250805T025205_L2A,2025-08-05,32650,10,20,sampled_accepted,25,21,4,0,https://e84-earth-search-sentinel-data.s3.us-west-2.amazonaws.com/sentinel-2-c1-l2a/50/P/MU/2025/8/S2C_T50PMU_20250805T025205_L2A/TCI.tif,https://e84-earth-search-sentinel-data.s3.us-west-2.amazonaws.com/sentinel-2-c1-l2a/50/P/MU/2025/8/S2C_T50PMU_20250805T025205_L2A/SCL.tif,[]
MGRS-50PNB,S2C_T50PNB_20250206T025155_L2A,2025-02-06,32650,10,20,sampled_accepted,25,19,0,6,https://e84-earth-search-sentinel-data.s3.us-west-2.amazonaws.com/sentinel-2-c1-l2a/50/P/NB/2025/2/S2C_T50PNB_20250206T025155_L2A/TCI.tif,https://e84-earth-search-sentinel-data.s3.us-west-2.amazonaws.com/sentinel-2-c1-l2a/50/P/NB/2025/2/S2C_T50PNB_20250206T025155_L2A/SCL.tif,"[""huangyan""]"
MGRS-50PNB,S2B_T50PNB_20250313T024658_L2A,2025-03-13,32650,10,20,sampled_accepted,25,19,0,6,https://e84-earth-search-sentinel-data.s3.us-west-2.amazonaws.com/sentinel-2-c1-l2a/50/P/NB/2025/3/S2B_T50PNB_20250313T024658_L2A/TCI.tif,https://e84-earth-search-sentinel-data.s3.us-west-2.amazonaws.com/sentinel-2-c1-l2a/50/P/NB/2025/3/S2B_T50PNB_20250313T024658_L2A/SCL.tif,"[""huangyan""]"
MGRS-50PNB,S2A_T50PNB_20250416T023133_L2A,2025-04-16,32650,10,20,sampled_accepted,25,13,0,12,https://e84-earth-search-sentinel-data.s3.us-west-2.amazonaws.com/sentinel-2-c1-l2a/50/P/NB/2025/4/S2A_T50PNB_20250416T023133_L2A/TCI.tif,https://e84-earth-search-sentinel-data.s3.us-west-2.amazonaws.com/sentinel-2-c1-l2a/50/P/NB/2025/4/S2A_T50PNB_20250416T023133_L2A/SCL.tif,"[""huangyan""]"
MGRS-50PNB,S2B_T50PNB_20250419T023759_L2A,2025-04-19,32650,10,20,sampled_accepted,25,13,0,12,https://e84-earth-search-sentinel-data.s3.us-west-2.amazonaws.com/sentinel-2-c1-l2a/50/P/NB/2025/4/S2B_T50PNB_20250419T023759_L2A/TCI.tif,https://e84-earth-search-sentinel-data.s3.us-west-2.amazonaws.com/sentinel-2-c1-l2a/50/P/NB/2025/4/S2B_T50PNB_20250419T023759_L2A/SCL.tif,"[""huangyan""]"
MGRS-50PNB,S2C_T50PNB_20250424T023909_L2A,2025-04-24,32650,10,20,sampled_accepted,25,10,0,15,https://e84-earth-search-sentinel-data.s3.us-west-2.amazonaws.com/sentinel-2-c1-l2a/50/P/NB/2025/4/S2C_T50PNB_20250424T023909_L2A/TCI.tif,https://e84-earth-search-sentinel-data.s3.us-west-2.amazonaws.com/sentinel-2-c1-l2a/50/P/NB/2025/4/S2C_T50PNB_20250424T023909_L2A/SCL.tif,[]
MGRS-50PNB,S2C_T50PNB_20250616T024734_L2A,2025-06-16,32650,10,20,sampled_accepted,25,18,1,6,https://e84-earth-search-sentinel-data.s3.us-west-2.amazonaws.com/sentinel-2-c1-l2a/50/P/NB/2025/6/S2C_T50PNB_20250616T024734_L2A/TCI.tif,https://e84-earth-search-sentinel-data.s3.us-west-2.amazonaws.com/sentinel-2-c1-l2a/50/P/NB/2025/6/S2C_T50PNB_20250616T024734_L2A/SCL.tif,"[""huangyan""]"
MGRS-50PNC,S2B_T50PNC_20250201T024952_L2A,2025-02-01,32650,10,20,sampled_accepted,25,24,0,1,https://e84-earth-search-sentinel-data.s3.us-west-2.amazonaws.com/sentinel-2-c1-l2a/50/P/NC/2025/2/S2B_T50PNC_20250201T024952_L2A/TCI.tif,https://e84-earth-search-sentinel-data.s3.us-west-2.amazonaws.com/sentinel-2-c1-l2a/50/P/NC/2025/2/S2B_T50PNC_20250201T024952_L2A/SCL.tif,[]
MGRS-50PNC,S2B_T50PNC_20250313T024658_L2A,2025-03-13,32650,10,20,sampled_accepted,25,24,0,1,https://e84-earth-search-sentinel-data.s3.us-west-2.amazonaws.com/sentinel-2-c1-l2a/50/P/NC/2025/3/S2B_T50PNC_20250313T024658_L2A/TCI.tif,https://e84-earth-search-sentinel-data.s3.us-west-2.amazonaws.com/sentinel-2-c1-l2a/50/P/NC/2025/3/S2B_T50PNC_20250313T024658_L2A/SCL.tif,[]
MGRS-50PNC,S2C_T50PNC_20251014T024926_L2A,2025-10-14,32650,10,20,sampled_accepted,25,24,0,1,https://e84-earth-search-sentinel-data.s3.us-west-2.amazonaws.com/sentinel-2-c1-l2a/50/P/NC/2025/10/S2C_T50PNC_20251014T024926_L2A/TCI.tif,https://e84-earth-search-sentinel-data.s3.us-west-2.amazonaws.com/sentinel-2-c1-l2a/50/P/NC/2025/10/S2C_T50PNC_20251014T024926_L2A/SCL.tif,[]
MGRS-50PNQ,S2C_T50PNQ_20250305T023609_L2A,2025-03-05,32650,10,20,sampled_accepted,25,22,3,0,https://e84-earth-search-sentinel-data.s3.us-west-2.amazonaws.com/sentinel-2-c1-l2a/50/P/NQ/2025/3/S2C_T50PNQ_20250305T023609_L2A/TCI.tif,https://e84-earth-search-sentinel-data.s3.us-west-2.amazonaws.com/sentinel-2-c1-l2a/50/P/NQ/2025/3/S2C_T50PNQ_20250305T023609_L2A/SCL.tif,[]
MGRS-50PNQ,S2C_T50PNQ_20250315T023542_L2A,2025-03-15,32650,10,20,sampled_accepted,25,21,4,0,https://e84-earth-search-sentinel-data.s3.us-west-2.amazonaws.com/sentinel-2-c1-l2a/50/P/NQ/2025/3/S2C_T50PNQ_20250315T023542_L2A/TCI.tif,https://e84-earth-search-sentinel-data.s3.us-west-2.amazonaws.com/sentinel-2-c1-l2a/50/P/NQ/2025/3/S2C_T50PNQ_20250315T023542_L2A/SCL.tif,[]
MGRS-50PNQ,S2A_T50PNQ_20250526T023137_L2A,2025-05-26,32650,10,20,sampled_accepted,25,21,4,0,https://e84-earth-search-sentinel-data.s3.us-west-2.amazonaws.com/sentinel-2-c1-l2a/50/P/NQ/2025/5/S2A_T50PNQ_20250526T023137_L2A/TCI.tif,https://e84-earth-search-sentinel-data.s3.us-west-2.amazonaws.com/sentinel-2-c1-l2a/50/P/NQ/2025/5/S2A_T50PNQ_20250526T023137_L2A/SCL.tif,[]
MGRS-50PNR,S2C_T50PNR_20250203T024023_L2A,2025-02-03,32650,10,20,sampled_accepted,25,25,0,0,https://e84-earth-search-sentinel-data.s3.us-west-2.amazonaws.com/sentinel-2-c1-l2a/50/P/NR/2025/2/S2C_T50PNR_20250203T024023_L2A/TCI.tif,https://e84-earth-search-sentinel-data.s3.us-west-2.amazonaws.com/sentinel-2-c1-l2a/50/P/NR/2025/2/S2C_T50PNR_20250203T024023_L2A/SCL.tif,[]
MGRS-50PNR,S2C_T50PNR_20250315T023542_L2A,2025-03-15,32650,10,20,sampled_accepted,25,22,3,0,https://e84-earth-search-sentinel-data.s3.us-west-2.amazonaws.com/sentinel-2-c1-l2a/50/P/NR/2025/3/S2C_T50PNR_20250315T023542_L2A/TCI.tif,https://e84-earth-search-sentinel-data.s3.us-west-2.amazonaws.com/sentinel-2-c1-l2a/50/P/NR/2025/3/S2C_T50PNR_20250315T023542_L2A/SCL.tif,[]
MGRS-50PNR,S2B_T50PNR_20251016T024205_L2A,2025-10-16,32650,10,20,sampled_accepted,25,23,2,0,https://e84-earth-search-sentinel-data.s3.us-west-2.amazonaws.com/sentinel-2-c1-l2a/50/P/NR/2025/10/S2B_T50PNR_20251016T024205_L2A/TCI.tif,https://e84-earth-search-sentinel-data.s3.us-west-2.amazonaws.com/sentinel-2-c1-l2a/50/P/NR/2025/10/S2B_T50PNR_20251016T024205_L2A/SCL.tif,[]
MGRS-50PNS,S2C_T50PNS_20250203T024023_L2A,2025-02-03,32650,10,20,sampled_accepted,25,25,0,0,https://e84-earth-search-sentinel-data.s3.us-west-2.amazonaws.com/sentinel-2-c1-l2a/50/P/NS/2025/2/S2C_T50PNS_20250203T024023_L2A/TCI.tif,https://e84-earth-search-sentinel-data.s3.us-west-2.amazonaws.com/sentinel-2-c1-l2a/50/P/NS/2025/2/S2C_T50PNS_20250203T024023_L2A/SCL.tif,[]
MGRS-50PNS,S2C_T50PNS_20250315T023542_L2A,2025-03-15,32650,10,20,sampled_accepted,25,25,0,0,https://e84-earth-search-sentinel-data.s3.us-west-2.amazonaws.com/sentinel-2-c1-l2a/50/P/NS/2025/3/S2C_T50PNS_20250315T023542_L2A/TCI.tif,https://e84-earth-search-sentinel-data.s3.us-west-2.amazonaws.com/sentinel-2-c1-l2a/50/P/NS/2025/3/S2C_T50PNS_20250315T023542_L2A/SCL.tif,[]
MGRS-50PNS,S2C_T50PNS_20250514T023835_L2A,2025-05-14,32650,10,20,sampled_accepted,25,25,0,0,https://e84-earth-search-sentinel-data.s3.us-west-2.amazonaws.com/sentinel-2-c1-l2a/50/P/NS/2025/5/S2C_T50PNS_20250514T023835_L2A/TCI.tif,https://e84-earth-search-sentinel-data.s3.us-west-2.amazonaws.com/sentinel-2-c1-l2a/50/P/NS/2025/5/S2C_T50PNS_20250514T023835_L2A/SCL.tif,[]
MGRS-50PNT,S2C_T50PNT_20250305T023609_L2A,2025-03-05,32650,10,20,sampled_accepted,25,24,1,0,https://e84-earth-search-sentinel-data.s3.us-west-2.amazonaws.com/sentinel-2-c1-l2a/50/P/NT/2025/3/S2C_T50PNT_20250305T023609_L2A/TCI.tif,https://e84-earth-search-sentinel-data.s3.us-west-2.amazonaws.com/sentinel-2-c1-l2a/50/P/NT/2025/3/S2C_T50PNT_20250305T023609_L2A/SCL.tif,[]
MGRS-50PNT,S2C_T50PNT_20250514T023835_L2A,2025-05-14,32650,10,20,sampled_accepted,25,23,2,0,https://e84-earth-search-sentinel-data.s3.us-west-2.amazonaws.com/sentinel-2-c1-l2a/50/P/NT/2025/5/S2C_T50PNT_20250514T023835_L2A/TCI.tif,https://e84-earth-search-sentinel-data.s3.us-west-2.amazonaws.com/sentinel-2-c1-l2a/50/P/NT/2025/5/S2C_T50PNT_20250514T023835_L2A/SCL.tif,[]
MGRS-50PNT,S2A_T50PNT_20251013T023931_L2A,2025-10-13,32650,10,20,sampled_accepted,25,21,4,0,https://e84-earth-search-sentinel-data.s3.us-west-2.amazonaws.com/sentinel-2-c1-l2a/50/P/NT/2025/10/S2A_T50PNT_20251013T023931_L2A/TCI.tif,https://e84-earth-search-sentinel-data.s3.us-west-2.amazonaws.com/sentinel-2-c1-l2a/50/P/NT/2025/10/S2A_T50PNT_20251013T023931_L2A/SCL.tif,[]
MGRS-50PNU,S2C_T50PNU_20250305T023609_L2A,2025-03-05,32650,10,20,sampled_accepted,25,24,1,0,https://e84-earth-search-sentinel-data.s3.us-west-2.amazonaws.com/sentinel-2-c1-l2a/50/P/NU/2025/3/S2C_T50PNU_20250305T023609_L2A/TCI.tif,https://e84-earth-search-sentinel-data.s3.us-west-2.amazonaws.com/sentinel-2-c1-l2a/50/P/NU/2025/3/S2C_T50PNU_20250305T023609_L2A/SCL.tif,[]
MGRS-50PNU,S2C_T50PNU_20250514T023835_L2A,2025-05-14,32650,10,20,sampled_accepted,25,23,2,0,https://e84-earth-search-sentinel-data.s3.us-west-2.amazonaws.com/sentinel-2-c1-l2a/50/P/NU/2025/5/S2C_T50PNU_20250514T023835_L2A/TCI.tif,https://e84-earth-search-sentinel-data.s3.us-west-2.amazonaws.com/sentinel-2-c1-l2a/50/P/NU/2025/5/S2C_T50PNU_20250514T023835_L2A/SCL.tif,[]
MGRS-50PNU,S2A_T50PNU_20251013T023931_L2A,2025-10-13,32650,10,20,sampled_accepted,25,24,1,0,https://e84-earth-search-sentinel-data.s3.us-west-2.amazonaws.com/sentinel-2-c1-l2a/50/P/NU/2025/10/S2A_T50PNU_20251013T023931_L2A/TCI.tif,https://e84-earth-search-sentinel-data.s3.us-west-2.amazonaws.com/sentinel-2-c1-l2a/50/P/NU/2025/10/S2A_T50PNU_20251013T023931_L2A/SCL.tif,[]
MGRS-50PPB,S2B_T50PPB_20250228T023750_L2A,2025-02-28,32650,10,20,sampled_accepted,25,23,2,0,https://e84-earth-search-sentinel-data.s3.us-west-2.amazonaws.com/sentinel-2-c1-l2a/50/P/PB/2025/2/S2B_T50PPB_20250228T023750_L2A/TCI.tif,https://e84-earth-search-sentinel-data.s3.us-west-2.amazonaws.com/sentinel-2-c1-l2a/50/P/PB/2025/2/S2B_T50PPB_20250228T023750_L2A/SCL.tif,[]
MGRS-50PPB,S2A_T50PPB_20250416T023133_L2A,2025-04-16,32650,10,20,sampled_accepted,25,25,0,0,https://e84-earth-search-sentinel-data.s3.us-west-2.amazonaws.com/sentinel-2-c1-l2a/50/P/PB/2025/4/S2A_T50PPB_20250416T023133_L2A/TCI.tif,https://e84-earth-search-sentinel-data.s3.us-west-2.amazonaws.com/sentinel-2-c1-l2a/50/P/PB/2025/4/S2A_T50PPB_20250416T023133_L2A/SCL.tif,[]
MGRS-50PPB,S2B_T50PPB_20250419T023759_L2A,2025-04-19,32650,10,20,sampled_accepted,25,25,0,0,https://e84-earth-search-sentinel-data.s3.us-west-2.amazonaws.com/sentinel-2-c1-l2a/50/P/PB/2025/4/S2B_T50PPB_20250419T023759_L2A/TCI.tif,https://e84-earth-search-sentinel-data.s3.us-west-2.amazonaws.com/sentinel-2-c1-l2a/50/P/PB/2025/4/S2B_T50PPB_20250419T023759_L2A/SCL.tif,[]
MGRS-50PPC,S2C_T50PPC_20250325T023544_L2A,2025-03-25,32650,10,20,sampled_accepted,25,25,0,0,https://e84-earth-search-sentinel-data.s3.us-west-2.amazonaws.com/sentinel-2-c1-l2a/50/P/PC/2025/3/S2C_T50PPC_20250325T023544_L2A/TCI.tif,https://e84-earth-search-sentinel-data.s3.us-west-2.amazonaws.com/sentinel-2-c1-l2a/50/P/PC/2025/3/S2C_T50PPC_20250325T023544_L2A/SCL.tif,[]
MGRS-50PPC,S2C_T50PPC_20250414T024159_L2A,2025-04-14,32650,10,20,sampled_accepted,25,25,0,0,https://e84-earth-search-sentinel-data.s3.us-west-2.amazonaws.com/sentinel-2-c1-l2a/50/P/PC/2025/4/S2C_T50PPC_20250414T024159_L2A/TCI.tif,https://e84-earth-search-sentinel-data.s3.us-west-2.amazonaws.com/sentinel-2-c1-l2a/50/P/PC/2025/4/S2C_T50PPC_20250414T024159_L2A/SCL.tif,[]
MGRS-50PPC,S2C_T50PPC_20250514T023835_L2A,2025-05-14,32650,10,20,sampled_accepted,25,25,0,0,https://e84-earth-search-sentinel-data.s3.us-west-2.amazonaws.com/sentinel-2-c1-l2a/50/P/PC/2025/5/S2C_T50PPC_20250514T023835_L2A/TCI.tif,https://e84-earth-search-sentinel-data.s3.us-west-2.amazonaws.com/sentinel-2-c1-l2a/50/P/PC/2025/5/S2C_T50PPC_20250514T023835_L2A/SCL.tif,[]
MGRS-50PPQ,S2C_T50PPQ_20250613T023838_L2A,2025-06-13,32650,10,20,sampled_accepted,25,21,2,2,https://e84-earth-search-sentinel-data.s3.us-west-2.amazonaws.com/sentinel-2-c1-l2a/50/P/PQ/2025/6/S2C_T50PPQ_20250613T023838_L2A/TCI.tif,https://e84-earth-search-sentinel-data.s3.us-west-2.amazonaws.com/sentinel-2-c1-l2a/50/P/PQ/2025/6/S2C_T50PPQ_20250613T023838_L2A/SCL.tif,[]
MGRS-50PPQ,S2B_T50PPQ_20251016T024205_L2A,2025-10-16,32650,10,20,sampled_accepted,25,21,2,2,https://e84-earth-search-sentinel-data.s3.us-west-2.amazonaws.com/sentinel-2-c1-l2a/50/P/PQ/2025/10/S2B_T50PPQ_20251016T024205_L2A/TCI.tif,https://e84-earth-search-sentinel-data.s3.us-west-2.amazonaws.com/sentinel-2-c1-l2a/50/P/PQ/2025/10/S2B_T50PPQ_20251016T024205_L2A/SCL.tif,[]
MGRS-50PPQ,S2C_T50PPQ_20251130T024302_L2A,2025-11-30,32650,10,20,sampled_accepted,25,21,1,3,https://e84-earth-search-sentinel-data.s3.us-west-2.amazonaws.com/sentinel-2-c1-l2a/50/P/PQ/2025/11/S2C_T50PPQ_20251130T024302_L2A/TCI.tif,https://e84-earth-search-sentinel-data.s3.us-west-2.amazonaws.com/sentinel-2-c1-l2a/50/P/PQ/2025/11/S2C_T50PPQ_20251130T024302_L2A/SCL.tif,[]
MGRS-50PPR,S2C_T50PPR_20250203T024023_L2A,2025-02-03,32650,10,20,sampled_accepted,25,24,1,0,https://e84-earth-search-sentinel-data.s3.us-west-2.amazonaws.com/sentinel-2-c1-l2a/50/P/PR/2025/2/S2C_T50PPR_20250203T024023_L2A/TCI.tif,https://e84-earth-search-sentinel-data.s3.us-west-2.amazonaws.com/sentinel-2-c1-l2a/50/P/PR/2025/2/S2C_T50PPR_20250203T024023_L2A/SCL.tif,[]
MGRS-50PPR,S2B_T50PPR_20250628T024502_L2A,2025-06-28,32650,10,20,sampled_accepted,25,18,0,7,https://e84-earth-search-sentinel-data.s3.us-west-2.amazonaws.com/sentinel-2-c1-l2a/50/P/PR/2025/6/S2B_T50PPR_20250628T024502_L2A/TCI.tif,https://e84-earth-search-sentinel-data.s3.us-west-2.amazonaws.com/sentinel-2-c1-l2a/50/P/PR/2025/6/S2B_T50PPR_20250628T024502_L2A/SCL.tif,[]
MGRS-50PPR,S2B_T50PPR_20250728T024500_L2A,2025-07-28,32650,10,20,sampled_accepted,25,17,2,6,https://e84-earth-search-sentinel-data.s3.us-west-2.amazonaws.com/sentinel-2-c1-l2a/50/P/PR/2025/7/S2B_T50PPR_20250728T024500_L2A/TCI.tif,https://e84-earth-search-sentinel-data.s3.us-west-2.amazonaws.com/sentinel-2-c1-l2a/50/P/PR/2025/7/S2B_T50PPR_20250728T024500_L2A/SCL.tif,[]
MGRS-50PPS,S2C_T50PPS_20250325T023544_L2A,2025-03-25,32650,10,20,sampled_accepted,25,22,3,0,https://e84-earth-search-sentinel-data.s3.us-west-2.amazonaws.com/sentinel-2-c1-l2a/50/P/PS/2025/3/S2C_T50PPS_20250325T023544_L2A/TCI.tif,https://e84-earth-search-sentinel-data.s3.us-west-2.amazonaws.com/sentinel-2-c1-l2a/50/P/PS/2025/3/S2C_T50PPS_20250325T023544_L2A/SCL.tif,[]
MGRS-50PPS,S2A_T50PPS_20251013T023931_L2A,2025-10-13,32650,10,20,sampled_accepted,25,21,4,0,https://e84-earth-search-sentinel-data.s3.us-west-2.amazonaws.com/sentinel-2-c1-l2a/50/P/PS/2025/10/S2A_T50PPS_20251013T023931_L2A/TCI.tif,https://e84-earth-search-sentinel-data.s3.us-west-2.amazonaws.com/sentinel-2-c1-l2a/50/P/PS/2025/10/S2A_T50PPS_20251013T023931_L2A/SCL.tif,[]
MGRS-50PPS,S2A_T50PPS_20251122T023137_L2A,2025-11-22,32650,10,20,sampled_accepted,25,22,3,0,https://e84-earth-search-sentinel-data.s3.us-west-2.amazonaws.com/sentinel-2-c1-l2a/50/P/PS/2025/11/S2A_T50PPS_20251122T023137_L2A/TCI.tif,https://e84-earth-search-sentinel-data.s3.us-west-2.amazonaws.com/sentinel-2-c1-l2a/50/P/PS/2025/11/S2A_T50PPS_20251122T023137_L2A/SCL.tif,[]
MGRS-50PPT,S2C_T50PPT_20250305T023609_L2A,2025-03-05,32650,10,20,sampled_accepted,25,22,3,0,https://e84-earth-search-sentinel-data.s3.us-west-2.amazonaws.com/sentinel-2-c1-l2a/50/P/PT/2025/3/S2C_T50PPT_20250305T023609_L2A/TCI.tif,https://e84-earth-search-sentinel-data.s3.us-west-2.amazonaws.com/sentinel-2-c1-l2a/50/P/PT/2025/3/S2C_T50PPT_20250305T023609_L2A/SCL.tif,[]
MGRS-50PPT,S2C_T50PPT_20250514T023835_L2A,2025-05-14,32650,10,20,sampled_accepted,25,24,1,0,https://e84-earth-search-sentinel-data.s3.us-west-2.amazonaws.com/sentinel-2-c1-l2a/50/P/PT/2025/5/S2C_T50PPT_20250514T023835_L2A/TCI.tif,https://e84-earth-search-sentinel-data.s3.us-west-2.amazonaws.com/sentinel-2-c1-l2a/50/P/PT/2025/5/S2C_T50PPT_20250514T023835_L2A/SCL.tif,[]
MGRS-50PPT,S2A_T50PPT_20251013T023931_L2A,2025-10-13,32650,10,20,sampled_accepted,25,22,3,0,https://e84-earth-search-sentinel-data.s3.us-west-2.amazonaws.com/sentinel-2-c1-l2a/50/P/PT/2025/10/S2A_T50PPT_20251013T023931_L2A/TCI.tif,https://e84-earth-search-sentinel-data.s3.us-west-2.amazonaws.com/sentinel-2-c1-l2a/50/P/PT/2025/10/S2A_T50PPT_20251013T023931_L2A/SCL.tif,[]
MGRS-50PPU,S2C_T50PPU_20250325T023544_L2A,2025-03-25,32650,10,20,sampled_accepted,25,23,2,0,https://e84-earth-search-sentinel-data.s3.us-west-2.amazonaws.com/sentinel-2-c1-l2a/50/P/PU/2025/3/S2C_T50PPU_20250325T023544_L2A/TCI.tif,https://e84-earth-search-sentinel-data.s3.us-west-2.amazonaws.com/sentinel-2-c1-l2a/50/P/PU/2025/3/S2C_T50PPU_20250325T023544_L2A/SCL.tif,[]
MGRS-50PPU,S2C_T50PPU_20250514T023835_L2A,2025-05-14,32650,10,20,sampled_accepted,25,24,1,0,https://e84-earth-search-sentinel-data.s3.us-west-2.amazonaws.com/sentinel-2-c1-l2a/50/P/PU/2025/5/S2C_T50PPU_20250514T023835_L2A/TCI.tif,https://e84-earth-search-sentinel-data.s3.us-west-2.amazonaws.com/sentinel-2-c1-l2a/50/P/PU/2025/5/S2C_T50PPU_20250514T023835_L2A/SCL.tif,[]
MGRS-50PPU,S2A_T50PPU_20251013T023931_L2A,2025-10-13,32650,10,20,sampled_accepted,25,24,1,0,https://e84-earth-search-sentinel-data.s3.us-west-2.amazonaws.com/sentinel-2-c1-l2a/50/P/PU/2025/10/S2A_T50PPU_20251013T023931_L2A/TCI.tif,https://e84-earth-search-sentinel-data.s3.us-west-2.amazonaws.com/sentinel-2-c1-l2a/50/P/PU/2025/10/S2A_T50PPU_20251013T023931_L2A/SCL.tif,[]
MGRS-50QKD,S2B_T50QKD_20250125T030209_L2A,2025-01-25,32650,10,20,sampled_accepted,25,24,1,0,https://e84-earth-search-sentinel-data.s3.us-west-2.amazonaws.com/sentinel-2-c1-l2a/50/Q/KD/2025/1/S2B_T50QKD_20250125T030209_L2A/TCI.tif,https://e84-earth-search-sentinel-data.s3.us-west-2.amazonaws.com/sentinel-2-c1-l2a/50/Q/KD/2025/1/S2B_T50QKD_20250125T030209_L2A/SCL.tif,[]
MGRS-50QKD,S2C_T50QKD_20250301T025603_L2A,2025-03-01,32650,10,20,sampled_accepted,25,24,1,0,https://e84-earth-search-sentinel-data.s3.us-west-2.amazonaws.com/sentinel-2-c1-l2a/50/Q/KD/2025/3/S2C_T50QKD_20250301T025603_L2A/TCI.tif,https://e84-earth-search-sentinel-data.s3.us-west-2.amazonaws.com/sentinel-2-c1-l2a/50/Q/KD/2025/3/S2C_T50QKD_20250301T025603_L2A/SCL.tif,[]
MGRS-50QKD,S2B_T50QKD_20250326T030102_L2A,2025-03-26,32650,10,20,sampled_accepted,25,25,0,0,https://e84-earth-search-sentinel-data.s3.us-west-2.amazonaws.com/sentinel-2-c1-l2a/50/Q/KD/2025/3/S2B_T50QKD_20250326T030102_L2A/TCI.tif,https://e84-earth-search-sentinel-data.s3.us-west-2.amazonaws.com/sentinel-2-c1-l2a/50/Q/KD/2025/3/S2B_T50QKD_20250326T030102_L2A/SCL.tif,[]
MGRS-50QLD,S2C_T50QLD_20250328T024711_L2A,2025-03-28,32650,10,20,sampled_accepted,25,19,0,6,https://e84-earth-search-sentinel-data.s3.us-west-2.amazonaws.com/sentinel-2-c1-l2a/50/Q/LD/2025/3/S2C_T50QLD_20250328T024711_L2A/TCI.tif,https://e84-earth-search-sentinel-data.s3.us-west-2.amazonaws.com/sentinel-2-c1-l2a/50/Q/LD/2025/3/S2C_T50QLD_20250328T024711_L2A/SCL.tif,[]
MGRS-50QLD,S2A_T50QLD_20250519T025103_L2A,2025-05-19,32650,10,20,sampled_accepted,25,19,0,6,https://e84-earth-search-sentinel-data.s3.us-west-2.amazonaws.com/sentinel-2-c1-l2a/50/Q/LD/2025/5/S2A_T50QLD_20250519T025103_L2A/TCI.tif,https://e84-earth-search-sentinel-data.s3.us-west-2.amazonaws.com/sentinel-2-c1-l2a/50/Q/LD/2025/5/S2A_T50QLD_20250519T025103_L2A/SCL.tif,[]
MGRS-50QLD,S2C_T50QLD_20250616T024734_L2A,2025-06-16,32650,10,20,sampled_accepted,25,19,0,6,https://e84-earth-search-sentinel-data.s3.us-west-2.amazonaws.com/sentinel-2-c1-l2a/50/Q/LD/2025/6/S2C_T50QLD_20250616T024734_L2A/TCI.tif,https://e84-earth-search-sentinel-data.s3.us-west-2.amazonaws.com/sentinel-2-c1-l2a/50/Q/LD/2025/6/S2C_T50QLD_20250616T024734_L2A/SCL.tif,[]
MGRS-50QMD,S2A_T50QMD_20250519T025103_L2A,2025-05-19,32650,10,20,sampled_accepted,25,24,1,0,https://e84-earth-search-sentinel-data.s3.us-west-2.amazonaws.com/sentinel-2-c1-l2a/50/Q/MD/2025/5/S2A_T50QMD_20250519T025103_L2A/TCI.tif,https://e84-earth-search-sentinel-data.s3.us-west-2.amazonaws.com/sentinel-2-c1-l2a/50/Q/MD/2025/5/S2A_T50QMD_20250519T025103_L2A/SCL.tif,[]
MGRS-50QMD,S2C_T50QMD_20250616T024734_L2A,2025-06-16,32650,10,20,sampled_accepted,25,25,0,0,https://e84-earth-search-sentinel-data.s3.us-west-2.amazonaws.com/sentinel-2-c1-l2a/50/Q/MD/2025/6/S2C_T50QMD_20250616T024734_L2A/TCI.tif,https://e84-earth-search-sentinel-data.s3.us-west-2.amazonaws.com/sentinel-2-c1-l2a/50/Q/MD/2025/6/S2C_T50QMD_20250616T024734_L2A/SCL.tif,[]
MGRS-50QMD,S2C_T50QMD_20251014T024926_L2A,2025-10-14,32650,10,20,sampled_accepted,25,25,0,0,https://e84-earth-search-sentinel-data.s3.us-west-2.amazonaws.com/sentinel-2-c1-l2a/50/Q/MD/2025/10/S2C_T50QMD_20251014T024926_L2A/TCI.tif,https://e84-earth-search-sentinel-data.s3.us-west-2.amazonaws.com/sentinel-2-c1-l2a/50/Q/MD/2025/10/S2C_T50QMD_20251014T024926_L2A/SCL.tif,[]
MGRS-50QND,S2C_T50QND_20250206T025155_L2A,2025-02-06,32650,10,20,sampled_accepted,25,25,0,0,https://e84-earth-search-sentinel-data.s3.us-west-2.amazonaws.com/sentinel-2-c1-l2a/50/Q/ND/2025/2/S2C_T50QND_20250206T025155_L2A/TCI.tif,https://e84-earth-search-sentinel-data.s3.us-west-2.amazonaws.com/sentinel-2-c1-l2a/50/Q/ND/2025/2/S2C_T50QND_20250206T025155_L2A/SCL.tif,[]
MGRS-50QND,S2B_T50QND_20250313T024658_L2A,2025-03-13,32650,10,20,sampled_accepted,25,24,1,0,https://e84-earth-search-sentinel-data.s3.us-west-2.amazonaws.com/sentinel-2-c1-l2a/50/Q/ND/2025/3/S2B_T50QND_20250313T024658_L2A/TCI.tif,https://e84-earth-search-sentinel-data.s3.us-west-2.amazonaws.com/sentinel-2-c1-l2a/50/Q/ND/2025/3/S2B_T50QND_20250313T024658_L2A/SCL.tif,[]
MGRS-50QND,S2B_T50QND_20250929T025110_L2A,2025-09-29,32650,10,20,sampled_accepted,25,25,0,0,https://e84-earth-search-sentinel-data.s3.us-west-2.amazonaws.com/sentinel-2-c1-l2a/50/Q/ND/2025/9/S2B_T50QND_20250929T025110_L2A/TCI.tif,https://e84-earth-search-sentinel-data.s3.us-west-2.amazonaws.com/sentinel-2-c1-l2a/50/Q/ND/2025/9/S2B_T50QND_20250929T025110_L2A/SCL.tif,[]
MGRS-50QPD,S2B_T50QPD_20250228T023750_L2A,2025-02-28,32650,10,20,sampled_accepted,25,25,0,0,https://e84-earth-search-sentinel-data.s3.us-west-2.amazonaws.com/sentinel-2-c1-l2a/50/Q/PD/2025/2/S2B_T50QPD_20250228T023750_L2A/TCI.tif,https://e84-earth-search-sentinel-data.s3.us-west-2.amazonaws.com/sentinel-2-c1-l2a/50/Q/PD/2025/2/S2B_T50QPD_20250228T023750_L2A/SCL.tif,[]
MGRS-50QPD,S2C_T50QPD_20250325T023544_L2A,2025-03-25,32650,10,20,sampled_accepted,25,25,0,0,https://e84-earth-search-sentinel-data.s3.us-west-2.amazonaws.com/sentinel-2-c1-l2a/50/Q/PD/2025/3/S2C_T50QPD_20250325T023544_L2A/TCI.tif,https://e84-earth-search-sentinel-data.s3.us-west-2.amazonaws.com/sentinel-2-c1-l2a/50/Q/PD/2025/3/S2C_T50QPD_20250325T023544_L2A/SCL.tif,[]
MGRS-50QPD,S2A_T50QPD_20250416T023133_L2A,2025-04-16,32650,10,20,sampled_accepted,25,25,0,0,https://e84-earth-search-sentinel-data.s3.us-west-2.amazonaws.com/sentinel-2-c1-l2a/50/Q/PD/2025/4/S2A_T50QPD_20250416T023133_L2A/TCI.tif,https://e84-earth-search-sentinel-data.s3.us-west-2.amazonaws.com/sentinel-2-c1-l2a/50/Q/PD/2025/4/S2A_T50QPD_20250416T023133_L2A/SCL.tif,[]
