{"type":"FeatureCollection","name":"Hainan main-island OSM reference snapshot","properties":{"source":"OpenStreetMap contributors via Geofabrik Hainan extract","source_url":"https://download.geofabrik.de/asia/china/hainan-latest.osm.pbf","download_date":"2026-10-03","source_http_last_modified":"2026-10-03T01:13:29Z","source_pbf_sha256":"f6bd87a10f1eb53b1afa4ff65447df743073faaad67891a51f95fea117f9aca3","source_bytes":9874644,"license":"ODbL-1.0","license_url":"https://opendatacommons.org/licenses/odbl/1-0/","attribution":"© OpenStreetMap contributors","reference_url":"https://download.geofabrik.de/asia/china/hainan.html","geometry_crs":"EPSG:4326 (WGS84)","geometry_transform":"None; unmodified OSM relation coordinates from GDAL assembly, properties reduced","features":18,"all_geometries_valid":true,"overlaps_above_1m2":[],"total_polygon_utm_km2":37300.2256,"statistical_reference":"https://stats.hainan.gov.cn/tjj/tjsu/ndsj/2024/202412/P020250116308974141111.pdf","statistical_reference_year":2023,"units":[{"name":"海口市","geometry_status":"available-community-reference"},{"name":"三亚市","geometry_status":"available-community-reference"},{"name":"三沙市","geometry_status":"missing-complete-aggregate-polygon"},{"name":"儋州市","geometry_status":"available-community-reference"},{"name":"五指山市","geometry_status":"available-community-reference"},{"name":"琼海市","geometry_status":"available-community-reference"},{"name":"文昌市","geometry_status":"available-community-reference"},{"name":"万宁市","geometry_status":"available-community-reference"},{"name":"东方市","geometry_status":"available-community-reference"},{"name":"定安县","geometry_status":"available-community-reference"},{"name":"屯昌县","geometry_status":"available-community-reference"},{"name":"澄迈县","geometry_status":"available-community-reference"},{"name":"临高县","geometry_status":"available-community-reference"},{"name":"白沙黎族自治县","geometry_status":"available-community-reference"},{"name":"昌江黎族自治县","geometry_status":"available-community-reference"},{"name":"乐东黎族自治县","geometry_status":"available-community-reference"},{"name":"陵水黎族自治县","geometry_status":"available-community-reference"},{"name":"保亭黎族苗族自治县","geometry_status":"available-community-reference"},{"name":"琼中黎族苗族自治县","geometry_status":"available-community-reference"}],"limitations":["Community-maintained geometry, not authoritative current surveyed boundary. Download date is not proof every relation is current.","No completeness claim for nearshore islands, Sansha or maritime extents. Geofabrik extract omits the southern Nansha geography.","Mainland 18 names now match statistical aggregate names including Wuzhishan; no official topology, area or join approval is implied.","No county choropleth or statistical allocation uses this layer. Legal/public cartographic compliance not established by an ODbL data licence.","Municipal district children (including Qiongshan) are not peers of Haikou; they are excluded."]},"features":[{"type":"Feature","properties":{"name":"海口市","shapeName":"海口市","osm_relation_id":"2784613","source_admin_level":"5","reference_kind":"community administrative boundary; not official","snapshot_download_date":"2026-10-03","license":"ODbL-1.0","source_url":"https://www.openstreetmap.org/relation/2784613","source_division_code":"460100","utm_polygon_area_km2":2546.7033},"geometry":{"type":"MultiPolygon","coordinates":[[[[110.6752964,19.883505],[110.6748149,19.889392],[110.6725191,19.8953451],[110.6686232,19.8995972],[110.670432,19.910652],[110.6621518,19.9209669],[110.6565438,19.9265167],[110.6493124,19.9316964],[110.6487221,19.931049],[110.6425729,19.9305403],[110.6402117,19.9311877],[110.6409495,19.9354423],[110.6430356,19.9402031],[110.6372961,19.9550153],[110.6350003,19.9566501],[110.6326697,19.9566501],[110.6315914,19.9574348],[110.6301652,19.9600504],[110.6299565,19.9634834],[110.6305827,19.9668509],[110.6292608,19.9688779],[110.6266868,19.9687798],[110.6240141,19.969932],[110.6241124,19.9724287],[110.6234237,19.9732147],[110.6179141,19.9727986],[110.6167827,19.972891],[110.6155529,19.9746017],[110.6130932,19.9762661],[110.6078295,19.9782079],[110.5985812,19.9807969],[110.5943506,19.9836633],[110.5938587,19.98542],[110.5951377,19.9877316],[110.5964633,19.9952147],[110.5953502,19.9991372],[110.5892281,20.006982],[110.5846365,20.0115579],[110.5743402,20.0162644],[110.5708617,20.0230624],[110.5673832,20.0273764],[110.561759,20.031015],[110.5288122,20.0664124],[110.5055713,20.12977],[110.4889143,20.132136],[110.482878,20.1321729],[110.4764556,20.1313789],[110.4660701,20.1293642],[110.4526799,20.1280122],[110.4392909,20.1283972],[110.4283046,20.1279942],[110.4090063,20.1246372],[110.3909074,20.1207812],[110.3721098,20.1176432],[110.3482155,20.1162113],[110.3277071,20.1132126],[110.3115603,20.1077198],[110.3062533,20.1037351],[110.2989907,20.0963958],[110.2950095,20.0939821],[110.2886111,20.0916019],[110.2781009,20.0887426],[110.2679754,20.087087],[110.2553858,20.0867427],[110.2450125,20.0877675],[110.2393912,20.0885814],[110.2341336,20.0883107],[110.2296473,20.087149],[110.2189995,20.0812801],[110.2130707,20.0784447],[110.2076089,20.0769555],[110.2011623,20.0764474],[110.1761208,20.0783863],[110.1572723,20.0783863],[110.1469506,20.077459],[110.1408473,20.0747614],[110.1219811,20.0516295],[110.1030823,20.0275618],[110.1244809,20.0025735],[110.1315206,19.9955645],[110.1302356,19.9918367],[110.1296769,19.9857461],[110.1344259,19.9851948],[110.1351478,19.9846946],[110.1372811,19.9816872],[110.1401256,19.9783456],[110.142496,19.978457],[110.1437602,19.9790882],[110.1492122,19.9781228],[110.1521357,19.9780114],[110.1537555,19.9785312],[110.1549965,19.9801962],[110.1582475,19.9787943],[110.1593949,19.9706706],[110.1591207,19.9700331],[110.1579415,19.9672915],[110.1603893,19.9619712],[110.1555702,19.9613241],[110.1545376,19.9603535],[110.1541551,19.9573338],[110.1556467,19.9523367],[110.1534666,19.95133],[110.1501774,19.9436723],[110.1487916,19.9403984],[110.1479783,19.938477],[110.1480356,19.9369669],[110.1487814,19.9359422],[110.1499097,19.9359782],[110.1518985,19.9343063],[110.1544802,19.933695],[110.1559718,19.933731],[110.1567176,19.9343782],[110.1568132,19.935349],[110.1574825,19.935331],[110.1606188,19.9336051],[110.161747,19.9326703],[110.1616897,19.9318973],[110.1600642,19.9324186],[110.1568706,19.9328321],[110.1558762,19.9326343],[110.1555702,19.9321849],[110.1536013,19.9322894],[110.1526252,19.931322],[110.152587,19.9307467],[110.1530842,19.9298837],[110.1575208,19.9276544],[110.158477,19.9256768],[110.1585917,19.9225126],[110.1576355,19.9230519],[110.1561822,19.9270432],[110.1512866,19.9295601],[110.1499097,19.9316815],[110.1474917,19.9328528],[110.1475201,19.928982],[110.1447089,19.9283413],[110.1433743,19.9260455],[110.1394841,19.9260188],[110.1388026,19.9288219],[110.1362753,19.9294625],[110.1336913,19.9256451],[110.1332591,19.9200629],[110.1364717,19.9159098],[110.1392025,19.9126627],[110.1434592,19.9096421],[110.1498041,19.9091135],[110.1514908,19.904658],[110.1437001,19.9014107],[110.1392828,19.8976347],[110.1382523,19.8918609],[110.1416119,19.8894027],[110.1499648,19.8857775],[110.14876,19.8724087],[110.1513301,19.867499],[110.142656,19.8683298],[110.138078,19.866517],[110.1339723,19.8649559],[110.1346245,19.8619848],[110.1359898,19.85851],[110.1416923,19.8579812],[110.1539613,19.8660604],[110.1582373,19.8679522],[110.1708469,19.8619848],[110.1813682,19.8662904],[110.185625,19.8600963],[110.1853037,19.8546574],[110.1746217,19.8551862],[110.170365,19.851258],[110.1706773,19.8471014],[110.1845398,19.8470499],[110.1922228,19.8447039],[110.1974868,19.8429049],[110.1996078,19.8412209],[110.2003199,19.837313],[110.2009963,19.8336009],[110.2008283,19.8297079],[110.2008438,19.8239744],[110.2000883,19.8178099],[110.1993868,19.8125609],[110.1996918,19.8081914],[110.1998673,19.8010749],[110.2003938,19.7960089],[110.2016298,19.7906874],[110.2058067,19.7861957],[110.2067705,19.7807543],[110.2124729,19.7780335],[110.2206651,19.7736499],[110.2192997,19.7628416],[110.2206573,19.7574179],[110.224199,19.7558121],[110.224199,19.7539223],[110.2191391,19.7531664],[110.2173722,19.7478751],[110.210706,19.7448514],[110.2105453,19.7380478],[110.2075736,19.7357799],[110.2066098,19.7323023],[110.2033169,19.7272371],[110.2032366,19.7227765],[110.2047626,19.718467],[110.2098225,19.7170305],[110.2178541,19.7174841],[110.2177737,19.7149135],[110.2213076,19.7091672],[110.2172115,19.7003205],[110.2168903,19.6931369],[110.2132761,19.6894316],[110.2142028,19.6844864],[110.2198797,19.6803665],[110.2231061,19.6803113],[110.2327855,19.6854482],[110.2475686,19.6876575],[110.2581365,19.6893627],[110.2574313,19.6923895],[110.257452,19.6950257],[110.2577424,19.6962168],[110.2585927,19.6967245],[110.2601068,19.6968612],[110.2616416,19.6968417],[110.2626786,19.6979547],[110.2647112,19.6990872],[110.2671171,19.698931],[110.2691911,19.6971736],[110.2705807,19.6971736],[110.2714766,19.6983796],[110.2730869,19.6994495],[110.2737029,19.7008855],[110.2779853,19.7009407],[110.2815344,19.7022662],[110.2855572,19.7021895],[110.2900405,19.7032327],[110.292123,19.702708],[110.2968161,19.7003332],[110.2999545,19.698483],[110.303181,19.6976545],[110.305127,19.6977694],[110.3094205,19.7002595],[110.3129241,19.7041808],[110.3150016,19.7092248],[110.3179347,19.7120413],[110.3205452,19.7161556],[110.3235481,19.7165915],[110.3281714,19.7177571],[110.3309872,19.7194137],[110.3328351,19.7215122],[110.3356959,19.7227117],[110.3426911,19.7194179],[110.3513884,19.7165865],[110.3537895,19.7167659],[110.3599326,19.7185391],[110.3625145,19.7189616],[110.3697881,19.7172556],[110.3722792,19.7191829],[110.3731095,19.7241493],[110.3739849,19.7297599],[110.3762508,19.7297707],[110.3787961,19.7307935],[110.3799095,19.7294092],[110.3798929,19.728993],[110.378946,19.7280473],[110.3777974,19.7270433],[110.3773018,19.7264103],[110.3774113,19.725497],[110.3781155,19.7236705],[110.3778494,19.7229782],[110.3774895,19.7213869],[110.3775539,19.7210292],[110.3803298,19.7209396],[110.3817099,19.7206231],[110.382403,19.7199438],[110.3825282,19.7185149],[110.3826378,19.7164085],[110.3831262,19.7136475],[110.3839523,19.7116804],[110.3864294,19.7106648],[110.3871228,19.7099823],[110.3872269,19.7083929],[110.3869691,19.7069368],[110.3877786,19.705725],[110.3880066,19.705669],[110.3893116,19.7053484],[110.3896473,19.7027203],[110.3890277,19.7002618],[110.3859295,19.6951781],[110.3771662,19.6903443],[110.3739795,19.6890525],[110.3743335,19.6878857],[110.375086,19.6857604],[110.3749974,19.6844685],[110.3751302,19.6826766],[110.3711469,19.6776757],[110.3703945,19.6747584],[110.3694443,19.6653553],[110.3692582,19.6617658],[110.3683585,19.6565035],[110.369288,19.6538776],[110.3689782,19.6504597],[110.3697306,19.6483289],[110.3740308,19.6467534],[110.3772547,19.6429985],[110.3769747,19.6420558],[110.3772336,19.6410063],[110.376655,19.6395886],[110.3777642,19.6392618],[110.3780013,19.6384812],[110.3775575,19.6346594],[110.3780998,19.634161],[110.3789967,19.6341436],[110.3797693,19.633601],[110.379718,19.6323916],[110.3801537,19.6311823],[110.3799377,19.6301172],[110.3802168,19.6296379],[110.381224,19.6300562],[110.3821855,19.629228],[110.3820831,19.6285379],[110.3833313,19.6283956],[110.3843714,19.6286452],[110.3853043,19.629211],[110.3860059,19.6278806],[110.386717,19.6274319],[110.3871936,19.6266859],[110.3871312,19.6263079],[110.3858444,19.625351],[110.3860526,19.6248634],[110.3877358,19.6250571],[110.387249,19.6240351],[110.3874146,19.6234673],[110.3881051,19.622452],[110.3872307,19.6215837],[110.3871788,19.620555],[110.3865431,19.6198432],[110.3869774,19.6191552],[110.3880169,19.6187076],[110.3880887,19.6181139],[110.3873804,19.6177473],[110.3872488,19.6171375],[110.3878359,19.6157262],[110.3886034,19.6147204],[110.3886118,19.6135887],[110.3899392,19.6137219],[110.3911569,19.6122156],[110.3909303,19.6108861],[110.3917663,19.6106516],[110.3926722,19.6114087],[110.3931902,19.6108472],[110.3930301,19.6097664],[110.3946996,19.6093537],[110.3955249,19.6091874],[110.3962273,19.6086203],[110.3967432,19.6084748],[110.3970358,19.6087959],[110.3983497,19.6084845],[110.3996913,19.6093759],[110.4010982,19.6100097],[110.4028229,19.6105968],[110.4037515,19.6105964],[110.4047935,19.6113798],[110.4058776,19.6107157],[110.407299,19.6111719],[110.4080113,19.6108443],[110.4095445,19.6105186],[110.4110778,19.6107274],[110.4112542,19.6116982],[110.4118278,19.6116937],[110.4121651,19.6110842],[110.4118405,19.6099225],[110.4129771,19.6090195],[110.4145864,19.6093145],[110.4146758,19.6104112],[110.4170735,19.6112554],[110.4200978,19.6087308],[110.4161587,19.6030188],[110.4146097,19.5988493],[110.4157604,19.595055],[110.4169997,19.591344],[110.4204076,19.5868406],[110.4274449,19.5840051],[110.4318708,19.5810445],[110.4342608,19.5798352],[110.4394835,19.5795433],[110.4424931,19.5777084],[110.4479038,19.5760285],[110.4513151,19.5766478],[110.4529425,19.5808349],[110.4528799,19.5837835],[110.4517532,19.5841963],[110.4523478,19.5865551],[110.4537562,19.588855],[110.4586384,19.5890319],[110.4615489,19.5885601],[110.4649289,19.5868205],[110.4674608,19.5864259],[110.4732029,19.585379],[110.4748841,19.5900515],[110.4768322,19.5936352],[110.4842678,19.5959702],[110.4852445,19.5939129],[110.4880602,19.5924059],[110.4896873,19.592155],[110.4950704,19.5881149],[110.4991949,19.5886809],[110.5014404,19.5882145],[110.5022278,19.5818804],[110.5033267,19.5793466],[110.5041264,19.5729421],[110.5049812,19.5722835],[110.5076368,19.5720349],[110.5097733,19.5710374],[110.5127868,19.5679399],[110.514572,19.5672457],[110.5154171,19.5650874],[110.5170731,19.5633718],[110.5193702,19.5620398],[110.5214906,19.5592093],[110.5230808,19.5588763],[110.5235836,19.5622847],[110.5262136,19.563918],[110.528173,19.5637779],[110.5375393,19.5635774],[110.5432289,19.564339],[110.5448453,19.5649787],[110.544425,19.5624199],[110.5433905,19.5603485],[110.5434552,19.5561143],[110.5415155,19.551027],[110.5403978,19.5496694],[110.5433273,19.5447389],[110.5478898,19.5379104],[110.5503316,19.5356782],[110.5521603,19.5314126],[110.5536636,19.5295266],[110.5560921,19.528181],[110.558989,19.5279359],[110.5616851,19.5261262],[110.5658757,19.5259404],[110.5681223,19.5275025],[110.5694355,19.5278936],[110.5716593,19.5269976],[110.5746154,19.529055],[110.5776193,19.5290008],[110.5818309,19.5294848],[110.5884319,19.5306035],[110.5918669,19.5320232],[110.5926635,19.5317036],[110.5945114,19.5295593],[110.5952794,19.5291227],[110.5991792,19.5294284],[110.6013901,19.5286564],[110.6035586,19.5294284],[110.6047976,19.5288244],[110.6070727,19.5284721],[110.6074464,19.5287434],[110.6075938,19.5315923],[110.6078632,19.5321465],[110.6086002,19.5328612],[110.6105573,19.533975],[110.6144566,19.534782],[110.6150411,19.5346229],[110.6175192,19.5331733],[110.618363,19.532972],[110.6189407,19.5329804],[110.6208838,19.5336968],[110.6232765,19.535096],[110.6238746,19.5351967],[110.6252525,19.5352269],[110.6256848,19.5356078],[110.6261284,19.5362738],[110.6267159,19.5364147],[110.6285424,19.5366563],[110.6290311,19.5368702],[110.6308624,19.5407168],[110.6315439,19.5411761],[110.6320673,19.541921],[110.6342015,19.5429669],[110.6356645,19.5458104],[110.6372678,19.5500314],[110.6364874,19.5564947],[110.6366703,19.5597688],[110.6326471,19.5604581],[110.6347501,19.5661444],[110.6304526,19.5724337],[110.6307068,19.5830954],[110.6312756,19.5952624],[110.6370468,19.6000539],[110.6385563,19.6046308],[110.6439656,19.6093668],[110.6458406,19.6156398],[110.6501724,19.6206338],[110.6504311,19.6238615],[110.6488147,19.6273327],[110.6504447,19.6304919],[110.6506897,19.6338487],[110.6492026,19.6359191],[110.650625,19.6375023],[110.6525647,19.6375632],[110.6517242,19.6409733],[110.6584482,19.6428609],[110.6618103,19.6459664],[110.6662675,19.6475692],[110.6684697,19.6498634],[110.6674352,19.6508376],[110.657931,19.6499852],[110.6558621,19.6493154],[110.6532112,19.650107],[110.6514009,19.6537603],[110.6503018,19.6540647],[110.6457759,19.6546736],[110.6432544,19.6548563],[110.6398924,19.6549171],[110.6361424,19.6541256],[110.633039,19.6557087],[110.6295476,19.6558305],[110.6254744,19.6599707],[110.6212072,19.663015],[110.6196554,19.6654503],[110.620302,19.6690424],[110.6204568,19.673015],[110.6205606,19.6756785],[110.6185563,19.6826186],[110.6175865,19.685845],[110.6212718,19.6891323],[110.6212718,19.6929674],[110.6198494,19.6982024],[110.6087935,19.6958284],[110.6047849,19.6981415],[110.6053668,19.7007589],[110.6095693,19.7038633],[110.6129228,19.7026214],[110.6162287,19.7041676],[110.620302,19.704472],[110.6234054,19.7083067],[110.6295476,19.7073328],[110.6385346,19.7087327],[110.6406036,19.7085501],[110.6427372,19.7116543],[110.6417768,19.7180099],[110.6374355,19.7204188],[110.6331036,19.721636],[110.6273493,19.7235836],[110.6245692,19.72474],[110.6192029,19.7374594],[110.6224288,19.7474404],[110.6242091,19.7500904],[110.6303881,19.752977],[110.6322633,19.7608184],[110.6349631,19.766697],[110.6360753,19.7706796],[110.6385563,19.7733374],[110.6418919,19.7751081],[110.6416353,19.7793737],[110.643084,19.7819364],[110.6476223,19.7821101],[110.649846,19.7832369],[110.6502573,19.7864061],[110.6428327,19.7853293],[110.6391122,19.7864963],[110.6398392,19.7881461],[110.6379576,19.7885485],[110.6370168,19.7875828],[110.6363325,19.7865365],[110.6349488,19.7872768],[110.6341943,19.7912042],[110.6352948,19.7926495],[110.6373993,19.7917092],[110.6409511,19.7933771],[110.6417208,19.7956304],[110.6428782,19.7960203],[110.6456929,19.8013268],[110.6502851,19.8027036],[110.6551718,19.8094104],[110.6600469,19.8102956],[110.6632115,19.8101346],[110.6660339,19.8145603],[110.6685143,19.8130314],[110.6687708,19.8121463],[110.6676247,19.8096006],[110.6714628,19.8042433],[110.6764298,19.7976264],[110.6849126,19.7982692],[110.6906915,19.8038516],[110.6972503,19.8066709],[110.700973,19.8082507],[110.701947,19.8116543],[110.6991642,19.8172176],[110.6975641,19.8288017],[110.6942248,19.8329901],[110.6967293,19.8394689],[110.7022253,19.842021],[110.7080691,19.8462745],[110.7080691,19.8511823],[110.7031297,19.8536688],[110.6984685,19.8590343],[110.6942248,19.8630911],[110.6874765,19.8636145],[110.6819805,19.8617825],[110.6758498,19.8611874],[110.6715451,19.8618479],[110.6679971,19.8702883],[110.6701537,19.8738213],[110.6739105,19.877158],[110.6753714,19.8825882],[110.6752964,19.883505]]]]}},{"type":"Feature","properties":{"name":"三亚市","shapeName":"三亚市","osm_relation_id":"2128284","source_admin_level":"5","reference_kind":"community administrative boundary; not official","snapshot_download_date":"2026-10-03","license":"ODbL-1.0","source_url":"https://www.openstreetmap.org/relation/2128284","utm_polygon_area_km2":2471.3683},"geometry":{"type":"MultiPolygon","coordinates":[[[[109.3148091,18.5268668],[109.3151414,18.5286312],[109.3151467,18.5306954],[109.3153926,18.5318127],[109.312761,18.539052],[109.3092272,18.5454677],[109.3090768,18.5496021],[109.3114828,18.5538789],[109.3208813,18.5624324],[109.3245208,18.5678275],[109.3253281,18.5691428],[109.3253868,18.5731636],[109.3286364,18.5771966],[109.3368695,18.5808313],[109.3407417,18.5816153],[109.3440124,18.5830763],[109.3501778,18.5885995],[109.3550275,18.5883144],[109.3571053,18.5909152],[109.3618696,18.5943719],[109.366005,18.5956547],[109.3733358,18.603529],[109.3784313,18.6059975],[109.3804411,18.6081965],[109.383411,18.6124362],[109.3852156,18.6175309],[109.387772,18.6212361],[109.3921705,18.6245597],[109.3942757,18.6250941],[109.3950276,18.6247378],[109.3969073,18.6240966],[109.3994637,18.6243103],[109.4028757,18.6302034],[109.4004098,18.6234883],[109.4029883,18.6212714],[109.4037778,18.6195832],[109.4042146,18.6112364],[109.4033047,18.608477],[109.402322,18.6057176],[109.4025768,18.6047173],[109.4043237,18.6033031],[109.4049061,18.6025098],[109.4047241,18.6003711],[109.4071989,18.6005091],[109.4085092,18.5990604],[109.4079632,18.5969562],[109.4091279,18.5931618],[109.4106201,18.5899882],[109.4129643,18.5866057],[109.4150602,18.5826059],[109.4146235,18.5796046],[109.4147974,18.5779172],[109.4167718,18.5758817],[109.4181328,18.5756029],[109.4193791,18.5763137],[109.4197065,18.575733],[109.4194213,18.5736106],[109.4184091,18.571651],[109.4177428,18.5708273],[109.4166421,18.5701683],[109.4161207,18.568301],[109.4173373,18.5662415],[109.4192202,18.5646489],[109.4219431,18.5648411],[109.4251006,18.5662965],[109.4264041,18.5674223],[109.42652,18.5695092],[109.4271573,18.5701133],[109.4288663,18.5697014],[109.4297643,18.5707449],[109.432748,18.5704703],[109.4341674,18.5701133],[109.4367744,18.5685756],[109.4395843,18.5657473],[109.4429155,18.5636878],[109.4456964,18.5630012],[109.4463047,18.5622873],[109.449636,18.5609142],[109.4520113,18.5587723],[109.4585869,18.5586075],[109.462121,18.5599531],[109.4697394,18.561793],[109.4746059,18.5589645],[109.4767495,18.558635],[109.4836438,18.5546256],[109.4888579,18.5554495],[109.490567,18.5549002],[109.4919574,18.5547904],[109.4936086,18.5552298],[109.4970557,18.5552298],[109.4991703,18.5567951],[109.5008215,18.5550925],[109.502096,18.5527582],[109.5034865,18.5432286],[109.5055142,18.541828],[109.5079185,18.5408118],[109.5144651,18.5400977],[109.5205433,18.5390153],[109.5272805,18.5364231],[109.5310875,18.533028],[109.5320724,18.5300068],[109.5316107,18.5259537],[109.531493,18.5205583],[109.5307978,18.5191849],[109.5318986,18.5146802],[109.5310295,18.5138562],[109.5314641,18.5104775],[109.5321882,18.5097084],[109.5325069,18.5083624],[109.5321013,18.5006159],[109.5310875,18.4993523],[109.5316089,18.4978414],[109.5329124,18.492457],[109.5305661,18.4893252],[109.526163,18.4858637],[109.5223008,18.4804763],[109.5237081,18.4754453],[109.5210048,18.4736081],[109.5205132,18.4729864],[109.5194862,18.4640481],[109.5170721,18.4616014],[109.5165395,18.4576378],[109.517113,18.4556949],[109.5225173,18.4514178],[109.5231351,18.4474177],[109.5210867,18.4436481],[109.5205747,18.4419382],[109.5208409,18.4405003],[109.5206976,18.439587],[109.5202469,18.438732],[109.5158226,18.4352149],[109.5151467,18.435176],[109.5140815,18.4356812],[109.5133851,18.4358173],[109.511821,18.4371217],[109.5108941,18.4376438],[109.510474,18.4376026],[109.5103726,18.4374103],[109.5109954,18.4361324],[109.5115458,18.4307873],[109.5121831,18.4300728],[109.513588,18.429427],[109.5151378,18.4268162],[109.51802,18.4250711],[109.5181069,18.4243015],[109.5241756,18.4223365],[109.5246826,18.4218143],[109.5253198,18.4215258],[109.5254647,18.4213059],[109.5255371,18.4204539],[109.5257688,18.4200142],[109.5264061,18.4193821],[109.5275503,18.4188462],[109.528289,18.4146274],[109.5287814,18.4133906],[109.5340535,18.4107796],[109.5341259,18.4100237],[109.534068,18.4095152],[109.5343287,18.4084846],[109.5345605,18.4081685],[109.5347632,18.4074951],[109.5345025,18.4065743],[109.5343287,18.402424],[109.5349805,18.4007473],[109.5356809,18.3977484],[109.538135,18.3966799],[109.5427545,18.3953922],[109.5437895,18.3956105],[109.5456995,18.3964059],[109.5475473,18.3967073],[109.5492796,18.3966251],[109.5513584,18.3959402],[109.5531196,18.3972004],[109.553928,18.3975292],[109.5554294,18.3966251],[109.5561512,18.3966251],[109.5572195,18.3969813],[109.5590673,18.3973648],[109.5595292,18.3972552],[109.5599912,18.3962963],[109.5632683,18.3960537],[109.5637175,18.3957243],[109.5641054,18.3943101],[109.5723737,18.3904356],[109.5734966,18.3897188],[109.5742315,18.3912299],[109.5754769,18.3924697],[109.576416,18.3940389],[109.5781309,18.3949494],[109.5811524,18.3958599],[109.5837656,18.397061],[109.5845006,18.3971579],[109.5853785,18.3966542],[109.5905641,18.3914817],[109.5908499,18.3907843],[109.5913194,18.3905131],[109.5930956,18.3905906],[109.5942185,18.391133],[109.5947084,18.3911911],[109.5951167,18.3906099],[109.5963621,18.3891957],[109.5975258,18.388847],[109.5999144,18.3886533],[109.6013639,18.3893507],[109.6044875,18.3913267],[109.6080603,18.3916561],[109.6088769,18.3915205],[109.6091015,18.3911718],[109.6101018,18.3908812],[109.6116943,18.391966],[109.611878,18.3923535],[109.6119597,18.3931865],[109.6122046,18.3935546],[109.6144912,18.394407],[109.6149812,18.3942327],[109.615512,18.3935352],[109.6164919,18.3933803],[109.6182681,18.3937096],[109.6207496,18.3948154],[109.6225829,18.3978565],[109.6227169,18.3980217],[109.6231645,18.3980217],[109.6249545,18.3971998],[109.6284543,18.3973442],[109.6322014,18.400501],[109.6322303,18.4014736],[109.6338644,18.4026328],[109.6341214,18.4022543],[109.6341503,18.4013366],[109.635002,18.4008298],[109.6379181,18.397282],[109.6391521,18.3950777],[109.643521,18.3936635],[109.6452949,18.3938163],[109.6479717,18.394574],[109.6488291,18.3943803],[109.651034,18.3924624],[109.6516669,18.3922493],[109.6527897,18.3922493],[109.6539469,18.3922203],[109.6555421,18.3933299],[109.6591583,18.3918162],[109.6613854,18.3921925],[109.6617725,18.3927176],[109.6609919,18.3947552],[109.660864,18.3959389],[109.6620794,18.3976082],[109.6641584,18.3981241],[109.6686043,18.3998844],[109.6710032,18.3966673],[109.6731142,18.3956658],[109.6793193,18.3982759],[109.6785836,18.4005521],[109.6771443,18.4025855],[109.6754171,18.4054687],[109.6752892,18.40732],[109.6784237,18.4098085],[109.6793513,18.4123274],[109.6785836,18.4133289],[109.6790954,18.4145428],[109.6853325,18.4143],[109.6860042,18.4148462],[109.6859722,18.42043],[109.6845009,18.4232219],[109.6848207,18.4280771],[109.6923052,18.4373017],[109.6939364,18.4372106],[109.6988301,18.4326894],[109.7014529,18.4321129],[109.7031161,18.4299888],[109.7047154,18.4268936],[109.7053871,18.4266205],[109.7059628,18.4274095],[109.7066345,18.4320219],[109.7050992,18.4368162],[109.7042676,18.438303],[109.703436,18.441398],[109.703308,18.4496813],[109.7059948,18.4576608],[109.7066025,18.4619386],[109.7088734,18.4668838],[109.7146947,18.4739524],[109.7164539,18.4746804],[109.7187568,18.4748928],[109.7211876,18.4737703],[109.7222431,18.4737703],[109.722595,18.4747714],[109.722499,18.4763489],[109.7198443,18.4796556],[109.7195564,18.4805353],[109.7194604,18.4820217],[109.7212836,18.4847822],[109.7215075,18.4862383],[109.7205479,18.487937],[109.7196204,18.488665],[109.7196843,18.4894841],[109.7212836,18.4921231],[109.7210277,18.4933971],[109.7211237,18.4948834],[109.7284162,18.4945194],[109.7355169,18.4980684],[109.739483,18.5019205],[109.7415941,18.5004343],[109.7477991,18.5030428],[109.7553592,18.5048183],[109.7566032,18.5137616],[109.7576662,18.5162923],[109.7578471,18.5233693],[109.7583899,18.5249777],[109.7579602,18.5267147],[109.7586387,18.5272508],[109.7593624,18.5269292],[109.7609682,18.5266504],[109.7639084,18.5278513],[109.765469,18.5292237],[109.7661927,18.5290307],[109.76712,18.5277226],[109.7696983,18.5257283],[109.772058,18.5258062],[109.7754053,18.520788],[109.7759028,18.5140325],[109.7768527,18.5134535],[109.7770337,18.5128744],[109.7766492,18.5127887],[109.7741161,18.5108799],[109.7707414,18.5022967],[109.7733642,18.494835],[109.7761149,18.4914983],[109.7827038,18.4879796],[109.790764,18.4880402],[109.7938346,18.4876762],[109.7958816,18.4858562],[109.8000397,18.478515],[109.8022147,18.4774229],[109.8043257,18.475178],[109.8066286,18.4674117],[109.8069484,18.4637711],[109.8053492,18.4607372],[109.8017669,18.4559436],[109.8016389,18.4543052],[109.8012551,18.4536984],[109.8013191,18.4486619],[109.8003595,18.4425935],[109.7995919,18.4413192],[109.797289,18.4394379],[109.7922354,18.4385276],[109.7827678,18.4369498],[109.7805288,18.4348257],[109.7808341,18.4285577],[109.7808569,18.4282635],[109.7824875,18.4232013],[109.7840757,18.4211318],[109.7844583,18.4200971],[109.7846699,18.419134],[109.7849676,18.416066],[109.7866723,18.4088644],[109.7873082,18.4071442],[109.7865776,18.4063611],[109.7808484,18.4042777],[109.7835067,18.400752],[109.7868469,18.4018772],[109.7871631,18.4012677],[109.7876572,18.3994204],[109.7884182,18.3965135],[109.8011942,18.3491955],[109.7909666,18.3459899],[109.7820222,18.3412674],[109.7791712,18.3389326],[109.7753139,18.3284789],[109.7733015,18.3063488],[109.7609471,18.2762537],[109.7586551,18.2610185],[109.7572016,18.2425432],[109.7459816,18.1952974],[109.7370481,18.1862095],[109.7214737,18.1788487],[109.7040019,18.1744921],[109.6842375,18.1721636],[109.6662123,18.1746424],[109.6568835,18.1771962],[109.6496102,18.1769709],[109.6357751,18.1735157],[109.6223352,18.1678069],[109.6051007,18.1537595],[109.5922142,18.1482755],[109.5805928,18.1448949],[109.5680226,18.1438431],[109.5575869,18.1447446],[109.5516576,18.1470735],[109.5386921,18.1559381],[109.5231961,18.1705289],[109.5183583,18.172468],[109.5108749,18.172851],[109.4806893,18.1713189],[109.4699556,18.1727313],[109.4628501,18.1750056],[109.4589699,18.1787401],[109.4517888,18.1926242],[109.4507819,18.1936033],[109.4466105,18.1970209],[109.4371618,18.200864],[109.3623567,18.2126069],[109.351795,18.2166199],[109.3416974,18.2257614],[109.3321978,18.234926],[109.3086921,18.2576007],[109.2841619,18.2665176],[109.2286225,18.2638102],[109.1703119,18.2616203],[109.1540047,18.2624806],[109.1433803,18.263732],[109.1382328,18.2662738],[109.1347326,18.268972],[109.1318912,18.2748767],[109.1271967,18.2963037],[109.1203608,18.3175717],[109.1171488,18.3215201],[109.113525,18.3234356],[109.1042183,18.3255074],[109.0424486,18.3267193],[109.0110284,18.3265238],[109.0022571,18.3245301],[108.9964508,18.3204255],[108.9933211,18.316008],[108.9893679,18.3142096],[108.9598831,18.3097529],[108.9507412,18.3090492],[108.9442348,18.3113167],[108.9405286,18.3148351],[108.9281747,18.3369608],[108.9722275,18.3796375],[108.9733486,18.3808119],[108.9751103,18.3813093],[108.9760712,18.3822488],[108.9771223,18.3827072],[108.9794845,18.3860347],[108.9786109,18.3889636],[108.9790477,18.3904281],[108.9839396,18.3936886],[108.9916269,18.3992147],[108.9996054,18.4010659],[109.0005954,18.4030552],[108.9998966,18.408581],[109.0055747,18.4166207],[109.0063317,18.4181402],[109.0092727,18.4198254],[109.0116313,18.4228367],[109.0109907,18.4244114],[109.0148052,18.4254612],[109.0220849,18.4252954],[109.023599,18.428279],[109.0274718,18.4323122],[109.0368899,18.4348841],[109.0397889,18.4342183],[109.0422931,18.4348537],[109.0462824,18.4389144],[109.0520769,18.4393564],[109.0563865,18.4384724],[109.0578424,18.436815],[109.0595895,18.4370912],[109.0604631,18.4384172],[109.0673933,18.4527809],[109.0683251,18.4537752],[109.0704798,18.4534438],[109.0819432,18.4478495],[109.0858571,18.4495573],[109.0881284,18.4518223],[109.0907199,18.45359],[109.0931076,18.4541701],[109.0963587,18.4570468],[109.1014601,18.4588064],[109.1028514,18.4611037],[109.1035728,18.4643784],[109.108468,18.4635964],[109.1121781,18.4624722],[109.1121266,18.4604194],[109.1132087,18.4594418],[109.1156305,18.4605171],[109.1167642,18.460175],[109.1177947,18.463352],[109.1265031,18.4648672],[109.1315014,18.46257],[109.1347478,18.4618857],[109.136036,18.4635475],[109.1391792,18.4635475],[109.1412919,18.4656981],[109.1438169,18.4660891],[109.1471662,18.4675553],[109.1481453,18.4670666],[109.1491759,18.4663334],[109.1502064,18.4645739],[109.15201,18.4632542],[109.1552047,18.4634009],[109.1588633,18.4614947],[109.1617489,18.4548961],[109.1635524,18.4528432],[109.1733284,18.4517742],[109.1843838,18.4571593],[109.1843567,18.4573736],[109.1838225,18.4585704],[109.1801742,18.4609363],[109.1813813,18.4633436],[109.1832986,18.4640212],[109.1862685,18.4645917],[109.187246,18.4677297],[109.1908174,18.4710815],[109.1892385,18.4746115],[109.1906294,18.4851299],[109.1884866,18.4934016],[109.1864941,18.4951129],[109.1838249,18.4957903],[109.1827347,18.4986781],[109.1826595,18.5037049],[109.1806294,18.5088029],[109.1815317,18.5162891],[109.1824715,18.5198539],[109.18484,18.5210659],[109.1862738,18.5231521],[109.1870204,18.5242384],[109.1861933,18.527803],[109.1864189,18.5315814],[109.1875843,18.5347538],[109.1914941,18.5353954],[109.1924716,18.5386033],[109.1971332,18.5413122],[109.1960806,18.5475139],[109.1970956,18.5520403],[109.2002452,18.5556153],[109.2022084,18.5571725],[109.2051408,18.557814],[109.2076972,18.5576714],[109.2112686,18.5556756],[109.2209679,18.5537154],[109.2284867,18.5530739],[109.2308811,18.5544864],[109.2381484,18.5573863],[109.2406672,18.5598454],[109.2434116,18.5607364],[109.2450624,18.5601308],[109.2480733,18.5576358],[109.2508928,18.5557825],[109.2543515,18.5543213],[109.2560808,18.5544282],[109.2669079,18.5477278],[109.2688628,18.5426666],[109.2751786,18.533328],[109.2812689,18.5340409],[109.2846523,18.5331854],[109.2875095,18.530619],[109.2878102,18.5289793],[109.2867576,18.5265554],[109.2876412,18.5198596],[109.2899805,18.5151711],[109.2913194,18.5141272],[109.2965828,18.5193198],[109.299791,18.5203169],[109.3038512,18.5174829],[109.3089828,18.5191227],[109.3113136,18.5214219],[109.3148091,18.5268668]]]]}},{"type":"Feature","properties":{"name":"儋州市","shapeName":"儋州市","osm_relation_id":"2784610","source_admin_level":"5","reference_kind":"community administrative boundary; not official","snapshot_download_date":"2026-10-03","license":"ODbL-1.0","source_url":"https://www.openstreetmap.org/relation/2784610","source_division_code":"469003","utm_polygon_area_km2":3563.3639},"geometry":{"type":"MultiPolygon","coordinates":[[[[109.4238084,19.9265652],[109.4275524,19.9272544],[109.4329458,19.927599],[109.4374229,19.9271067],[109.4434709,19.9259991],[109.4480789,19.9246207],[109.4513778,19.9241037],[109.4533676,19.9234145],[109.4611959,19.9215192],[109.4675581,19.92051],[109.4703072,19.9193284],[109.474173,19.9181677],[109.4778383,19.916323],[109.4800243,19.9130666],[109.4762519,19.9107089],[109.4633219,19.9008121],[109.4577452,19.9010956],[109.4548338,19.9064295],[109.4467436,19.9084973],[109.4371873,19.9119437],[109.4316106,19.9132237],[109.4282069,19.9136668],[109.4145324,19.9128189],[109.4105426,19.9148858],[109.4098091,19.9170319],[109.4131686,19.9203004],[109.4238084,19.9265652]]],[[[109.0406798,19.4321079],[109.0354233,19.4343359],[109.0327988,19.4355619],[109.0289613,19.4368284],[109.0240098,19.4339999],[109.0213013,19.4327049],[109.0173188,19.4298479],[109.0126573,19.4283869],[109.0090178,19.4282704],[109.0063398,19.4278944],[109.0003128,19.4287679],[108.9962458,19.4304964],[108.9932023,19.4335729],[108.9939506,19.4340357],[108.9946867,19.4358638],[108.9946979,19.4391705],[108.9940733,19.4426392],[108.9919911,19.4438826],[108.9893538,19.4496418],[108.9880351,19.4566441],[108.9896314,19.457822],[108.9889373,19.4593271],[108.9856754,19.4604396],[108.9824828,19.4646931],[108.9807477,19.4708441],[108.9805394,19.4760134],[108.9789431,19.4789579],[108.9721391,19.4799321],[108.9696158,19.4805482],[108.9671686,19.4818925],[108.9656856,19.4826387],[108.964385,19.4830088],[108.9629864,19.4833789],[108.9616368,19.4835871],[108.9607779,19.484096],[108.9588885,19.4877973],[108.9587658,19.488792],[108.9580788,19.4905731],[108.957588,19.491776],[108.9564838,19.4930251],[108.9554707,19.4938887],[108.9540054,19.4946443],[108.9530644,19.4953183],[108.9520424,19.4953151],[108.9504474,19.4957777],[108.9480672,19.4963329],[108.9456297,19.4962686],[108.9435475,19.4957779],[108.9420207,19.4947475],[108.9406326,19.4945839],[108.9386199,19.4956307],[108.9354967,19.4992781],[108.9302219,19.5123518],[108.9245655,19.5261871],[108.984168,19.5857082],[109.01722,19.6011818],[109.0342644,19.6138141],[109.0447971,19.6216198],[109.0754157,19.6766178],[109.0908265,19.693419],[109.1160254,19.7031052],[109.1431969,19.7067322],[109.1507306,19.7121671],[109.1507181,19.7224212],[109.1592299,19.7256188],[109.1640825,19.7275386],[109.1655019,19.7357459],[109.1655019,19.7389905],[109.1597229,19.7519683],[109.1552619,19.7613193],[109.1541466,19.7665671],[109.1545463,19.7859586],[109.1385973,19.7928367],[109.1553283,19.8242567],[109.1592255,19.828151],[109.2013514,19.8420321],[109.2061578,19.8470749],[109.215384,19.8581368],[109.2190339,19.8609021],[109.2273476,19.864907],[109.2329238,19.8655745],[109.2412375,19.8634767],[109.2518831,19.8689118],[109.2527956,19.8768258],[109.2551275,19.8821651],[109.2556344,19.9007559],[109.2577635,19.9051411],[109.2605009,19.9069523],[109.2679021,19.9063804],[109.2755061,19.9024719],[109.2784463,19.9024719],[109.279663,19.9051411],[109.2787505,19.9088589],[109.2806768,19.9125766],[109.2844281,19.915055],[109.2960876,19.9193445],[109.304604,19.9195352],[109.3258952,19.9146737],[109.3322825,19.9112421],[109.3383187,19.9064904],[109.339652,19.9051287],[109.3424768,19.9022437],[109.3455236,19.9006259],[109.3493232,19.9004573],[109.3608156,19.9022044],[109.4079882,19.8970812],[109.4306308,19.8918639],[109.4499649,19.8874089],[109.494785,19.8755588],[109.5300661,19.8662301],[109.5327477,19.8702037],[109.5363416,19.8699908],[109.5398496,19.8636431],[109.5519748,19.8604369],[109.5605388,19.8568394],[109.5625641,19.8522373],[109.5646898,19.8376484],[109.5657728,19.8341699],[109.5662763,19.8281919],[109.5661013,19.8171884],[109.5654833,19.8137704],[109.5649408,19.8059904],[109.5652008,19.8000184],[109.5660173,19.7958639],[109.5667179,19.7928593],[109.5676878,19.7886999],[109.5693433,19.7813034],[109.5720368,19.7754804],[109.5760268,19.7716769],[109.5808558,19.7710569],[109.5869058,19.7701644],[109.5918883,19.7670174],[109.5958708,19.7567884],[109.5955503,19.7485449],[109.5933988,19.7431124],[109.5904923,19.7370184],[109.5895078,19.7301714],[109.5886918,19.7217139],[109.5866773,19.7197169],[109.5818403,19.7203389],[109.5786588,19.7197589],[109.5773473,19.7172794],[109.5762408,19.7140924],[109.5711235,19.7063714],[109.5611462,19.7068186],[109.5541146,19.712007],[109.5536395,19.6999304],[109.55573,19.6916104],[109.5639019,19.6916104],[109.5704584,19.678369],[109.5681778,19.6679899],[109.5797705,19.6606526],[109.5838163,19.6514704],[109.5829698,19.6482869],[109.5792004,19.6397124],[109.5821528,19.638322],[109.5833813,19.6377435],[109.5959242,19.6427552],[109.5986173,19.6383559],[109.6012263,19.6368904],[109.607555,19.6312998],[109.6136364,19.6315683],[109.6198128,19.6329107],[109.6245639,19.6336267],[109.6277946,19.6337162],[109.6303602,19.6341637],[109.6352063,19.6346112],[109.6386413,19.6308079],[109.6419528,19.6282568],[109.6424279,19.6314788],[109.6449935,19.6325527],[109.6484143,19.6295098],[109.6570613,19.6306733],[109.6698892,19.6308523],[109.6590567,19.6274513],[109.6550658,19.6203806],[109.655636,19.6142047],[109.6600069,19.6115194],[109.6596269,19.608118],[109.6611472,19.604448],[109.660292,19.6023892],[109.6624775,19.5997932],[109.6633327,19.6057012],[109.6676087,19.5997037],[109.6659933,19.5978239],[109.6693191,19.5975553],[109.6693191,19.595944],[109.6722172,19.5948698],[109.6716471,19.5911099],[109.6731199,19.590349],[109.6727874,19.5929004],[109.6739276,19.5942879],[109.6701268,19.6002856],[109.6741652,19.5993904],[109.6771584,19.597063],[109.6777285,19.594825],[109.6795339,19.5956307],[109.6788212,19.5922737],[109.6799615,19.5914233],[109.6796289,19.5900805],[109.6808167,19.5896776],[109.6807692,19.5928556],[109.6823845,19.5926318],[109.6839999,19.5889167],[109.6848076,19.5889614],[109.6877533,19.5863653],[109.688656,19.5874843],[109.6848551,19.5908414],[109.68438,19.5925423],[109.6857103,19.5936165],[109.6868506,19.5933032],[109.686803,19.5903938],[109.6893848,19.590527],[109.6915659,19.5905298],[109.6974406,19.5891386],[109.6966529,19.587682],[109.6973873,19.5858426],[109.6990575,19.5848145],[109.6991826,19.5833663],[109.7015499,19.5826086],[109.7024341,19.5811281],[109.7050947,19.5794271],[109.710606,19.5848881],[109.719348,19.5888719],[109.724099,19.5875291],[109.7278524,19.58641],[109.7295153,19.5843958],[109.7318433,19.5845748],[109.7333637,19.5851567],[109.7340479,19.5854624],[109.7324353,19.5864753],[109.7313939,19.5872982],[109.7294286,19.5894188],[109.7287903,19.5895296],[109.7272449,19.5889915],[109.7278832,19.5896087],[109.7290086,19.5900044],[109.729143,19.591033],[109.7294958,19.5899727],[109.7306548,19.5889282],[109.7314107,19.5877888],[109.7345854,19.5856998],[109.7352573,19.5853833],[109.7365507,19.5860322],[109.7369707,19.5869817],[109.7378778,19.5878679],[109.7375586,19.5887225],[109.7357781,19.5890865],[109.7357613,19.5893397],[109.7381297,19.5889124],[109.7393224,19.5893872],[109.7394903,19.5905108],[109.7404814,19.5923307],[109.7412709,19.5925522],[109.741842,19.5916502],[109.7410189,19.5910805],[109.7410189,19.5900677],[109.7404646,19.5892447],[109.7382809,19.5873932],[109.7380289,19.5867127],[109.737525,19.5846237],[109.737357,19.5843072],[109.7360468,19.5846553],[109.7343839,19.5840065],[109.7322338,19.5839115],[109.7323659,19.5834557],[109.7345989,19.5803223],[109.7370547,19.5786495],[109.7408173,19.5779532],[109.7451175,19.5761806],[109.7502912,19.5762439],[109.751971,19.5754209],[109.7578342,19.5798416],[109.7652075,19.5800423],[109.7558909,19.5727792],[109.7540864,19.5605614],[109.7552663,19.5557872],[109.7479788,19.5550024],[109.7459661,19.5580108],[109.743537,19.5529095],[109.7370824,19.5516669],[109.734445,19.5480043],[109.7434676,19.5396978],[109.7541558,19.5384551],[109.7566544,19.5343998],[109.7526289,19.5276625],[109.7443468,19.5214469],[109.7404783,19.5153864],[109.7356413,19.5095899],[109.7285308,19.5077704],[109.7235413,19.5042724],[109.7215423,19.4965419],[109.7214045,19.4929685],[109.7212068,19.4878389],[109.7220993,19.4859734],[109.7262268,19.4798659],[109.7291183,19.4793079],[109.7332228,19.4787064],[109.7393868,19.4750539],[109.7407838,19.4672069],[109.7375333,19.4583739],[109.7358628,19.4529264],[109.7361603,19.4483279],[109.7389063,19.4443319],[109.7446138,19.4411504],[109.7488633,19.4382529],[109.7509613,19.4299239],[109.7496338,19.4267599],[109.7445833,19.4218864],[109.7380678,19.4225694],[109.7356108,19.4232789],[109.7378693,19.4175319],[109.7355878,19.4150874],[109.7314003,19.4108646],[109.7300174,19.4107088],[109.7276769,19.4096896],[109.7256587,19.4097821],[109.7206341,19.4085318],[109.7193518,19.4072797],[109.7180848,19.4063403],[109.7167118,19.4056292],[109.7151731,19.4052593],[109.7143132,19.404619],[109.7137249,19.4026412],[109.7138863,19.401892],[109.7135287,19.4012041],[109.7117335,19.4015456],[109.7106474,19.4031819],[109.7079618,19.4031924],[109.7037208,19.4063204],[109.6968918,19.4115994],[109.6923903,19.4142819],[109.6859283,19.4165654],[109.6781233,19.4152279],[109.6714478,19.4120139],[109.6615518,19.4070759],[109.6554868,19.4070549],[109.6513978,19.4078809],[109.6479,19.406528],[109.6437683,19.4049299],[109.6384428,19.3989179],[109.6386033,19.3904264],[109.6421433,19.3815879],[109.6429598,19.3712389],[109.6407318,19.3637449],[109.6401673,19.3619269],[109.6395418,19.3580494],[109.6422498,19.3529109],[109.646064,19.3527812],[109.6483078,19.3527049],[109.6561278,19.3545019],[109.6635283,19.3514974],[109.6708603,19.3466589],[109.6759263,19.3462544],[109.6798323,19.3468094],[109.6832428,19.3469239],[109.6900023,19.3464604],[109.6947478,19.3437749],[109.6977918,19.3409174],[109.7025068,19.3313504],[109.7038193,19.3214414],[109.7028578,19.3090859],[109.6996078,19.3002509],[109.6969068,19.2934629],[109.6944733,19.2866629],[109.6930313,19.2807484],[109.6936798,19.2724684],[109.6994544,19.2623087],[109.6997742,19.2543473],[109.7038306,19.2486567],[109.7023374,19.2372566],[109.7024339,19.2298093],[109.7020424,19.2233189],[109.6980818,19.2172584],[109.6943531,19.2087271],[109.6921692,19.2055883],[109.6895692,19.2017217],[109.6894499,19.1951221],[109.6846629,19.1892862],[109.6812143,19.175029],[109.6776341,19.1880333],[109.6743332,19.1946058],[109.6712892,19.2036558],[109.668177,19.2102702],[109.6652387,19.2115062],[109.6584642,19.2100587],[109.6557793,19.2084761],[109.6442277,19.2054963],[109.6364814,19.2055915],[109.6325788,19.2038564],[109.6294713,19.2051886],[109.6278958,19.2103079],[109.6234001,19.2136479],[109.6159472,19.2190595],[109.6109313,19.2250534],[109.6074523,19.2354944],[109.6077751,19.2447176],[109.6069945,19.255353],[109.6021827,19.2567543],[109.5954539,19.2558422],[109.5940877,19.2506665],[109.5891493,19.2446039],[109.5828783,19.2455049],[109.5808447,19.2494184],[109.5791939,19.2603444],[109.5747777,19.2637177],[109.5727865,19.2683135],[109.5658839,19.2724989],[109.5635028,19.2761226],[109.5604089,19.2778528],[109.5589246,19.2810404],[109.55344,19.2881967],[109.5515638,19.2943139],[109.5467975,19.2956444],[109.5444372,19.3052577],[109.5421038,19.3062754],[109.5389741,19.3076403],[109.5370227,19.3141369],[109.5359545,19.314338],[109.5223584,19.307938],[109.5203018,19.3077069],[109.5158664,19.3035845],[109.507376,19.2996745],[109.5035104,19.2995902],[109.5027976,19.3023953],[109.5063824,19.3042433],[109.5066785,19.3063422],[109.5003686,19.3064251],[109.4903333,19.3034324],[109.4837418,19.3022749],[109.4761963,19.3016069],[109.4739988,19.3009949],[109.4684068,19.3007204],[109.4651563,19.3044989],[109.4674163,19.3080093],[109.4693276,19.3130201],[109.4712774,19.3175225],[109.4806517,19.3164649],[109.4797341,19.3202335],[109.4800153,19.3221218],[109.4838001,19.3250677],[109.4841613,19.3327694],[109.4880739,19.3356373],[109.4913033,19.3352223],[109.4947997,19.3362461],[109.4932652,19.3410293],[109.4969931,19.3478385],[109.4948623,19.3476811],[109.493594,19.3520582],[109.4932323,19.3563807],[109.4962768,19.3587454],[109.5023159,19.3599712],[109.5015512,19.3652528],[109.4925993,19.3685186],[109.4944057,19.3716947],[109.4928707,19.3749205],[109.4893577,19.3772143],[109.4861536,19.3833504],[109.481737,19.3866162],[109.4802359,19.3900655],[109.4844313,19.3932308],[109.4868425,19.3963013],[109.4861192,19.3982345],[109.4832257,19.4007363],[109.4804527,19.4049438],[109.480407,19.4050575],[109.4791265,19.4082414],[109.477077,19.4079003],[109.4726399,19.4030891],[109.464278,19.401924],[109.4565812,19.4012966],[109.4524822,19.4010775],[109.4492033,19.3963224],[109.441795,19.3873561],[109.4380377,19.3796743],[109.4397767,19.3753214],[109.4404317,19.3703256],[109.4359627,19.3665191],[109.4323853,19.3650979],[109.4295728,19.3639394],[109.4268188,19.3617359],[109.4215468,19.3570919],[109.4193059,19.3583131],[109.4103823,19.3612892],[109.4072361,19.3590041],[109.4026868,19.3584004],[109.4010925,19.3588431],[109.3962365,19.3548282],[109.391786,19.3557724],[109.3870722,19.3555641],[109.3828131,19.3568236],[109.3799602,19.3574366],[109.3783482,19.3588755],[109.3781584,19.3592209],[109.3782975,19.3599283],[109.3781401,19.3600668],[109.3776162,19.3603437],[109.3776442,19.3606339],[109.3779524,19.3607886],[109.3788381,19.3611551],[109.3791474,19.3617143],[109.3787288,19.3623944],[109.3787592,19.3628749],[109.3782406,19.3635792],[109.3777305,19.3641195],[109.3771292,19.3643086],[109.3768068,19.3643154],[109.3762877,19.3647072],[109.3759219,19.3659184],[109.3749988,19.3671368],[109.3749672,19.3674114],[109.3756906,19.3684668],[109.3760405,19.3701244],[109.3764132,19.3715521],[109.3762995,19.3727576],[109.3759641,19.3730659],[109.3751443,19.3732647],[109.3743534,19.3733774],[109.3734829,19.3737667],[109.3730593,19.3738719],[109.3723405,19.3743191],[109.3717549,19.3743261],[109.371418,19.374644],[109.3711192,19.3747294],[109.3708127,19.3746288],[109.3704186,19.3752251],[109.369698,19.3750993],[109.3695825,19.3748269],[109.3695825,19.3745341],[109.3692744,19.3745134],[109.3690048,19.3746787],[109.3687485,19.3749043],[109.3673094,19.3745705],[109.3665533,19.3741835],[109.3664724,19.3738171],[109.3662592,19.3734773],[109.3660703,19.3731018],[109.3657072,19.3730961],[109.3648735,19.3737426],[109.3648609,19.3739563],[109.3648997,19.3745422],[109.3645752,19.3751992],[109.3644005,19.3753855],[109.3642712,19.3756223],[109.3639297,19.3759512],[109.3639744,19.3763312],[109.3634986,19.3768729],[109.3629389,19.3771013],[109.3626084,19.3774502],[109.3622548,19.3774502],[109.3621283,19.3776326],[109.3618754,19.3776462],[109.3615615,19.3783601],[109.3607535,19.3791009],[109.3605009,19.3796352],[109.3601262,19.3798682],[109.3597354,19.3798846],[109.3592555,19.3796229],[109.358703,19.3796808],[109.3583776,19.3794177],[109.3583776,19.3788063],[109.3586471,19.3785819],[109.3587468,19.3783188],[109.3587333,19.3778044],[109.3584298,19.3776269],[109.3578866,19.3777499],[109.35738,19.3777089],[109.3572055,19.3778406],[109.3570259,19.3784989],[109.35719,19.3787805],[109.3570479,19.3795181],[109.3569522,19.3798564],[109.3566777,19.380222],[109.3562858,19.3804894],[109.3558277,19.3804731],[109.3554203,19.3801976],[109.3541167,19.3799045],[109.3538092,19.3796309],[109.3537829,19.3792418],[109.3540797,19.3786213],[109.3549077,19.3779621],[109.3552704,19.3774488],[109.3562104,19.3745772],[109.3561573,19.3742955],[109.3554085,19.37326],[109.3546812,19.3730313],[109.3540484,19.3726701],[109.3535174,19.3720618],[109.3529549,19.3716603],[109.3524728,19.3709538],[109.3521534,19.3709031],[109.3518266,19.3710572],[109.351467,19.3716349],[109.3513202,19.3723342],[109.3512445,19.3733202],[109.3510547,19.3739244],[109.3506531,19.3743349],[109.3491451,19.3743951],[109.3487171,19.3739026],[109.3487855,19.3726412],[109.3486632,19.3724278],[109.3481485,19.3722549],[109.3470864,19.371979],[109.3468072,19.3717001],[109.3465779,19.3713723],[109.345859,19.3713095],[109.3455517,19.3717263],[109.3458199,19.3726015],[109.3460664,19.3737718],[109.3459275,19.3741976],[109.3449884,19.3746328],[109.3434595,19.3737674],[109.3415088,19.3737814],[109.3387554,19.3747638],[109.3365479,19.377487],[109.3356912,19.3841138],[109.3346497,19.3873884],[109.3325766,19.3882033],[109.3310296,19.3901488],[109.3251944,19.3919296],[109.323997,19.3935432],[109.3205125,19.3953509],[109.3197456,19.3948696],[109.3191215,19.393837],[109.3183498,19.393247],[109.3177678,19.3922112],[109.3169842,19.3922862],[109.3161334,19.3935231],[109.3158299,19.3947984],[109.3164726,19.3960979],[109.3156943,19.3975735],[109.315513,19.3988549],[109.3149547,19.3999864],[109.3141926,19.4003422],[109.3133401,19.4003493],[109.3124269,19.397444],[109.3081946,19.3962843],[109.3074777,19.3930619],[109.3062674,19.3908718],[109.3059386,19.3906565],[109.3049502,19.3925068],[109.3039319,19.3946484],[109.3035834,19.3966206],[109.3025269,19.3971573],[109.3014193,19.3961221],[109.3009636,19.3947294],[109.3011703,19.3941721],[109.300959,19.3934462],[109.3010418,19.3922378],[109.299684,19.3913824],[109.2988607,19.3912882],[109.2982429,19.3905497],[109.2958821,19.3906963],[109.295225,19.3914322],[109.2943842,19.3919593],[109.2940103,19.3940013],[109.2941503,19.3954499],[109.2940857,19.3959869],[109.2931879,19.3964139],[109.2923278,19.3971825],[109.2920318,19.3991538],[109.2898904,19.4017597],[109.289147,19.4018252],[109.2866286,19.400335],[109.2864536,19.3975297],[109.2878244,19.393974],[109.2866384,19.3896588],[109.284474,19.3890306],[109.2829338,19.3898377],[109.280856,19.3895111],[109.2739775,19.3896733],[109.2712903,19.3883214],[109.2747749,19.3856917],[109.2744465,19.3839877],[109.2731308,19.3835222],[109.2650845,19.3844763],[109.2643542,19.384087],[109.2642348,19.3825282],[109.2653476,19.3809037],[109.2653401,19.3797793],[109.2645126,19.3787075],[109.2633401,19.3790143],[109.2567591,19.3819699],[109.2548367,19.3842829],[109.2539714,19.3880517],[109.2522284,19.3887182],[109.2493475,19.3877765],[109.2451611,19.3871021],[109.2436223,19.3893774],[109.2422868,19.3919244],[109.2410652,19.3929422],[109.2401867,19.3929148],[109.2389833,19.3923445],[109.2377853,19.3924294],[109.2362475,19.3932352],[109.2341323,19.3932352],[109.2325302,19.3906584],[109.2311853,19.3898174],[109.2300936,19.3906043],[109.2285589,19.3943687],[109.2274488,19.3943687],[109.2255392,19.3928949],[109.2234566,19.3907805],[109.2231475,19.3878994],[109.2197733,19.3861957],[109.211901,19.3865974],[109.2091642,19.3930512],[109.2058839,19.3950054],[109.2012384,19.3979267],[109.1963941,19.3989058],[109.1922538,19.3969532],[109.1877894,19.3951717],[109.1858689,19.3936573],[109.1840426,19.3932438],[109.1796318,19.3953241],[109.1784353,19.3972586],[109.174492,19.4006546],[109.1738188,19.402401],[109.175189,19.407732],[109.175189,19.410355],[109.1752528,19.4108364],[109.1765363,19.4134044],[109.1785963,19.4167784],[109.1823578,19.4198724],[109.1868133,19.4222524],[109.1910173,19.4248714],[109.1918333,19.4271374],[109.1876983,19.4334639],[109.1833268,19.4336034],[109.1777268,19.4328614],[109.1733628,19.4325409],[109.1675493,19.4329549],[109.1624908,19.4340324],[109.1589583,19.4368954],[109.1557768,19.4431899],[109.1549223,19.4461974],[109.1493528,19.4530279],[109.1457598,19.4545154],[109.1414488,19.4560259],[109.1383973,19.4588739],[109.1358718,19.4628524],[109.1350633,19.4674664],[109.1293563,19.4777374],[109.1263428,19.4812719],[109.1216963,19.4804994],[109.1189728,19.4785209],[109.1180268,19.4725874],[109.1137408,19.4706092],[109.1078244,19.4749995],[109.097582,19.4742123],[109.0938603,19.4749147],[109.0855344,19.4812257],[109.0806752,19.4821757],[109.0733873,19.4866411],[109.0667338,19.4883695],[109.0601243,19.4879949],[109.0512773,19.4895284],[109.0473023,19.4894694],[109.0440063,19.4854469],[109.0429228,19.4822674],[109.0412673,19.4765854],[109.0412978,19.4703924],[109.0416338,19.4662534],[109.0424498,19.4618684],[109.0447463,19.4581299],[109.0477068,19.4527624],[109.0490568,19.4499684],[109.0496368,19.4453619],[109.0487668,19.4417184],[109.0471573,19.4369524],[109.0436713,19.4343089],[109.0406798,19.4321079]]]]}},{"type":"Feature","properties":{"name":"五指山市","shapeName":"五指山市","osm_relation_id":"2784622","source_admin_level":"6","reference_kind":"community administrative boundary; not official","snapshot_download_date":"2026-10-03","license":"ODbL-1.0","source_url":"https://www.openstreetmap.org/relation/2784622","source_division_code":"469001","utm_polygon_area_km2":1128.9086},"geometry":{"type":"MultiPolygon","coordinates":[[[[109.5194539,19.0329578],[109.5142066,19.0310004],[109.5099288,19.0314564],[109.5064815,19.0325355],[109.5034119,19.0302182],[109.4972443,19.0300713],[109.4918177,19.0334272],[109.4888209,19.0336736],[109.4843908,19.0317028],[109.4781366,19.0293625],[109.4724036,19.0288698],[109.4699279,19.0294856],[109.4665402,19.0339199],[109.4639343,19.0342894],[109.4627616,19.0296088],[109.461589,19.0220949],[109.4598951,19.0192618],[109.4587225,19.0081749],[109.4584619,19.0004137],[109.455856,18.9981961],[109.4499926,18.9968409],[109.4428263,18.9946233],[109.436051,18.9933913],[109.429015,18.9921593],[109.4231516,18.9935145],[109.4201548,18.9920361],[109.4175489,18.9868615],[109.4150733,18.9840277],[109.410122,18.9805778],[109.4073858,18.9761421],[109.4033466,18.9723224],[109.4029557,18.9705973],[109.4038678,18.9667775],[109.3998286,18.964313],[109.3935744,18.9591376],[109.3897958,18.9576588],[109.3844537,18.9571659],[109.3811963,18.9540851],[109.3771571,18.9529761],[109.3759845,18.9508811],[109.3767662,18.9464446],[109.3759845,18.9443496],[109.3638669,18.9386805],[109.3604792,18.9385573],[109.3593066,18.9399129],[109.3576127,18.9433637],[109.3550068,18.9457052],[109.3503161,18.9468143],[109.3443225,18.9481699],[109.3428893,18.945582],[109.3404136,18.945089],[109.3365048,18.9447193],[109.3352018,18.9437334],[109.3337685,18.9407756],[109.3336382,18.9375713],[109.3329868,18.9353529],[109.3243161,18.9310823],[109.3221271,18.9288316],[109.3217464,18.9255906],[109.3237451,18.9219894],[109.3230788,18.9206389],[109.3196526,18.9206389],[109.3226981,18.9161373],[109.3252038,18.9153868],[109.3262694,18.9146753],[109.3295949,18.9147346],[109.3308056,18.9138439],[109.3308676,18.9126119],[109.3318959,18.9120969],[109.3335605,18.9098559],[109.3340021,18.9071706],[109.3345538,18.9057055],[109.336448,18.9045651],[109.337083,18.902599],[109.3388444,18.9009326],[109.3393605,18.9002612],[109.3388281,18.8994776],[109.3391726,18.8982825],[109.3378043,18.8963947],[109.3386092,18.8947192],[109.3398654,18.8943951],[109.3411435,18.8921414],[109.3431686,18.8902253],[109.3434077,18.8879627],[109.3422609,18.8866491],[109.3404409,18.8860936],[109.3390105,18.8858333],[109.3387749,18.8852983],[109.3391014,18.8847688],[109.3413326,18.8850327],[109.3434105,18.8845833],[109.3440587,18.8836633],[109.3433628,18.8826456],[109.3409425,18.8815551],[109.3385329,18.8792751],[109.3385697,18.8766552],[109.3412617,18.8781835],[109.3443574,18.8776741],[109.349472,18.8748722],[109.3531061,18.8751269],[109.3576824,18.8729618],[109.3633355,18.8650653],[109.3685847,18.8595885],[109.3703345,18.8561494],[109.3683155,18.8523282],[109.3618549,18.8474878],[109.3609127,18.8450676],[109.3583554,18.84252],[109.3582208,18.8402271],[109.3566056,18.836915],[109.3575478,18.8344946],[109.3576824,18.8302907],[109.3566056,18.8269785],[109.3548559,18.8250676],[109.3531061,18.8193346],[109.3485299,18.8137289],[109.3489337,18.8068489],[109.3512218,18.8050651],[109.3520536,18.8023423],[109.3509526,18.7961461],[109.3536118,18.785865],[109.3537038,18.7800557],[109.3551844,18.7780032],[109.3508896,18.7774365],[109.3479383,18.7766874],[109.347448,18.7721468],[109.3470268,18.7671095],[109.3489349,18.7642764],[109.3521291,18.7604315],[109.3529511,18.7583798],[109.3492762,18.7575187],[109.3482057,18.754994],[109.3490074,18.7522299],[109.3507047,18.7459647],[109.351789,18.7445661],[109.3544301,18.7411595],[109.3545309,18.7369778],[109.3516615,18.7326113],[109.3504828,18.7283339],[109.3521905,18.7211479],[109.351644,18.7156435],[109.352262,18.7117795],[109.3559611,18.7070274],[109.3575061,18.7024551],[109.3652067,18.6982629],[109.3711899,18.6939569],[109.3732838,18.690531],[109.3775208,18.6886],[109.3791061,18.684424],[109.3790168,18.6818604],[109.3802606,18.6796029],[109.3836577,18.6792613],[109.3887971,18.679081],[109.3922234,18.6750237],[109.3922234,18.6704253],[109.3932363,18.6673826],[109.3940483,18.6632778],[109.3914108,18.6581064],[109.3920133,18.6541844],[109.3916933,18.6514359],[109.3902107,18.646135],[109.3935262,18.640739],[109.3970772,18.6372412],[109.401149,18.6358078],[109.4020263,18.6339946],[109.4028757,18.6302034],[109.407465,18.6286654],[109.4127088,18.6293393],[109.4240389,18.6294224],[109.4281618,18.6320914],[109.4307173,18.6339664],[109.4370503,18.6437343],[109.4370728,18.6486189],[109.4372633,18.6492479],[109.4389723,18.6525669],[109.4437178,18.6569519],[109.4466618,18.6572645],[109.4518862,18.6543251],[109.4554059,18.6552629],[109.4579546,18.6548118],[109.459286,18.6532601],[109.4599573,18.6518032],[109.464877,18.6512738],[109.4671556,18.6488175],[109.4690098,18.6490158],[109.4731878,18.6504273],[109.4766233,18.6499264],[109.4790882,18.648928],[109.4867896,18.6484236],[109.4891743,18.6502325],[109.4923663,18.6516609],[109.4956513,18.6535284],[109.4981538,18.6533564],[109.501357,18.6541585],[109.5054783,18.6556427],[109.514617,18.6513994],[109.5218503,18.6525716],[109.5224348,18.6581505],[109.531558,18.6590641],[109.5357457,18.6606872],[109.5339633,18.6655789],[109.5286911,18.6719369],[109.5267703,18.6764791],[109.5282714,18.684496],[109.5291566,18.6899233],[109.5238137,18.6966027],[109.5231738,18.7003504],[109.5241122,18.7056283],[109.5293173,18.709649],[109.5349016,18.7113683],[109.538696,18.7154119],[109.5405044,18.7232541],[109.5461196,18.7273102],[109.5469762,18.7327182],[109.5571598,18.7367741],[109.5607288,18.7394923],[109.5606975,18.7416913],[109.5603005,18.7423621],[109.5600361,18.74248],[109.5590487,18.7422334],[109.5583376,18.7420212],[109.5579412,18.7422458],[109.5575805,18.7440175],[109.5598247,18.7447054],[109.5612474,18.7445725],[109.5626216,18.7439427],[109.5655029,18.7405617],[109.5663595,18.7403623],[109.56805,18.7414226],[109.5735002,18.7434573],[109.5773512,18.7424382],[109.5808581,18.7400188],[109.579145,18.7260483],[109.5739104,18.7267694],[109.5676289,18.7247864],[109.566011,18.7229836],[109.566011,18.7205499],[109.5668035,18.7177085],[109.5719683,18.7179319],[109.574767,18.7170345],[109.5796709,18.71389],[109.5812388,18.7070286],[109.5846666,18.7056533],[109.5908514,18.6953993],[109.5952294,18.6954895],[109.5968736,18.6966325],[109.5982257,18.6966809],[109.600503,18.6940935],[109.605068,18.6915805],[109.6056812,18.6882547],[109.6077278,18.6853749],[109.6120923,18.6820031],[109.615456,18.6805682],[109.6165606,18.6840216],[109.6210814,18.6908991],[109.622925,18.6929652],[109.6288573,18.6916318],[109.6318773,18.7016384],[109.6303485,18.7045946],[109.6300821,18.7071714],[109.6342507,18.7119865],[109.6349169,18.7155021],[109.6381528,18.7207302],[109.6375818,18.7244258],[109.6420067,18.7250606],[109.6438504,18.7233298],[109.6504973,18.7269131],[109.6569972,18.7252371],[109.6636481,18.7272992],[109.6668953,18.7273102],[109.6709738,18.7291495],[109.6763729,18.7285141],[109.6806749,18.7255304],[109.6854853,18.7233603],[109.6909382,18.7256671],[109.6929099,18.7252827],[109.6961628,18.7236434],[109.6989926,18.7237024],[109.7003531,18.7263463],[109.7013336,18.7318077],[109.7025595,18.7343677],[109.7016996,18.7368326],[109.6988603,18.7446329],[109.6955425,18.7519114],[109.6929786,18.7588089],[109.6875338,18.7648054],[109.6865513,18.7706554],[109.683107,18.7757309],[109.6830749,18.7815628],[109.6780307,18.7869691],[109.6798775,18.7903909],[109.6838224,18.7930585],[109.6805413,18.8000841],[109.6826459,18.8055851],[109.6880239,18.8094034],[109.6885117,18.8140826],[109.6835508,18.8183222],[109.68041,18.8248083],[109.6827894,18.8270603],[109.6836459,18.8310239],[109.6865012,18.8330957],[109.6910149,18.832308],[109.704489,18.8323751],[109.7108363,18.8351196],[109.7103296,18.8388482],[109.709803,18.8452365],[109.7105848,18.8500455],[109.7107151,18.8544846],[109.7122786,18.8568273],[109.7125392,18.8591701],[109.7095424,18.8658282],[109.7085,18.8691572],[109.7021155,18.8750752],[109.6975552,18.8782807],[109.6956007,18.8837052],[109.6940372,18.8902391],[109.700552,18.8964029],[109.7043306,18.8998546],[109.7081092,18.9015804],[109.7148845,18.9005942],[109.7202267,18.90232],[109.7234841,18.9066343],[109.7275233,18.9103323],[109.7276536,18.9124278],[109.7266112,18.915386],[109.719054,18.9161256],[109.7121483,18.9178512],[109.7090212,18.918714],[109.7061547,18.9222884],[109.7043306,18.924014],[109.7006823,18.9248768],[109.6963825,18.9231512],[109.6932554,18.9231512],[109.6915615,18.9247535],[109.6881739,18.9270953],[109.684265,18.9285743],[109.6780108,18.9267256],[109.6750139,18.9266023],[109.6727989,18.9277116],[109.6711051,18.9266023],[109.6694112,18.9236442],[109.665372,18.9219187],[109.6608117,18.9209326],[109.6578149,18.9163721],[109.6537757,18.9179745],[109.6496062,18.9199466],[109.6447853,18.9205629],[109.6403552,18.9204396],[109.638531,18.919207],[109.6351434,18.9174814],[109.6298012,18.9200698],[109.625762,18.9216722],[109.6215926,18.9208094],[109.6195078,18.9194536],[109.6179443,18.9157558],[109.6109083,18.9130441],[109.6075206,18.9140302],[109.6038723,18.9140302],[109.6016573,18.9135371],[109.598009,18.9100858],[109.5969666,18.9146465],[109.5935789,18.9206861],[109.5930577,18.9241372],[109.5914942,18.9252465],[109.5796372,18.9256163],[109.5732527,18.9273418],[109.5703862,18.932395],[109.569865,18.9376946],[109.5688226,18.9397897],[109.5660864,18.9423778],[109.5520145,18.9461982],[109.5487571,18.9486629],[109.5454997,18.9549478],[109.5440664,18.9586446],[109.5434149,18.969858],[109.5422423,18.9757724],[109.5388546,18.9821795],[109.5349457,18.9874775],[109.5333821,18.9898184],[109.5309065,18.9922825],[109.5301247,18.9964713],[109.5286915,18.9985657],[109.5246523,19.0015224],[109.5242614,19.0049719],[109.5253038,19.0131025],[109.5289521,19.0161822],[109.5269976,19.0179067],[109.5233493,19.0213559],[109.5194539,19.0329578]]]]}},{"type":"Feature","properties":{"name":"琼海市","shapeName":"琼海市","osm_relation_id":"2784617","source_admin_level":"6","reference_kind":"community administrative boundary; not official","snapshot_download_date":"2026-10-03","license":"ODbL-1.0","source_url":"https://www.openstreetmap.org/relation/2784617","utm_polygon_area_km2":1810.3706},"geometry":{"type":"MultiPolygon","coordinates":[[[[110.1544526,19.0009911],[110.1566614,19.0055333],[110.159091,19.0095534],[110.1604715,19.0114851],[110.161852,19.0117983],[110.1647511,19.0070996],[110.1712016,19.003975],[110.1722602,19.0008873],[110.1740607,18.997157],[110.1761357,18.9943361],[110.1792257,18.9926306],[110.1842842,18.9922457],[110.1860387,18.9938026],[110.1880147,18.9951181],[110.1881815,18.9983004],[110.1849612,19.0045286],[110.1868641,19.0144931],[110.1955005,19.0144931],[110.1981353,19.012002],[110.1955005,19.0007917],[110.2000382,18.9966396],[110.2065456,19.0004489],[110.2108187,18.9995274],[110.2140699,19.0003901],[110.2200921,19.0002381],[110.2236633,19.0022279],[110.2248464,19.0045471],[110.2320952,18.9973316],[110.2342909,18.9888886],[110.2380968,18.9830751],[110.2419026,18.9787841],[110.2500998,18.9779536],[110.2588636,18.9822536],[110.264445,18.9839056],[110.2763156,18.9893728],[110.284722,18.9890167],[110.2927084,18.9892539],[110.2961672,18.9929715],[110.3021328,18.9980014],[110.3038329,19.0027965],[110.3070795,19.0027257],[110.3095769,19.0048842],[110.3111731,19.004661],[110.3154974,19.0007967],[110.3214359,19.001589],[110.3239355,19.0037503],[110.3377815,19.0057993],[110.3383664,19.0079885],[110.3416343,19.0085314],[110.3434213,19.0116954],[110.3424533,19.0157184],[110.3413773,19.0196584],[110.3435607,19.0245813],[110.3461838,19.0252514],[110.3522568,19.0264359],[110.3576278,19.0274144],[110.3672028,19.0310154],[110.3801498,19.0347369],[110.3934098,19.0400564],[110.4008863,19.0460204],[110.4070893,19.0501859],[110.4147033,19.0533884],[110.4227903,19.0561159],[110.4321953,19.061678],[110.4392215,19.0611246],[110.4469683,19.0622289],[110.4566406,19.0712241],[110.4610319,19.0767578],[110.4576652,19.0914212],[110.457958,19.095571],[110.4652483,19.0986329],[110.4732438,19.0986024],[110.4816714,19.0922512],[110.4867946,19.0878246],[110.490015,19.084228],[110.4938208,19.081738],[110.4977731,19.0810463],[110.5027499,19.085058],[110.5069949,19.0926661],[110.5128501,19.1006889],[110.5174387,19.1046232],[110.5178805,19.1038832],[110.5187964,19.1032693],[110.5195632,19.1022026],[110.522072,19.1016571],[110.5296837,19.1049768],[110.5343678,19.1030403],[110.5349533,19.0952943],[110.5426328,19.0899009],[110.5481081,19.0890764],[110.5533971,19.0885163],[110.6065378,19.0859697],[110.6177052,19.1573448],[110.6373614,19.2173219],[110.666997,19.2672861],[110.6745571,19.2852695],[110.703588,19.3200889],[110.7259451,19.3801955],[110.6839166,19.3902637],[110.6703891,19.3940425],[110.6637122,19.3962891],[110.6557508,19.3982934],[110.6486588,19.3975084],[110.6439893,19.3958244],[110.6424028,19.3922004],[110.6401324,19.3881282],[110.6329479,19.3921059],[110.6293488,19.3933239],[110.6267005,19.3906327],[110.6256073,19.3879808],[110.6235769,19.3830453],[110.6237331,19.3771519],[110.6249044,19.3662486],[110.6179733,19.3615359],[110.6137468,19.3589184],[110.6094968,19.3556119],[110.6004028,19.3522379],[110.5934528,19.3543054],[110.5855713,19.3575514],[110.5812073,19.3639009],[110.5799638,19.3696844],[110.5816803,19.3765199],[110.5823518,19.3815539],[110.5836563,19.3904704],[110.5809403,19.3956144],[110.5752563,19.3994769],[110.5744628,19.4038694],[110.5774538,19.4125004],[110.5773008,19.4214669],[110.5753173,19.4268169],[110.5716933,19.4333689],[110.5693968,19.4371184],[110.5640793,19.4439544],[110.5585933,19.4462049],[110.5494233,19.4476549],[110.5462038,19.4523544],[110.5420228,19.4701824],[110.5317613,19.4684484],[110.5236663,19.4659574],[110.5138473,19.4692669],[110.5046768,19.4707124],[110.5005263,19.4701574],[110.4938203,19.4655514],[110.4889528,19.4583589],[110.4880833,19.4544809],[110.4871673,19.4499149],[110.4843978,19.4470174],[110.4804388,19.4448469],[110.4756318,19.4459249],[110.4700468,19.4458749],[110.4585573,19.4501534],[110.4525223,19.4508074],[110.4459228,19.4491844],[110.4399338,19.4445494],[110.4374083,19.4421044],[110.4331133,19.4371889],[110.4300233,19.4324644],[110.4284208,19.4283789],[110.4265213,19.4229284],[110.4239198,19.4179574],[110.4194488,19.4151134],[110.4122468,19.4171829],[110.4086913,19.4193649],[110.4052963,19.4197024],[110.4011078,19.4175394],[110.3969118,19.4089434],[110.3953323,19.4055479],[110.3888168,19.3997839],[110.3846433,19.3980789],[110.3795168,19.3975544],[110.3724823,19.3973179],[110.3678208,19.3956299],[110.3643418,19.3934419],[110.3584288,19.3839819],[110.3583833,19.3761729],[110.3601228,19.3703729],[110.3605193,19.3682919],[110.3598328,19.3625699],[110.3568113,19.3594514],[110.3504868,19.3589629],[110.3437273,19.3596384],[110.3383788,19.3593479],[110.3321533,19.3547189],[110.3288268,19.3433359],[110.3292458,19.3412569],[110.3274993,19.3330404],[110.3244173,19.3283139],[110.3211143,19.3238239],[110.3230363,19.3168699],[110.3268433,19.3149109],[110.3308488,19.3117979],[110.3408433,19.3064274],[110.3511428,19.3031119],[110.3548963,19.3002339],[110.3568573,19.2939704],[110.3573608,19.2877504],[110.3571928,19.2829324],[110.3541338,19.2786634],[110.3489913,19.2774484],[110.3416673,19.2760694],[110.3396913,19.2747554],[110.3363268,19.2691194],[110.3349303,19.2636509],[110.3337633,19.2581729],[110.3337708,19.2517374],[110.3360138,19.2468434],[110.3402328,19.2425749],[110.3417283,19.2372419],[110.3400118,19.2299444],[110.3359833,19.2254774],[110.3308718,19.2251799],[110.3277968,19.2271154],[110.3257063,19.2299384],[110.3199918,19.2324159],[110.3114928,19.2315369],[110.3052368,19.2264499],[110.2959678,19.2175524],[110.2889173,19.2168539],[110.2870103,19.2178344],[110.2815398,19.2205334],[110.2769928,19.2220574],[110.2713468,19.2199344],[110.2666168,19.2164039],[110.2622068,19.2149374],[110.2561723,19.2155859],[110.2485963,19.2206479],[110.2436373,19.2242489],[110.2378773,19.2255784],[110.2327498,19.2243614],[110.2254333,19.2227499],[110.2205963,19.2233599],[110.2235183,19.2099439],[110.2213283,19.2097814],[110.2138368,19.2102449],[110.2074883,19.2086049],[110.2030488,19.2064439],[110.1978988,19.2045364],[110.1856538,19.2005499],[110.1747968,19.1951429],[110.1662368,19.1928789],[110.1591108,19.1965464],[110.1511533,19.2043744],[110.1465073,19.2100294],[110.1414338,19.2101859],[110.1376043,19.2045614],[110.1358563,19.1965714],[110.1368638,19.1905689],[110.1384123,19.1863844],[110.1385728,19.1838529],[110.1344373,19.1766264],[110.1351928,19.1701699],[110.1346513,19.1619169],[110.1287538,19.1522159],[110.1239393,19.1463909],[110.1213838,19.1425609],[110.1191633,19.1410229],[110.1156233,19.1369954],[110.1136093,19.1347599],[110.1108933,19.1347179],[110.1124113,19.1305314],[110.1147233,19.1217269],[110.1170273,19.1133844],[110.1165008,19.1062909],[110.1169133,19.0984744],[110.1187363,19.0901489],[110.1202088,19.0845869],[110.1212463,19.0804194],[110.1201933,19.0724259],[110.1188294,19.0697942],[110.1188294,19.0694289],[110.1196853,19.0647579],[110.1166206,19.0618874],[110.1175041,19.0567986],[110.1193883,19.0519931],[110.1197196,19.0491223],[110.1241371,19.0483916],[110.1240267,19.0467213],[110.1250206,19.0441637],[110.1297695,19.0402489],[110.1330827,19.0395181],[110.1360093,19.0366471],[110.1363406,19.0340371],[110.1381629,19.0310617],[110.1405925,19.0273554],[110.1436848,19.0259981],[110.1481576,19.0256327],[110.1521334,19.0232835],[110.1536243,19.0209343],[110.1501455,19.0169146],[110.1483784,19.0109108],[110.1494276,19.0089791],[110.1521886,19.0067863],[110.1537347,19.0038104],[110.1544526,19.0009911]]]]}},{"type":"Feature","properties":{"name":"文昌市","shapeName":"文昌市","osm_relation_id":"2784621","source_admin_level":"6","reference_kind":"community administrative boundary; not official","snapshot_download_date":"2026-10-03","license":"ODbL-1.0","source_url":"https://www.openstreetmap.org/relation/2784621","source_division_code":"469005","utm_polygon_area_km2":2931.5608},"geometry":{"type":"MultiPolygon","coordinates":[[[[111.2055238,19.8752813],[111.2042363,19.8764113],[111.2028201,19.8779853],[111.2016399,19.8799427],[111.2006529,19.8825256],[111.1996873,19.8861173],[111.198829,19.8886194],[111.1977776,19.8908995],[111.1949881,19.8958429],[111.1939581,19.8972956],[111.191705,19.8996966],[111.1901816,19.9016134],[111.1889585,19.9036108],[111.1879929,19.9056889],[111.1872633,19.9083319],[111.1869629,19.9106924],[111.1870273,19.9129722],[111.1877568,19.9214857],[111.1877998,19.9234829],[111.1877139,19.9258633],[111.1877568,19.9276385],[111.1880787,19.9293936],[111.1885937,19.9308258],[111.1892589,19.9321975],[111.1903747,19.9337508],[111.191469,19.9348199],[111.1930998,19.9359092],[111.1948593,19.9367564],[111.1965759,19.9372204],[111.1982067,19.9374019],[111.1996658,19.9374019],[111.2012537,19.93718],[111.2029703,19.9366354],[111.2045582,19.9358083],[111.2060602,19.9347796],[111.2074121,19.9333877],[111.2083347,19.9319151],[111.2090643,19.9302005],[111.2095793,19.9281227],[111.209708,19.9262466],[111.2098797,19.9229785],[111.2102445,19.9201744],[111.210738,19.9180965],[111.2113817,19.916301],[111.2135704,19.9117213],[111.2141283,19.9100065],[111.2144073,19.9085942],[111.2146862,19.9064959],[111.2150725,19.9044179],[111.2154587,19.9031064],[111.2161453,19.9014923],[111.2171538,19.8995554],[111.2176903,19.8982238],[111.2184413,19.895742],[111.2195142,19.8938857],[111.2206085,19.8922917],[111.222883,19.8890431],[111.2236555,19.887671],[111.2240632,19.8862989],[111.2242993,19.8847048],[111.2242349,19.8827879],[111.2240203,19.8810929],[111.2234839,19.8795593],[111.222883,19.8783485],[111.2218745,19.8769763],[111.2205871,19.8756849],[111.219128,19.8746557],[111.2172611,19.8737678],[111.2156518,19.8733037],[111.2140854,19.8731019],[111.2123259,19.8731019],[111.2103088,19.8733642],[111.2084635,19.8738082],[111.2070687,19.874353],[111.2055238,19.8752813]]],[[[111.2436848,19.9695559],[111.2420325,19.9680635],[111.2407665,19.9665106],[111.2398653,19.9650787],[111.2390285,19.9632232],[111.2385778,19.9614282],[111.2384276,19.9597744],[111.2385993,19.9580802],[111.2389426,19.9566078],[111.2394147,19.9553372],[111.2403159,19.953885],[111.2414961,19.9524933],[111.2428265,19.9513436],[111.2446075,19.9503149],[111.2462812,19.9496695],[111.2480621,19.9492661],[111.2497788,19.9491854],[111.2513881,19.9492459],[111.2536197,19.949488],[111.2555509,19.9499519],[111.2609797,19.9517873],[111.2633615,19.9527958],[111.2667518,19.9547523],[111.2703352,19.9572734],[111.2740259,19.9604803],[111.2787895,19.9656635],[111.2812786,19.9690921],[111.2827807,19.971492],[111.2836819,19.9736902],[111.284111,19.9757674],[111.2841325,19.9783487],[111.2838965,19.9799015],[111.2835102,19.9812526],[111.2831669,19.9825634],[111.2829523,19.9839952],[111.2828236,19.986657],[111.2827163,19.9876653],[111.2825232,19.9885727],[111.2818794,19.9904884],[111.2811499,19.9917386],[111.2801414,19.9930695],[111.279047,19.9940777],[111.2776952,19.9949448],[111.2761931,19.995711],[111.2745409,19.9962353],[111.2728672,19.9965176],[111.2711935,19.9965579],[111.2697344,19.9965176],[111.2682109,19.9962554],[111.2661724,19.99559],[111.264091,19.994602],[111.2623959,19.9936543],[111.2609797,19.9925855],[111.2597137,19.991174],[111.2586408,19.9895003],[111.2578898,19.9879073],[111.2574177,19.9861932],[111.2572246,19.98458],[111.2571817,19.9832894],[111.2572031,19.982019],[111.2570529,19.9805065],[111.256774,19.9789739],[111.2563448,19.9775824],[111.2555938,19.9762514],[111.2547355,19.9753036],[111.2535124,19.9744767],[111.2518816,19.9736902],[111.2492209,19.9727222],[111.2469893,19.971734],[111.2454014,19.9707458],[111.2436848,19.9695559]]],[[[110.6752964,19.883505],[110.6748149,19.889392],[110.6725191,19.8953451],[110.6686232,19.8995972],[110.670432,19.910652],[110.6621518,19.9209669],[110.6565438,19.9265167],[110.6493124,19.9316964],[110.6487221,19.931049],[110.6425729,19.9305403],[110.6402117,19.9311877],[110.6409495,19.9354423],[110.6430356,19.9402031],[110.6372961,19.9550153],[110.6350003,19.9566501],[110.6326697,19.9566501],[110.6315914,19.9574348],[110.6301652,19.9600504],[110.6299565,19.9634834],[110.6305827,19.9668509],[110.6292608,19.9688779],[110.6266868,19.9687798],[110.6240141,19.969932],[110.6241124,19.9724287],[110.6234237,19.9732147],[110.6179141,19.9727986],[110.6167827,19.972891],[110.6155529,19.9746017],[110.6130932,19.9762661],[110.6078295,19.9782079],[110.5985812,19.9807969],[110.5943506,19.9836633],[110.5938587,19.98542],[110.5951377,19.9877316],[110.5964633,19.9952147],[110.5953502,19.9991372],[110.5892281,20.006982],[110.5846365,20.0115579],[110.5743402,20.0162644],[110.5708617,20.0230624],[110.5673832,20.0273764],[110.561759,20.031015],[110.5288122,20.0664124],[110.5055713,20.12977],[110.5089888,20.1287218],[110.5135864,20.126646],[110.540117,20.1133333],[110.5443757,20.112001],[110.5499219,20.1114345],[110.5568087,20.1116715],[110.5995243,20.1225155],[110.637231,20.1306153],[110.650171,20.1357102],[110.6745203,20.1589614],[110.6816164,20.1656227],[110.6923301,20.1654921],[110.7042961,20.1597451],[110.7120878,20.1517774],[110.7155663,20.1413274],[110.7281706,20.0933327],[110.7380092,20.0770698],[110.7675251,20.070786],[110.7809056,20.0641323],[110.8056989,20.0375145],[110.8316729,20.0212458],[110.8670919,20.0127411],[110.9088076,20.0201366],[110.9379299,20.0304896],[110.9529228,20.0271416],[110.9635103,20.0160691],[110.9768909,19.9746491],[111.0123099,19.846622],[111.0363161,19.7703487],[111.0626836,19.6643941],[111.0677997,19.63252],[111.0654384,19.6199168],[111.0616593,19.6207036],[111.052845,19.6110199],[111.0359226,19.6073127],[111.0103421,19.6080541],[110.9926326,19.5995272],[110.9276978,19.5628195],[110.8887368,19.5268453],[110.8702402,19.4993956],[110.8517437,19.4723123],[110.8308858,19.4407713],[110.7812992,19.3984596],[110.7576865,19.3891792],[110.7336889,19.3881091],[110.7303816,19.386359],[110.7259451,19.3801955],[110.6839166,19.3902637],[110.6703891,19.3940425],[110.6637122,19.3962891],[110.6557508,19.3982934],[110.6486588,19.3975084],[110.6439893,19.3958244],[110.6424028,19.3922004],[110.6401324,19.3881282],[110.6329479,19.3921059],[110.6293488,19.3933239],[110.6267005,19.3906327],[110.6256073,19.3879808],[110.6235769,19.3830453],[110.6237331,19.3771519],[110.6249044,19.3662486],[110.6179733,19.3615359],[110.6137468,19.3589184],[110.6094968,19.3556119],[110.6004028,19.3522379],[110.5934528,19.3543054],[110.5855713,19.3575514],[110.5812073,19.3639009],[110.5799638,19.3696844],[110.5816803,19.3765199],[110.5823518,19.3815539],[110.5836563,19.3904704],[110.5809403,19.3956144],[110.5752563,19.3994769],[110.5744628,19.4038694],[110.5774538,19.4125004],[110.5773008,19.4214669],[110.5753173,19.4268169],[110.5716933,19.4333689],[110.5693968,19.4371184],[110.5640793,19.4439544],[110.5585933,19.4462049],[110.5494233,19.4476549],[110.5462038,19.4523544],[110.5420228,19.4701824],[110.5434038,19.4747314],[110.5471569,19.4796459],[110.5445803,19.4877156],[110.5405273,19.4888419],[110.5372163,19.4910164],[110.5325393,19.4957639],[110.5271528,19.5007649],[110.5207368,19.5046499],[110.5119703,19.5102194],[110.5079118,19.5119589],[110.5036008,19.5134774],[110.4955668,19.5130499],[110.4889068,19.5100499],[110.4814073,19.5040914],[110.4757287,19.502095],[110.4700228,19.5043229],[110.4673591,19.5085959],[110.4650626,19.5126903],[110.4658328,19.5183122],[110.4646198,19.5233015],[110.4643214,19.5283379],[110.4654998,19.5330924],[110.4675368,19.5355509],[110.4705428,19.5382139],[110.4769668,19.5414504],[110.4829788,19.5463104],[110.4852598,19.5489919],[110.4878463,19.5535029],[110.4925768,19.5567949],[110.4980163,19.5591449],[110.5053633,19.5607454],[110.509046,19.5611164],[110.5148449,19.5650121],[110.5154171,19.5650874],[110.5170731,19.5633718],[110.5193702,19.5620398],[110.5214906,19.5592093],[110.5230808,19.5588763],[110.5235836,19.5622847],[110.5262136,19.563918],[110.528173,19.5637779],[110.5375393,19.5635774],[110.5432289,19.564339],[110.5448453,19.5649787],[110.544425,19.5624199],[110.5433905,19.5603485],[110.5434552,19.5561143],[110.5415155,19.551027],[110.5403978,19.5496694],[110.5433273,19.5447389],[110.5478898,19.5379104],[110.5503316,19.5356782],[110.5521603,19.5314126],[110.5536636,19.5295266],[110.5560921,19.528181],[110.558989,19.5279359],[110.5616851,19.5261262],[110.5658757,19.5259404],[110.5681223,19.5275025],[110.5694355,19.5278936],[110.5716593,19.5269976],[110.5746154,19.529055],[110.5776193,19.5290008],[110.5818309,19.5294848],[110.5884319,19.5306035],[110.5918669,19.5320232],[110.5926635,19.5317036],[110.5945114,19.5295593],[110.5952794,19.5291227],[110.5991792,19.5294284],[110.6013901,19.5286564],[110.6035586,19.5294284],[110.6047976,19.5288244],[110.6070727,19.5284721],[110.6074464,19.5287434],[110.6075938,19.5315923],[110.6078632,19.5321465],[110.6086002,19.5328612],[110.6105573,19.533975],[110.6144566,19.534782],[110.6150411,19.5346229],[110.6175192,19.5331733],[110.618363,19.532972],[110.6189407,19.5329804],[110.6208838,19.5336968],[110.6232765,19.535096],[110.6238746,19.5351967],[110.6252525,19.5352269],[110.6256848,19.5356078],[110.6261284,19.5362738],[110.6267159,19.5364147],[110.6285424,19.5366563],[110.6290311,19.5368702],[110.6308624,19.5407168],[110.6315439,19.5411761],[110.6320673,19.541921],[110.6342015,19.5429669],[110.6356645,19.5458104],[110.6372678,19.5500314],[110.6364874,19.5564947],[110.6366703,19.5597688],[110.6326471,19.5604581],[110.6347501,19.5661444],[110.6304526,19.5724337],[110.6307068,19.5830954],[110.6312756,19.5952624],[110.6370468,19.6000539],[110.6385563,19.6046308],[110.6439656,19.6093668],[110.6458406,19.6156398],[110.6501724,19.6206338],[110.6504311,19.6238615],[110.6488147,19.6273327],[110.6504447,19.6304919],[110.6506897,19.6338487],[110.6492026,19.6359191],[110.650625,19.6375023],[110.6525647,19.6375632],[110.6517242,19.6409733],[110.6584482,19.6428609],[110.6618103,19.6459664],[110.6662675,19.6475692],[110.6684697,19.6498634],[110.6674352,19.6508376],[110.657931,19.6499852],[110.6558621,19.6493154],[110.6532112,19.650107],[110.6514009,19.6537603],[110.6503018,19.6540647],[110.6457759,19.6546736],[110.6432544,19.6548563],[110.6398924,19.6549171],[110.6361424,19.6541256],[110.633039,19.6557087],[110.6295476,19.6558305],[110.6254744,19.6599707],[110.6212072,19.663015],[110.6196554,19.6654503],[110.620302,19.6690424],[110.6204568,19.673015],[110.6205606,19.6756785],[110.6185563,19.6826186],[110.6175865,19.685845],[110.6212718,19.6891323],[110.6212718,19.6929674],[110.6198494,19.6982024],[110.6087935,19.6958284],[110.6047849,19.6981415],[110.6053668,19.7007589],[110.6095693,19.7038633],[110.6129228,19.7026214],[110.6162287,19.7041676],[110.620302,19.704472],[110.6234054,19.7083067],[110.6295476,19.7073328],[110.6385346,19.7087327],[110.6406036,19.7085501],[110.6427372,19.7116543],[110.6417768,19.7180099],[110.6374355,19.7204188],[110.6331036,19.721636],[110.6273493,19.7235836],[110.6245692,19.72474],[110.6192029,19.7374594],[110.6224288,19.7474404],[110.6242091,19.7500904],[110.6303881,19.752977],[110.6322633,19.7608184],[110.6349631,19.766697],[110.6360753,19.7706796],[110.6385563,19.7733374],[110.6418919,19.7751081],[110.6416353,19.7793737],[110.643084,19.7819364],[110.6476223,19.7821101],[110.649846,19.7832369],[110.6502573,19.7864061],[110.6428327,19.7853293],[110.6391122,19.7864963],[110.6398392,19.7881461],[110.6379576,19.7885485],[110.6370168,19.7875828],[110.6363325,19.7865365],[110.6349488,19.7872768],[110.6341943,19.7912042],[110.6352948,19.7926495],[110.6373993,19.7917092],[110.6409511,19.7933771],[110.6417208,19.7956304],[110.6428782,19.7960203],[110.6456929,19.8013268],[110.6502851,19.8027036],[110.6551718,19.8094104],[110.6600469,19.8102956],[110.6632115,19.8101346],[110.6660339,19.8145603],[110.6685143,19.8130314],[110.6687708,19.8121463],[110.6676247,19.8096006],[110.6714628,19.8042433],[110.6764298,19.7976264],[110.6849126,19.7982692],[110.6906915,19.8038516],[110.6972503,19.8066709],[110.700973,19.8082507],[110.701947,19.8116543],[110.6991642,19.8172176],[110.6975641,19.8288017],[110.6942248,19.8329901],[110.6967293,19.8394689],[110.7022253,19.842021],[110.7080691,19.8462745],[110.7080691,19.8511823],[110.7031297,19.8536688],[110.6984685,19.8590343],[110.6942248,19.8630911],[110.6874765,19.8636145],[110.6819805,19.8617825],[110.6758498,19.8611874],[110.6715451,19.8618479],[110.6679971,19.8702883],[110.6701537,19.8738213],[110.6739105,19.877158],[110.6753714,19.8825882],[110.6752964,19.883505]]]]}},{"type":"Feature","properties":{"name":"万宁市","shapeName":"万宁市","osm_relation_id":"2784620","source_admin_level":"6","reference_kind":"community administrative boundary; not official","snapshot_download_date":"2026-10-03","license":"ODbL-1.0","source_url":"https://www.openstreetmap.org/relation/2784620","source_division_code":"469006","utm_polygon_area_km2":2356.719},"geometry":{"type":"MultiPolygon","coordinates":[[[[110.1544526,19.0009911],[110.1566614,19.0055333],[110.159091,19.0095534],[110.1604715,19.0114851],[110.161852,19.0117983],[110.1647511,19.0070996],[110.1712016,19.003975],[110.1722602,19.0008873],[110.1740607,18.997157],[110.1761357,18.9943361],[110.1792257,18.9926306],[110.1842842,18.9922457],[110.1860387,18.9938026],[110.1880147,18.9951181],[110.1881815,18.9983004],[110.1849612,19.0045286],[110.1868641,19.0144931],[110.1955005,19.0144931],[110.1981353,19.012002],[110.1955005,19.0007917],[110.2000382,18.9966396],[110.2065456,19.0004489],[110.2108187,18.9995274],[110.2140699,19.0003901],[110.2200921,19.0002381],[110.2236633,19.0022279],[110.2248464,19.0045471],[110.2320952,18.9973316],[110.2342909,18.9888886],[110.2380968,18.9830751],[110.2419026,18.9787841],[110.2500998,18.9779536],[110.2588636,18.9822536],[110.264445,18.9839056],[110.2763156,18.9893728],[110.284722,18.9890167],[110.2927084,18.9892539],[110.2961672,18.9929715],[110.3021328,18.9980014],[110.3038329,19.0027965],[110.3070795,19.0027257],[110.3095769,19.0048842],[110.3111731,19.004661],[110.3154974,19.0007967],[110.3214359,19.001589],[110.3239355,19.0037503],[110.3377815,19.0057993],[110.3383664,19.0079885],[110.3416343,19.0085314],[110.3434213,19.0116954],[110.3424533,19.0157184],[110.3413773,19.0196584],[110.3435607,19.0245813],[110.3461838,19.0252514],[110.3522568,19.0264359],[110.3576278,19.0274144],[110.3672028,19.0310154],[110.3801498,19.0347369],[110.3934098,19.0400564],[110.4008863,19.0460204],[110.4070893,19.0501859],[110.4147033,19.0533884],[110.4227903,19.0561159],[110.4321953,19.061678],[110.4392215,19.0611246],[110.4469683,19.0622289],[110.4566406,19.0712241],[110.4610319,19.0767578],[110.4576652,19.0914212],[110.457958,19.095571],[110.4652483,19.0986329],[110.4732438,19.0986024],[110.4816714,19.0922512],[110.4867946,19.0878246],[110.490015,19.084228],[110.4938208,19.081738],[110.4977731,19.0810463],[110.5027499,19.085058],[110.5069949,19.0926661],[110.5128501,19.1006889],[110.5174387,19.1046232],[110.5178805,19.1038832],[110.5187964,19.1032693],[110.5195632,19.1022026],[110.522072,19.1016571],[110.5296837,19.1049768],[110.5343678,19.1030403],[110.5349533,19.0952943],[110.5426328,19.0899009],[110.5481081,19.0890764],[110.5533971,19.0885163],[110.6065378,19.0859697],[110.5901839,18.9450552],[110.5816964,18.9015825],[110.5816964,18.8825842],[110.5862507,18.8426218],[110.5870787,18.8234208],[110.5823175,18.8057853],[110.5756931,18.7903038],[110.5603743,18.7746248],[110.5417433,18.7658047],[110.5017901,18.7560041],[110.4953728,18.7516916],[110.4933027,18.7218935],[110.4941307,18.6997375],[110.4970332,18.6708112],[110.4959353,18.656111],[110.4949107,18.6535452],[110.4908853,18.6516729],[110.3580463,18.6326018],[110.3520448,18.6326018],[110.3469215,18.6339888],[110.3372605,18.6439754],[110.3245255,18.6439754],[110.2835394,18.6327405],[110.2589478,18.6215049],[110.2429925,18.6124881],[110.2102169,18.5806113],[110.190887,18.5884986],[110.1715659,18.5966283],[110.1662543,18.5976265],[110.1605305,18.5980605],[110.1531678,18.5992029],[110.1436569,18.6012068],[110.1421916,18.6060673],[110.1312936,18.6068485],[110.1241913,18.5991209],[110.1184463,18.5945129],[110.1140213,18.5923804],[110.1094663,18.5932369],[110.1075668,18.5942229],[110.1036833,18.5991854],[110.0976868,18.6062889],[110.0927123,18.6085359],[110.0824278,18.6109774],[110.0802763,18.6117439],[110.0732118,18.6159019],[110.0711898,18.6196479],[110.0684968,18.6245649],[110.0627138,18.6307409],[110.0544893,18.6303499],[110.0496293,18.6296119],[110.0409468,18.6299269],[110.0349733,18.6312904],[110.0274728,18.6370699],[110.0248033,18.6426734],[110.0222098,18.6501104],[110.0195618,18.6564029],[110.0180128,18.6599004],[110.0140228,18.6687639],[110.0111313,18.6748354],[110.0095063,18.6824669],[110.0100982,18.6881143],[110.0095673,18.6960029],[110.0101473,18.6982764],[110.0106835,18.7012649],[110.0123204,18.7059779],[110.0105944,18.7153503],[110.0043333,18.7218934],[110.0042113,18.7248804],[110.0008463,18.7347596],[110.0107575,18.7341613],[110.0139131,18.7351389],[110.0213972,18.7372651],[110.0266038,18.7408219],[110.0268499,18.7509333],[110.0335856,18.7560965],[110.0370069,18.7634867],[110.0421389,18.7623732],[110.0495161,18.7574126],[110.0532582,18.7605509],[110.0572141,18.7682447],[110.0603146,18.7718889],[110.0635223,18.7752819],[110.0675849,18.7751282],[110.0644533,18.7802964],[110.0653228,18.7839354],[110.0665158,18.7891982],[110.0733873,18.7919024],[110.0798268,18.7958009],[110.0823668,18.7989159],[110.0863568,18.8019849],[110.0904463,18.8073444],[110.0914078,18.8130454],[110.0887678,18.8193379],[110.0857618,18.8226604],[110.0832368,18.8261929],[110.0794908,18.8348219],[110.0778123,18.8410779],[110.0727918,18.8483734],[110.0691068,18.8528669],[110.0651628,18.8569109],[110.0583723,18.8624364],[110.0536693,18.8720113],[110.0473188,18.8804525],[110.0411196,18.8868904],[110.0445972,18.8924697],[110.0541229,18.8963321],[110.0723188,18.9020844],[110.0765763,18.9058284],[110.0824968,18.9085979],[110.0896303,18.9113199],[110.0933303,18.9132499],[110.1000978,18.9189699],[110.1020433,18.9250944],[110.1019668,18.9292279],[110.1008833,18.9382154],[110.1012092,18.9390808],[110.1038668,18.9461364],[110.1086428,18.9503229],[110.1160049,18.955476],[110.1244329,18.9576396],[110.1270817,18.9626497],[110.1324973,18.9665646],[110.1379085,18.9717824],[110.1409277,18.9722142],[110.1451398,18.9755555],[110.1455934,18.9802954],[110.1454212,18.98772],[110.1459558,18.9913595],[110.1499652,18.993988],[110.1544526,19.0009911]]]]}},{"type":"Feature","properties":{"name":"东方市","shapeName":"东方市","osm_relation_id":"2784612","source_admin_level":"6","reference_kind":"community administrative boundary; not official","snapshot_download_date":"2026-10-03","license":"ODbL-1.0","source_url":"https://www.openstreetmap.org/relation/2784612","source_division_code":"469007","utm_polygon_area_km2":2571.5341},"geometry":{"type":"MultiPolygon","coordinates":[[[[109.0042596,19.0471919],[109.0055313,19.0651854],[109.0071537,19.0686637],[109.0067959,19.0708288],[109.0039188,19.0784992],[109.009673,19.0819081],[109.0108753,19.0878736],[109.00995,19.0917489],[109.0077406,19.0944882],[109.00744,19.0976533],[109.0116717,19.1034615],[109.0160713,19.1083656],[109.0186478,19.1084874],[109.0179178,19.1159531],[109.0172307,19.118347],[109.0136236,19.1226477],[109.0121206,19.1263803],[109.0106177,19.128774],[109.005937,19.1308836],[109.0042193,19.1307214],[108.9998822,19.128774],[108.9967475,19.1293014],[108.9893186,19.1316545],[108.987515,19.1324253],[108.9871285,19.1335612],[108.9875579,19.137253],[108.9855397,19.1400522],[108.9857114,19.1421212],[108.9880732,19.1436627],[108.9918521,19.1437033],[108.9969192,19.1441901],[108.9986369,19.1467458],[109.0010417,19.149626],[109.0010417,19.1506807],[108.9945145,19.1535202],[108.9894474,19.153358],[108.9840367,19.1544938],[108.9804296,19.1573738],[108.973473,19.1652836],[108.9717983,19.1686096],[108.9700806,19.173923],[108.9666882,19.1871855],[108.9660012,19.2002441],[108.9611488,19.2056781],[108.9597746,19.2089222],[108.9582287,19.212369],[108.9546645,19.2171539],[108.9508427,19.2207221],[108.9457327,19.2221819],[108.9357702,19.2235199],[108.9290713,19.2242903],[108.9221576,19.2229523],[108.9175199,19.2205599],[108.9115683,19.2203539],[108.9074715,19.2216547],[108.9018032,19.2250607],[108.8962208,19.2304128],[108.893859,19.2314265],[108.8878042,19.2313454],[108.8841971,19.2306156],[108.8799888,19.2310616],[108.8766394,19.2327239],[108.869511,19.2373866],[108.862168,19.2419274],[108.8552973,19.2460222],[108.8500155,19.2480493],[108.8456354,19.2482925],[108.8402677,19.2504817],[108.835587,19.2581843],[108.8318511,19.2607382],[108.8292316,19.2614679],[108.8241645,19.2609004],[108.8183674,19.2584681],[108.8118402,19.2536033],[108.8020495,19.2513736],[108.7912282,19.2519817],[108.7875673,19.2505609],[108.7807768,19.2464599],[108.7764438,19.2473924],[108.7720873,19.2487849],[108.7682573,19.2509249],[108.7524592,19.2545783],[108.742105,19.2586202],[108.7335726,19.261544],[108.7291697,19.2618307],[108.7218823,19.2605694],[108.7136839,19.2614293],[108.709281,19.261974],[108.7000502,19.2645824],[108.6936737,19.2684807],[108.6892709,19.2732961],[108.6878438,19.2755891],[108.6868721,19.2770509],[108.6856042,19.2819618],[108.6839875,19.2840442],[108.6842681,19.2854011],[108.6832965,19.2874647],[108.678256,19.2908465],[108.6761912,19.2935405],[108.6735798,19.2950881],[108.6710292,19.2983552],[108.6678106,19.3037428],[108.6675677,19.3059781],[108.6656244,19.3086145],[108.6616163,19.3105058],[108.6596122,19.3161796],[108.660039,19.321101],[108.656515,19.3307931],[108.651596,19.3389302],[108.6407939,19.3510635],[108.6287158,19.3157937],[108.6097312,19.2884988],[108.6022793,19.2662242],[108.5901899,19.179431],[108.5873754,19.1440786],[108.5873754,19.1085406],[108.5941176,19.0567285],[108.6052955,19.0262038],[108.6091989,19.0176491],[108.62726,19.0033711],[108.6338612,18.9228477],[108.6304901,18.9124414],[108.5923242,18.8736217],[108.5858003,18.859969],[108.5832946,18.8499903],[108.5827892,18.8394285],[108.5850689,18.8231224],[108.5896517,18.8114613],[108.6084892,18.7844923],[108.649267,18.742252],[108.6540575,18.7292301],[108.6558981,18.7186175],[108.6993483,18.7232569],[108.7094268,18.7302644],[108.7147063,18.7314299],[108.7208788,18.7312029],[108.7275468,18.7318649],[108.7342223,18.7320729],[108.7437288,18.7321779],[108.7514442,18.7362552],[108.7639238,18.7301853],[108.770424,18.7254926],[108.7700129,18.7189647],[108.7740085,18.7173248],[108.7805505,18.7207819],[108.7845754,18.7237536],[108.7928665,18.7231645],[108.7999668,18.7204139],[108.8079988,18.7212204],[108.8157273,18.7302244],[108.8192466,18.7346545],[108.8233185,18.7390139],[108.8308722,18.7462284],[108.8410398,18.7539615],[108.8580217,18.7594315],[108.8650584,18.7632958],[108.8757982,18.7730024],[108.8840713,18.7776534],[108.8867139,18.7864605],[108.8978273,18.7863494],[108.9061888,18.7873079],[108.9130098,18.7892094],[108.933911,18.7933571],[108.9380143,18.7904262],[108.9486743,18.7927952],[108.9567461,18.7885292],[108.9635825,18.7872501],[108.9679004,18.7917576],[108.9741142,18.7912482],[108.9822112,18.7887951],[108.9831556,18.7940486],[108.9892333,18.7987213],[108.9953458,18.8066471],[109.0058675,18.8076181],[109.0103447,18.8115031],[109.0143244,18.8083245],[109.0229325,18.8075153],[109.0270445,18.8041386],[109.0419306,18.8038924],[109.047198,18.8095514],[109.0572462,18.8099314],[109.0667129,18.8096755],[109.0716455,18.8177436],[109.0718688,18.8279869],[109.0731502,18.8410493],[109.0776761,18.8464652],[109.0837215,18.8502299],[109.0865432,18.8551225],[109.0909637,18.8607735],[109.1009353,18.8617439],[109.108595,18.8600436],[109.1132128,18.8620874],[109.1187215,18.8631999],[109.1215153,18.8687401],[109.1221879,18.8787749],[109.1193234,18.8809317],[109.1162341,18.8843204],[109.1116822,18.886665],[109.1074434,18.888666],[109.1044526,18.8956183],[109.0978883,18.9012591],[109.0927927,18.9057457],[109.0871379,18.9067117],[109.0848986,18.9091644],[109.0864424,18.9204666],[109.0891188,18.9231244],[109.0936037,18.9258391],[109.0935133,18.9331209],[109.0948466,18.9421],[109.1019283,18.9480709],[109.1007069,18.9536248],[109.1050493,18.9583046],[109.1080351,18.9704939],[109.1073064,18.9841914],[109.1042672,18.9916222],[109.1061325,18.996916],[109.102739,19.0079727],[109.0931212,19.03221],[109.0878248,19.0308085],[109.0821663,19.0314913],[109.0718311,19.037564],[109.0673578,19.0355886],[109.063344,19.0364629],[109.0587556,19.0423911],[109.050021,19.0461726],[109.0433438,19.0464025],[109.0365041,19.0461579],[109.0317211,19.0424171],[109.0291283,19.0410484],[109.0236441,19.0377429],[109.0190955,19.0409026],[109.0170652,19.0401141],[109.0146073,19.0413608],[109.0128626,19.0413412],[109.012149,19.0439756],[109.0103543,19.0442947],[109.0086186,19.0467969],[109.0042596,19.0471919]]]]}},{"type":"Feature","properties":{"name":"定安县","shapeName":"定安县","osm_relation_id":"2784611","source_admin_level":"6","reference_kind":"community administrative boundary; not official","snapshot_download_date":"2026-10-03","license":"ODbL-1.0","source_url":"https://www.openstreetmap.org/relation/2784611","utm_polygon_area_km2":1184.152},"geometry":{"type":"MultiPolygon","coordinates":[[[[110.5420228,19.4701824],[110.5317613,19.4684484],[110.5236663,19.4659574],[110.5138473,19.4692669],[110.5046768,19.4707124],[110.5005263,19.4701574],[110.4938203,19.4655514],[110.4889528,19.4583589],[110.4880833,19.4544809],[110.4871673,19.4499149],[110.4843978,19.4470174],[110.4804388,19.4448469],[110.4756318,19.4459249],[110.4700468,19.4458749],[110.4585573,19.4501534],[110.4525223,19.4508074],[110.4459228,19.4491844],[110.4399338,19.4445494],[110.4374083,19.4421044],[110.4331133,19.4371889],[110.4300233,19.4324644],[110.4284208,19.4283789],[110.4265213,19.4229284],[110.4239198,19.4179574],[110.4194488,19.4151134],[110.4122468,19.4171829],[110.4086913,19.4193649],[110.4052963,19.4197024],[110.4011078,19.4175394],[110.3969118,19.4089434],[110.3953323,19.4055479],[110.3888168,19.3997839],[110.3846433,19.3980789],[110.3795168,19.3975544],[110.3724823,19.3973179],[110.3678208,19.3956299],[110.3643418,19.3934419],[110.3584288,19.3839819],[110.3583833,19.3761729],[110.3601228,19.3703729],[110.3605193,19.3682919],[110.3598328,19.3625699],[110.3568113,19.3594514],[110.3504868,19.3589629],[110.3437273,19.3596384],[110.3383788,19.3593479],[110.3321533,19.3547189],[110.3288268,19.3433359],[110.3292458,19.3412569],[110.3274993,19.3330404],[110.3244173,19.3283139],[110.3211143,19.3238239],[110.3230363,19.3168699],[110.3268433,19.3149109],[110.3308488,19.3117979],[110.3408433,19.3064274],[110.3511428,19.3031119],[110.3548963,19.3002339],[110.3568573,19.2939704],[110.3573608,19.2877504],[110.3571928,19.2829324],[110.3541338,19.2786634],[110.3489913,19.2774484],[110.3416673,19.2760694],[110.3396913,19.2747554],[110.3363268,19.2691194],[110.3349303,19.2636509],[110.3337633,19.2581729],[110.3337708,19.2517374],[110.3360138,19.2468434],[110.3402328,19.2425749],[110.3417283,19.2372419],[110.3400118,19.2299444],[110.3359833,19.2254774],[110.3308718,19.2251799],[110.3277968,19.2271154],[110.3257063,19.2299384],[110.3199918,19.2324159],[110.3114928,19.2315369],[110.3052368,19.2264499],[110.2959678,19.2175524],[110.2889173,19.2168539],[110.2870103,19.2178344],[110.2815398,19.2205334],[110.2769928,19.2220574],[110.2713468,19.2199344],[110.2666168,19.2164039],[110.2622068,19.2149374],[110.2561723,19.2155859],[110.2485963,19.2206479],[110.2436373,19.2242489],[110.2378773,19.2255784],[110.2327498,19.2243614],[110.2254333,19.2227499],[110.2205963,19.2233599],[110.2229738,19.235571],[110.2216545,19.2395867],[110.2187893,19.2473711],[110.2178937,19.2525785],[110.2236461,19.2581826],[110.2233437,19.2727639],[110.2241947,19.2824876],[110.2251128,19.2891619],[110.2260691,19.2935824],[110.2272509,19.2978446],[110.2226663,19.3056585],[110.218249,19.3040869],[110.2144964,19.3048382],[110.2139613,19.3089508],[110.2072342,19.314911],[110.2039207,19.3119214],[110.1983912,19.3127054],[110.1894608,19.3086454],[110.1833327,19.3084114],[110.1793616,19.3143148],[110.1822008,19.318575],[110.1812825,19.3199372],[110.1781069,19.3209359],[110.1768561,19.3223309],[110.173672,19.3270526],[110.1764012,19.330701],[110.1840444,19.3372849],[110.1844868,19.3407332],[110.1837841,19.3458839],[110.181031,19.3499369],[110.1840619,19.3538572],[110.178574,19.3554744],[110.1733308,19.3531264],[110.1690106,19.3553524],[110.1613833,19.3638993],[110.160822,19.3668591],[110.1622718,19.3730403],[110.1591162,19.3825216],[110.1572278,19.3851751],[110.1555662,19.3928262],[110.1590954,19.3990789],[110.1596704,19.4155459],[110.1579464,19.4285231],[110.1608733,19.4328974],[110.1671293,19.4386749],[110.1709582,19.4406531],[110.178541,19.4479078],[110.1844103,19.4542254],[110.1901447,19.4572898],[110.1993678,19.4559438],[110.2075645,19.451999],[110.215676,19.4509735],[110.2258681,19.4522334],[110.2277853,19.4616127],[110.2269363,19.4703654],[110.2259583,19.4766642],[110.2247698,19.4844454],[110.2309873,19.4886169],[110.237426,19.4920838],[110.2459413,19.4929754],[110.2510931,19.4967007],[110.2501275,19.5041754],[110.2461097,19.5119473],[110.2381505,19.5202099],[110.2281272,19.523331],[110.227536,19.5226168],[110.2226153,19.526099],[110.2196169,19.528134],[110.2143864,19.5271888],[110.210096,19.5284348],[110.2062778,19.5309117],[110.1990334,19.5334244],[110.1918233,19.5373879],[110.1910208,19.5422601],[110.1916834,19.5472897],[110.19778,19.5492439],[110.1974388,19.5511728],[110.1936802,19.553906],[110.1951162,19.5575817],[110.1967565,19.5621028],[110.1953693,19.5653005],[110.1937742,19.5712105],[110.194062,19.5729828],[110.1948705,19.5752336],[110.1947032,19.5769801],[110.1942658,19.5776126],[110.1925599,19.5782595],[110.1907448,19.5790793],[110.1889658,19.5811404],[110.1875496,19.583526],[110.1868804,19.5855312],[110.1877212,19.5895302],[110.1879532,19.5908355],[110.1861377,19.593404],[110.1850966,19.5931192],[110.1838693,19.5929642],[110.1827015,19.5934187],[110.181739,19.5938091],[110.1809966,19.5930347],[110.1801048,19.5924706],[110.1794226,19.5921136],[110.1789077,19.5920529],[110.1779407,19.5915135],[110.1773008,19.5916587],[110.1771684,19.5920554],[110.17699,19.5924693],[110.1758358,19.5927781],[110.1753776,19.5929663],[110.1754679,19.5936125],[110.1753121,19.5941685],[110.1747998,19.5942514],[110.1743183,19.594457],[110.1737352,19.5945906],[110.1719916,19.5938518],[110.170524,19.5934538],[110.1699773,19.5937587],[110.1695678,19.5941372],[110.1687519,19.5942193],[110.1680983,19.5938707],[110.1677026,19.5933589],[110.1674299,19.5928011],[110.1674453,19.5925543],[110.1673577,19.5922377],[110.1671621,19.5917329],[110.1668856,19.5915926],[110.1664022,19.5913179],[110.1655623,19.5904979],[110.1652105,19.5899791],[110.1647883,19.5892185],[110.164241,19.5889955],[110.1635586,19.5884798],[110.1632942,19.58843],[110.1629498,19.5886571],[110.1627521,19.5890797],[110.1622981,19.5893165],[110.161672,19.5892867],[110.1604762,19.5886663],[110.1597962,19.5885689],[110.1588604,19.5885832],[110.1583823,19.5883986],[110.1577503,19.5879591],[110.1572639,19.5878223],[110.1557243,19.5879295],[110.1549435,19.5875176],[110.154259,19.5866528],[110.1542839,19.5863078],[110.1545098,19.5859277],[110.1550528,19.5856534],[110.1556129,19.5855409],[110.1560673,19.5851739],[110.1562116,19.5848503],[110.1559582,19.5842536],[110.1560269,19.5836494],[110.155922,19.5829717],[110.1558478,19.5822233],[110.1556798,19.5819991],[110.1553324,19.58173],[110.1549699,19.5805818],[110.1549784,19.5802778],[110.1552362,19.5800835],[110.1559297,19.5799415],[110.1564287,19.5795327],[110.1566315,19.579016],[110.1569479,19.5786971],[110.1569342,19.5783217],[110.1566209,19.5778655],[110.1562694,19.5777438],[110.1559497,19.5776411],[110.1552591,19.5777111],[110.1538152,19.5778124],[110.1532733,19.5773833],[110.1531312,19.577236],[110.1526143,19.5771105],[110.1525387,19.5767389],[110.1525091,19.5761744],[110.1523189,19.5759204],[110.152444,19.575651],[110.1532344,19.5751304],[110.1539616,19.574627],[110.1540818,19.5743692],[110.1540073,19.5741939],[110.1534912,19.5739102],[110.1528072,19.5738409],[110.1522654,19.5738976],[110.1518648,19.5738822],[110.1513423,19.5732596],[110.1505736,19.5728696],[110.1498697,19.5727038],[110.1499183,19.5720007],[110.1500571,19.571354],[110.1499116,19.571193],[110.1494512,19.5710437],[110.1484165,19.5699204],[110.1476539,19.5699344],[110.1470693,19.5697156],[110.1468733,19.5692659],[110.1474638,19.5685997],[110.1476825,19.5681052],[110.147668,19.5672184],[110.1472659,19.5669493],[110.1463123,19.5669707],[110.1455345,19.5669489],[110.145282,19.5668568],[110.1449476,19.5666665],[110.1448737,19.5666969],[110.1447329,19.566813],[110.1441343,19.5666916],[110.1440913,19.566724],[110.1438476,19.566969],[110.1431168,19.5670064],[110.1427413,19.566975],[110.1424226,19.5666352],[110.1422799,19.566154],[110.1419523,19.5658516],[110.1414922,19.5659261],[110.1403061,19.5656653],[110.1397406,19.5643702],[110.139808,19.5635028],[110.1395827,19.5631876],[110.1384618,19.5625354],[110.138006,19.5620478],[110.1375604,19.5614541],[110.1372949,19.5608213],[110.1372949,19.5598492],[110.1372133,19.5596894],[110.136649,19.5593328],[110.1360968,19.559606],[110.1357413,19.5599694],[110.134553,19.5605293],[110.1341368,19.5610688],[110.1335117,19.5619411],[110.1319119,19.5636997],[110.1315322,19.5681054],[110.1288203,19.5705352],[110.1278123,19.5727934],[110.1292108,19.5771487],[110.1294351,19.580921],[110.1339402,19.5812432],[110.1387446,19.5826108],[110.1382321,19.5850249],[110.1390862,19.5867951],[110.1372072,19.5874389],[110.1343033,19.5868756],[110.1343887,19.5917035],[110.1325952,19.5935542],[110.1322535,19.5960485],[110.1314642,19.5961727],[110.1267874,19.5919449],[110.126275,19.5904965],[110.1237981,19.5903356],[110.1207234,19.5931518],[110.1195277,19.5956462],[110.1193569,19.5990255],[110.1216629,19.6028071],[110.124396,19.6041749],[110.1260187,19.6063472],[110.1287518,19.6063472],[110.1302037,19.6081977],[110.1319973,19.6083586],[110.1337757,19.6105259],[110.136951,19.6138295],[110.1378854,19.6198034],[110.1363817,19.6231975],[110.136524,19.6267819],[110.1356733,19.6277829],[110.1304628,19.6382789],[110.1269683,19.6496409],[110.1302488,19.6532154],[110.1348723,19.6535319],[110.1395263,19.6547659],[110.1433563,19.6601659],[110.1440428,19.6654264],[110.1476133,19.6703699],[110.1564483,19.6733129],[110.1631318,19.6698934],[110.1673583,19.6658594],[110.1645433,19.6549189],[110.1627733,19.6460149],[110.1681138,19.6387309],[110.1742708,19.6346359],[110.1817778,19.6341744],[110.1920168,19.6352384],[110.1981963,19.6318304],[110.2030563,19.6247864],[110.2091828,19.6262074],[110.2171884,19.6317297],[110.2190027,19.6342583],[110.2234571,19.6383021],[110.2255365,19.6394213],[110.2270727,19.6432073],[110.23532,19.6443109],[110.2354483,19.656697],[110.2349746,19.6611409],[110.2365319,19.6630077],[110.2396595,19.6657804],[110.2424901,19.6670125],[110.2478418,19.6674945],[110.2502407,19.6685457],[110.2536788,19.6725084],[110.2523944,19.6776347],[110.2574467,19.6857132],[110.2581365,19.6893627],[110.2574313,19.6923895],[110.257452,19.6950257],[110.2577424,19.6962168],[110.2585927,19.6967245],[110.2601068,19.6968612],[110.2616416,19.6968417],[110.2626786,19.6979547],[110.2647112,19.6990872],[110.2671171,19.698931],[110.2691911,19.6971736],[110.2705807,19.6971736],[110.2714766,19.6983796],[110.2730869,19.6994495],[110.2737029,19.7008855],[110.2779853,19.7009407],[110.2815344,19.7022662],[110.2855572,19.7021895],[110.2900405,19.7032327],[110.292123,19.702708],[110.2968161,19.7003332],[110.2999545,19.698483],[110.303181,19.6976545],[110.305127,19.6977694],[110.3094205,19.7002595],[110.3129241,19.7041808],[110.3150016,19.7092248],[110.3179347,19.7120413],[110.3205452,19.7161556],[110.3235481,19.7165915],[110.3281714,19.7177571],[110.3309872,19.7194137],[110.3328351,19.7215122],[110.3356959,19.7227117],[110.3426911,19.7194179],[110.3513884,19.7165865],[110.3537895,19.7167659],[110.3599326,19.7185391],[110.3625145,19.7189616],[110.3697881,19.7172556],[110.3722792,19.7191829],[110.3731095,19.7241493],[110.3739849,19.7297599],[110.3762508,19.7297707],[110.3787961,19.7307935],[110.3799095,19.7294092],[110.3798929,19.728993],[110.378946,19.7280473],[110.3777974,19.7270433],[110.3773018,19.7264103],[110.3774113,19.725497],[110.3781155,19.7236705],[110.3778494,19.7229782],[110.3774895,19.7213869],[110.3775539,19.7210292],[110.3803298,19.7209396],[110.3817099,19.7206231],[110.382403,19.7199438],[110.3825282,19.7185149],[110.3826378,19.7164085],[110.3831262,19.7136475],[110.3839523,19.7116804],[110.3864294,19.7106648],[110.3871228,19.7099823],[110.3872269,19.7083929],[110.3869691,19.7069368],[110.3877786,19.705725],[110.3880066,19.705669],[110.3893116,19.7053484],[110.3896473,19.7027203],[110.3890277,19.7002618],[110.3859295,19.6951781],[110.3771662,19.6903443],[110.3739795,19.6890525],[110.3743335,19.6878857],[110.375086,19.6857604],[110.3749974,19.6844685],[110.3751302,19.6826766],[110.3711469,19.6776757],[110.3703945,19.6747584],[110.3694443,19.6653553],[110.3692582,19.6617658],[110.3683585,19.6565035],[110.369288,19.6538776],[110.3689782,19.6504597],[110.3697306,19.6483289],[110.3740308,19.6467534],[110.3772547,19.6429985],[110.3769747,19.6420558],[110.3772336,19.6410063],[110.376655,19.6395886],[110.3777642,19.6392618],[110.3780013,19.6384812],[110.3775575,19.6346594],[110.3780998,19.634161],[110.3789967,19.6341436],[110.3797693,19.633601],[110.379718,19.6323916],[110.3801537,19.6311823],[110.3799377,19.6301172],[110.3802168,19.6296379],[110.381224,19.6300562],[110.3821855,19.629228],[110.3820831,19.6285379],[110.3833313,19.6283956],[110.3843714,19.6286452],[110.3853043,19.629211],[110.3860059,19.6278806],[110.386717,19.6274319],[110.3871936,19.6266859],[110.3871312,19.6263079],[110.3858444,19.625351],[110.3860526,19.6248634],[110.3877358,19.6250571],[110.387249,19.6240351],[110.3874146,19.6234673],[110.3881051,19.622452],[110.3872307,19.6215837],[110.3871788,19.620555],[110.3865431,19.6198432],[110.3869774,19.6191552],[110.3880169,19.6187076],[110.3880887,19.6181139],[110.3873804,19.6177473],[110.3872488,19.6171375],[110.3878359,19.6157262],[110.3886034,19.6147204],[110.3886118,19.6135887],[110.3899392,19.6137219],[110.3911569,19.6122156],[110.3909303,19.6108861],[110.3917663,19.6106516],[110.3926722,19.6114087],[110.3931902,19.6108472],[110.3930301,19.6097664],[110.3946996,19.6093537],[110.3955249,19.6091874],[110.3962273,19.6086203],[110.3967432,19.6084748],[110.3970358,19.6087959],[110.3983497,19.6084845],[110.3996913,19.6093759],[110.4010982,19.6100097],[110.4028229,19.6105968],[110.4037515,19.6105964],[110.4047935,19.6113798],[110.4058776,19.6107157],[110.407299,19.6111719],[110.4080113,19.6108443],[110.4095445,19.6105186],[110.4110778,19.6107274],[110.4112542,19.6116982],[110.4118278,19.6116937],[110.4121651,19.6110842],[110.4118405,19.6099225],[110.4129771,19.6090195],[110.4145864,19.6093145],[110.4146758,19.6104112],[110.4170735,19.6112554],[110.4200978,19.6087308],[110.4161587,19.6030188],[110.4146097,19.5988493],[110.4157604,19.595055],[110.4169997,19.591344],[110.4204076,19.5868406],[110.4274449,19.5840051],[110.4318708,19.5810445],[110.4342608,19.5798352],[110.4394835,19.5795433],[110.4424931,19.5777084],[110.4479038,19.5760285],[110.4513151,19.5766478],[110.4529425,19.5808349],[110.4528799,19.5837835],[110.4517532,19.5841963],[110.4523478,19.5865551],[110.4537562,19.588855],[110.4586384,19.5890319],[110.4615489,19.5885601],[110.4649289,19.5868205],[110.4674608,19.5864259],[110.4732029,19.585379],[110.4748841,19.5900515],[110.4768322,19.5936352],[110.4842678,19.5959702],[110.4852445,19.5939129],[110.4880602,19.5924059],[110.4896873,19.592155],[110.4950704,19.5881149],[110.4991949,19.5886809],[110.5014404,19.5882145],[110.5022278,19.5818804],[110.5033267,19.5793466],[110.5041264,19.5729421],[110.5049812,19.5722835],[110.5076368,19.5720349],[110.5097733,19.5710374],[110.5127868,19.5679399],[110.514572,19.5672457],[110.5154171,19.5650874],[110.5148449,19.5650121],[110.509046,19.5611164],[110.5053633,19.5607454],[110.4980163,19.5591449],[110.4925768,19.5567949],[110.4878463,19.5535029],[110.4852598,19.5489919],[110.4829788,19.5463104],[110.4769668,19.5414504],[110.4705428,19.5382139],[110.4675368,19.5355509],[110.4654998,19.5330924],[110.4643214,19.5283379],[110.4646198,19.5233015],[110.4658328,19.5183122],[110.4650626,19.5126903],[110.4673591,19.5085959],[110.4700228,19.5043229],[110.4757287,19.502095],[110.4814073,19.5040914],[110.4889068,19.5100499],[110.4955668,19.5130499],[110.5036008,19.5134774],[110.5079118,19.5119589],[110.5119703,19.5102194],[110.5207368,19.5046499],[110.5271528,19.5007649],[110.5325393,19.4957639],[110.5372163,19.4910164],[110.5405273,19.4888419],[110.5445803,19.4877156],[110.5471569,19.4796459],[110.5434038,19.4747314],[110.5420228,19.4701824]]]]}},{"type":"Feature","properties":{"name":"屯昌县","shapeName":"屯昌县","osm_relation_id":"2784619","source_admin_level":"6","reference_kind":"community administrative boundary; not official","snapshot_download_date":"2026-10-03","license":"ODbL-1.0","source_url":"https://www.openstreetmap.org/relation/2784619","source_division_code":"469022","utm_polygon_area_km2":1233.1949},"geometry":{"type":"MultiPolygon","coordinates":[[[[110.2205963,19.2233599],[110.2235183,19.2099439],[110.2213283,19.2097814],[110.2138368,19.2102449],[110.2074883,19.2086049],[110.2030488,19.2064439],[110.1978988,19.2045364],[110.1856538,19.2005499],[110.1747968,19.1951429],[110.1662368,19.1928789],[110.1591108,19.1965464],[110.1511533,19.2043744],[110.1465073,19.2100294],[110.1414338,19.2101859],[110.1376043,19.2045614],[110.1358563,19.1965714],[110.1368638,19.1905689],[110.1384123,19.1863844],[110.1385728,19.1838529],[110.1344373,19.1766264],[110.1351928,19.1701699],[110.1346513,19.1619169],[110.1287538,19.1522159],[110.1239393,19.1463909],[110.1213838,19.1425609],[110.1191633,19.1410229],[110.1156233,19.1369954],[110.1136093,19.1347599],[110.1108933,19.1347179],[110.1053773,19.1362934],[110.1022568,19.1368674],[110.0974733,19.1381914],[110.0902328,19.1386814],[110.0800398,19.1383649],[110.0736923,19.1369879],[110.0646363,19.1347944],[110.0614473,19.1337624],[110.0529403,19.1329229],[110.0467988,19.1368179],[110.0442963,19.1405774],[110.0434263,19.1431369],[110.0426713,19.1484374],[110.0393678,19.1563589],[110.0349123,19.1599619],[110.0290068,19.1636179],[110.0237198,19.1706884],[110.0224073,19.1741789],[110.0193178,19.1816309],[110.0143433,19.1843359],[110.0086138,19.1861459],[110.0028383,19.1872709],[109.9975438,19.1879214],[109.9929733,19.1890029],[109.9908373,19.1902254],[109.9732133,19.1939219],[109.9692763,19.1925524],[109.9535828,19.1905079],[109.9473038,19.1977484],[109.9469303,19.2005159],[109.9476168,19.2055379],[109.9485173,19.2100929],[109.9479828,19.2147014],[109.9443663,19.2212544],[109.9388428,19.2283344],[109.9315568,19.2340984],[109.9241563,19.2366564],[109.9173208,19.2414874],[109.9110793,19.2428569],[109.9049608,19.2414684],[109.8940278,19.2407074],[109.8901673,19.2410734],[109.8854828,19.2449079],[109.8810578,19.2496549],[109.8792268,19.2522449],[109.8729628,19.2593459],[109.8693238,19.2652074],[109.8637773,19.2720564],[109.8604888,19.2746999],[109.8562163,19.2769129],[109.8497083,19.2778284],[109.8431473,19.2775994],[109.8377683,19.2761844],[109.8324433,19.2763709],[109.8276903,19.2786009],[109.8242033,19.2823939],[109.8209913,19.2870939],[109.8161163,19.2925414],[109.8153003,19.2959329],[109.8189318,19.3054239],[109.8190688,19.3143484],[109.8203893,19.3207414],[109.8187788,19.3264884],[109.8203508,19.3337934],[109.8206633,19.3379099],[109.8162383,19.3404234],[109.8238068,19.3459529],[109.8278198,19.3494829],[109.8329468,19.3504504],[109.8392028,19.3552779],[109.8397063,19.3619139],[109.8393783,19.3658254],[109.8418738,19.3735369],[109.8451998,19.3780084],[109.8483278,19.3836324],[109.8517988,19.3855764],[109.8557813,19.3881894],[109.8640823,19.3895034],[109.8699795,19.3919655],[109.8718816,19.3899146],[109.8760121,19.3841633],[109.8806316,19.3802901],[109.8880466,19.3808786],[109.8940388,19.3865984],[109.8945524,19.3866482],[109.8991287,19.3874821],[109.9036309,19.3889172],[109.9070723,19.3913875],[109.9095474,19.3945764],[109.9051133,19.3964689],[109.9024349,19.3971081],[109.9025446,19.3986193],[109.9043997,19.3996641],[109.9080348,19.400307],[109.9099433,19.4011214],[109.9106828,19.4037153],[109.9101103,19.4062424],[109.9084438,19.4102931],[109.9072624,19.4104216],[109.9039925,19.4094923],[109.9021277,19.4090931],[109.9003571,19.4108268],[109.9003101,19.4120502],[109.9024003,19.4131216],[109.9076021,19.4129327],[109.9108975,19.4141502],[109.9111247,19.4158215],[109.9103523,19.4168072],[109.9102159,19.41895],[109.9107286,19.420719],[109.9103068,19.4264065],[109.9114812,19.428791],[109.9126243,19.4301775],[109.9143964,19.4302632],[109.9156233,19.4285492],[109.9176226,19.4272207],[109.9198037,19.4269208],[109.9261388,19.4288926],[109.9302997,19.4292252],[109.9353487,19.4276993],[109.9374798,19.428892],[109.938201,19.4299236],[109.9377524,19.4321487],[109.9349763,19.4359703],[109.9337992,19.4367766],[109.9325269,19.436648],[109.9301046,19.4353646],[109.9281696,19.435069],[109.924571,19.4360992],[109.9230287,19.4372506],[109.9220143,19.439385],[109.9222254,19.4426438],[109.9259426,19.444982],[109.9278804,19.4446435],[109.9305152,19.446825],[109.9327294,19.448174],[109.9333105,19.4508545],[109.9326679,19.4543387],[109.9347877,19.4570761],[109.9376161,19.4592163],[109.9382587,19.4606099],[109.9382908,19.4617611],[109.9363308,19.4627608],[109.9358506,19.4641157],[109.9359916,19.4652069],[109.9378088,19.4658811],[109.942562,19.4666341],[109.9438816,19.4678503],[109.9438816,19.4691226],[109.9430783,19.4702132],[109.9415039,19.4702132],[109.9391262,19.4702435],[109.933547,19.4763729],[109.9330856,19.4781801],[109.9348207,19.4806337],[109.9350224,19.4833928],[109.9345034,19.4880988],[109.9447633,19.4885919],[109.9516068,19.4904574],[109.9577028,19.4914244],[109.9620518,19.4908354],[109.9685668,19.4901809],[109.9733888,19.4891204],[109.9793778,19.4868734],[109.9849013,19.4850979],[109.9938433,19.4841444],[110.0003968,19.4844074],[110.0079728,19.4860174],[110.0162583,19.4871464],[110.0220338,19.4855959],[110.0260468,19.4824869],[110.0271833,19.4801559],[110.0280683,19.4778329],[110.0295028,19.4699784],[110.0300368,19.4649074],[110.0339813,19.4595069],[110.0414428,19.4576739],[110.0509873,19.4601419],[110.0600963,19.4642314],[110.0677873,19.4692819],[110.0693968,19.4738274],[110.0690918,19.4788894],[110.0656813,19.4854259],[110.0676728,19.4936359],[110.0763093,19.4981974],[110.0817033,19.4994104],[110.0911483,19.4993554],[110.0991288,19.4986519],[110.1076738,19.5002289],[110.1151123,19.5048259],[110.1140978,19.5103704],[110.1125183,19.5138644],[110.1087798,19.5178834],[110.1077883,19.5222434],[110.1089708,19.5218639],[110.1084213,19.5321749],[110.1060873,19.5374774],[110.1007538,19.5366439],[110.1000673,19.5394019],[110.0972673,19.5456274],[110.0988233,19.5506399],[110.1041563,19.5593759],[110.1081388,19.5622384],[110.1123198,19.5637189],[110.1167223,19.5647334],[110.1205903,19.5643844],[110.1239473,19.5633639],[110.1271133,19.5632669],[110.130887,19.5615268],[110.1317411,19.5603196],[110.1335117,19.5619411],[110.1341368,19.5610688],[110.134553,19.5605293],[110.1357413,19.5599694],[110.1360968,19.559606],[110.136649,19.5593328],[110.1372133,19.5596894],[110.1372949,19.5598492],[110.1372949,19.5608213],[110.1375604,19.5614541],[110.138006,19.5620478],[110.1384618,19.5625354],[110.1395827,19.5631876],[110.139808,19.5635028],[110.1397406,19.5643702],[110.1403061,19.5656653],[110.1414922,19.5659261],[110.1419523,19.5658516],[110.1422799,19.566154],[110.1424226,19.5666352],[110.1427413,19.566975],[110.1431168,19.5670064],[110.1438476,19.566969],[110.1440913,19.566724],[110.1441343,19.5666916],[110.1447329,19.566813],[110.1448737,19.5666969],[110.1449476,19.5666665],[110.145282,19.5668568],[110.1455345,19.5669489],[110.1463123,19.5669707],[110.1472659,19.5669493],[110.147668,19.5672184],[110.1476825,19.5681052],[110.1474638,19.5685997],[110.1468733,19.5692659],[110.1470693,19.5697156],[110.1476539,19.5699344],[110.1484165,19.5699204],[110.1494512,19.5710437],[110.1499116,19.571193],[110.1500571,19.571354],[110.1499183,19.5720007],[110.1498697,19.5727038],[110.1505736,19.5728696],[110.1513423,19.5732596],[110.1518648,19.5738822],[110.1522654,19.5738976],[110.1528072,19.5738409],[110.1534912,19.5739102],[110.1540073,19.5741939],[110.1540818,19.5743692],[110.1539616,19.574627],[110.1532344,19.5751304],[110.152444,19.575651],[110.1523189,19.5759204],[110.1525091,19.5761744],[110.1525387,19.5767389],[110.1526143,19.5771105],[110.1531312,19.577236],[110.1532733,19.5773833],[110.1538152,19.5778124],[110.1552591,19.5777111],[110.1559497,19.5776411],[110.1562694,19.5777438],[110.1566209,19.5778655],[110.1569342,19.5783217],[110.1569479,19.5786971],[110.1566315,19.579016],[110.1564287,19.5795327],[110.1559297,19.5799415],[110.1552362,19.5800835],[110.1549784,19.5802778],[110.1549699,19.5805818],[110.1553324,19.58173],[110.1556798,19.5819991],[110.1558478,19.5822233],[110.155922,19.5829717],[110.1560269,19.5836494],[110.1559582,19.5842536],[110.1562116,19.5848503],[110.1560673,19.5851739],[110.1556129,19.5855409],[110.1550528,19.5856534],[110.1545098,19.5859277],[110.1542839,19.5863078],[110.154259,19.5866528],[110.1549435,19.5875176],[110.1557243,19.5879295],[110.1572639,19.5878223],[110.1577503,19.5879591],[110.1583823,19.5883986],[110.1588604,19.5885832],[110.1597962,19.5885689],[110.1604762,19.5886663],[110.161672,19.5892867],[110.1622981,19.5893165],[110.1627521,19.5890797],[110.1629498,19.5886571],[110.1632942,19.58843],[110.1635586,19.5884798],[110.164241,19.5889955],[110.1647883,19.5892185],[110.1652105,19.5899791],[110.1655623,19.5904979],[110.1664022,19.5913179],[110.1668856,19.5915926],[110.1671621,19.5917329],[110.1673577,19.5922377],[110.1674453,19.5925543],[110.1674299,19.5928011],[110.1677026,19.5933589],[110.1680983,19.5938707],[110.1687519,19.5942193],[110.1695678,19.5941372],[110.1699773,19.5937587],[110.170524,19.5934538],[110.1719916,19.5938518],[110.1737352,19.5945906],[110.1743183,19.594457],[110.1747998,19.5942514],[110.1753121,19.5941685],[110.1754679,19.5936125],[110.1753776,19.5929663],[110.1758358,19.5927781],[110.17699,19.5924693],[110.1771684,19.5920554],[110.1773008,19.5916587],[110.1779407,19.5915135],[110.1789077,19.5920529],[110.1794226,19.5921136],[110.1801048,19.5924706],[110.1809966,19.5930347],[110.181739,19.5938091],[110.1827015,19.5934187],[110.1838693,19.5929642],[110.1850966,19.5931192],[110.1861377,19.593404],[110.1879532,19.5908355],[110.1877212,19.5895302],[110.1868804,19.5855312],[110.1875496,19.583526],[110.1889658,19.5811404],[110.1907448,19.5790793],[110.1925599,19.5782595],[110.1942658,19.5776126],[110.1947032,19.5769801],[110.1948705,19.5752336],[110.194062,19.5729828],[110.1937742,19.5712105],[110.1953693,19.5653005],[110.1967565,19.5621028],[110.1951162,19.5575817],[110.1936802,19.553906],[110.1974388,19.5511728],[110.19778,19.5492439],[110.1916834,19.5472897],[110.1910208,19.5422601],[110.1918233,19.5373879],[110.1990334,19.5334244],[110.2062778,19.5309117],[110.210096,19.5284348],[110.2143864,19.5271888],[110.2196169,19.528134],[110.2226153,19.526099],[110.227536,19.5226168],[110.2281272,19.523331],[110.2381505,19.5202099],[110.2461097,19.5119473],[110.2501275,19.5041754],[110.2510931,19.4967007],[110.2459413,19.4929754],[110.237426,19.4920838],[110.2309873,19.4886169],[110.2247698,19.4844454],[110.2259583,19.4766642],[110.2269363,19.4703654],[110.2277853,19.4616127],[110.2258681,19.4522334],[110.215676,19.4509735],[110.2075645,19.451999],[110.1993678,19.4559438],[110.1901447,19.4572898],[110.1844103,19.4542254],[110.178541,19.4479078],[110.1709582,19.4406531],[110.1671293,19.4386749],[110.1608733,19.4328974],[110.1579464,19.4285231],[110.1596704,19.4155459],[110.1590954,19.3990789],[110.1555662,19.3928262],[110.1572278,19.3851751],[110.1591162,19.3825216],[110.1622718,19.3730403],[110.160822,19.3668591],[110.1613833,19.3638993],[110.1690106,19.3553524],[110.1733308,19.3531264],[110.178574,19.3554744],[110.1840619,19.3538572],[110.181031,19.3499369],[110.1837841,19.3458839],[110.1844868,19.3407332],[110.1840444,19.3372849],[110.1764012,19.330701],[110.173672,19.3270526],[110.1768561,19.3223309],[110.1781069,19.3209359],[110.1812825,19.3199372],[110.1822008,19.318575],[110.1793616,19.3143148],[110.1833327,19.3084114],[110.1894608,19.3086454],[110.1983912,19.3127054],[110.2039207,19.3119214],[110.2072342,19.314911],[110.2139613,19.3089508],[110.2144964,19.3048382],[110.218249,19.3040869],[110.2226663,19.3056585],[110.2272509,19.2978446],[110.2260691,19.2935824],[110.2251128,19.2891619],[110.2241947,19.2824876],[110.2233437,19.2727639],[110.2236461,19.2581826],[110.2178937,19.2525785],[110.2187893,19.2473711],[110.2216545,19.2395867],[110.2229738,19.235571],[110.2205963,19.2233599]]]]}},{"type":"Feature","properties":{"name":"澄迈县","shapeName":"澄迈县","osm_relation_id":"2784609","source_admin_level":"6","reference_kind":"community administrative boundary; not official","snapshot_download_date":"2026-10-03","license":"ODbL-1.0","source_url":"https://www.openstreetmap.org/relation/2784609","source_division_code":"469023","utm_polygon_area_km2":2157.4056},"geometry":{"type":"MultiPolygon","coordinates":[[[[110.1030823,20.0275618],[110.1244809,20.0025735],[110.1315206,19.9955645],[110.1302356,19.9918367],[110.1296769,19.9857461],[110.1344259,19.9851948],[110.1351478,19.9846946],[110.1372811,19.9816872],[110.1401256,19.9783456],[110.142496,19.978457],[110.1437602,19.9790882],[110.1492122,19.9781228],[110.1521357,19.9780114],[110.1537555,19.9785312],[110.1549965,19.9801962],[110.1582475,19.9787943],[110.1593949,19.9706706],[110.1591207,19.9700331],[110.1579415,19.9672915],[110.1603893,19.9619712],[110.1555702,19.9613241],[110.1545376,19.9603535],[110.1541551,19.9573338],[110.1556467,19.9523367],[110.1534666,19.95133],[110.1501774,19.9436723],[110.1487916,19.9403984],[110.1479783,19.938477],[110.1480356,19.9369669],[110.1487814,19.9359422],[110.1499097,19.9359782],[110.1518985,19.9343063],[110.1544802,19.933695],[110.1559718,19.933731],[110.1567176,19.9343782],[110.1568132,19.935349],[110.1574825,19.935331],[110.1606188,19.9336051],[110.161747,19.9326703],[110.1616897,19.9318973],[110.1600642,19.9324186],[110.1568706,19.9328321],[110.1558762,19.9326343],[110.1555702,19.9321849],[110.1536013,19.9322894],[110.1526252,19.931322],[110.152587,19.9307467],[110.1530842,19.9298837],[110.1575208,19.9276544],[110.158477,19.9256768],[110.1585917,19.9225126],[110.1576355,19.9230519],[110.1561822,19.9270432],[110.1512866,19.9295601],[110.1499097,19.9316815],[110.1474917,19.9328528],[110.1475201,19.928982],[110.1447089,19.9283413],[110.1433743,19.9260455],[110.1394841,19.9260188],[110.1388026,19.9288219],[110.1362753,19.9294625],[110.1336913,19.9256451],[110.1332591,19.9200629],[110.1364717,19.9159098],[110.1392025,19.9126627],[110.1434592,19.9096421],[110.1498041,19.9091135],[110.1514908,19.904658],[110.1437001,19.9014107],[110.1392828,19.8976347],[110.1382523,19.8918609],[110.1416119,19.8894027],[110.1499648,19.8857775],[110.14876,19.8724087],[110.1513301,19.867499],[110.142656,19.8683298],[110.138078,19.866517],[110.1339723,19.8649559],[110.1346245,19.8619848],[110.1359898,19.85851],[110.1416923,19.8579812],[110.1539613,19.8660604],[110.1582373,19.8679522],[110.1708469,19.8619848],[110.1813682,19.8662904],[110.185625,19.8600963],[110.1853037,19.8546574],[110.1746217,19.8551862],[110.170365,19.851258],[110.1706773,19.8471014],[110.1845398,19.8470499],[110.1922228,19.8447039],[110.1974868,19.8429049],[110.1996078,19.8412209],[110.2003199,19.837313],[110.2009963,19.8336009],[110.2008283,19.8297079],[110.2008438,19.8239744],[110.2000883,19.8178099],[110.1993868,19.8125609],[110.1996918,19.8081914],[110.1998673,19.8010749],[110.2003938,19.7960089],[110.2016298,19.7906874],[110.2058067,19.7861957],[110.2067705,19.7807543],[110.2124729,19.7780335],[110.2206651,19.7736499],[110.2192997,19.7628416],[110.2206573,19.7574179],[110.224199,19.7558121],[110.224199,19.7539223],[110.2191391,19.7531664],[110.2173722,19.7478751],[110.210706,19.7448514],[110.2105453,19.7380478],[110.2075736,19.7357799],[110.2066098,19.7323023],[110.2033169,19.7272371],[110.2032366,19.7227765],[110.2047626,19.718467],[110.2098225,19.7170305],[110.2178541,19.7174841],[110.2177737,19.7149135],[110.2213076,19.7091672],[110.2172115,19.7003205],[110.2168903,19.6931369],[110.2132761,19.6894316],[110.2142028,19.6844864],[110.2198797,19.6803665],[110.2231061,19.6803113],[110.2327855,19.6854482],[110.2475686,19.6876575],[110.2581365,19.6893627],[110.2574467,19.6857132],[110.2523944,19.6776347],[110.2536788,19.6725084],[110.2502407,19.6685457],[110.2478418,19.6674945],[110.2424901,19.6670125],[110.2396595,19.6657804],[110.2365319,19.6630077],[110.2349746,19.6611409],[110.2354483,19.656697],[110.23532,19.6443109],[110.2270727,19.6432073],[110.2255365,19.6394213],[110.2234571,19.6383021],[110.2190027,19.6342583],[110.2171884,19.6317297],[110.2091828,19.6262074],[110.2030563,19.6247864],[110.1981963,19.6318304],[110.1920168,19.6352384],[110.1817778,19.6341744],[110.1742708,19.6346359],[110.1681138,19.6387309],[110.1627733,19.6460149],[110.1645433,19.6549189],[110.1673583,19.6658594],[110.1631318,19.6698934],[110.1564483,19.6733129],[110.1476133,19.6703699],[110.1440428,19.6654264],[110.1433563,19.6601659],[110.1395263,19.6547659],[110.1348723,19.6535319],[110.1302488,19.6532154],[110.1269683,19.6496409],[110.1304628,19.6382789],[110.1356733,19.6277829],[110.136524,19.6267819],[110.1363817,19.6231975],[110.1378854,19.6198034],[110.136951,19.6138295],[110.1337757,19.6105259],[110.1319973,19.6083586],[110.1302037,19.6081977],[110.1287518,19.6063472],[110.1260187,19.6063472],[110.124396,19.6041749],[110.1216629,19.6028071],[110.1193569,19.5990255],[110.1195277,19.5956462],[110.1207234,19.5931518],[110.1237981,19.5903356],[110.126275,19.5904965],[110.1267874,19.5919449],[110.1314642,19.5961727],[110.1322535,19.5960485],[110.1325952,19.5935542],[110.1343887,19.5917035],[110.1343033,19.5868756],[110.1372072,19.5874389],[110.1390862,19.5867951],[110.1382321,19.5850249],[110.1387446,19.5826108],[110.1339402,19.5812432],[110.1294351,19.580921],[110.1292108,19.5771487],[110.1278123,19.5727934],[110.1288203,19.5705352],[110.1315322,19.5681054],[110.1319119,19.5636997],[110.1335117,19.5619411],[110.1317411,19.5603196],[110.130887,19.5615268],[110.1271133,19.5632669],[110.1239473,19.5633639],[110.1205903,19.5643844],[110.1167223,19.5647334],[110.1123198,19.5637189],[110.1081388,19.5622384],[110.1041563,19.5593759],[110.0988233,19.5506399],[110.0972673,19.5456274],[110.1000673,19.5394019],[110.1007538,19.5366439],[110.1060873,19.5374774],[110.1084213,19.5321749],[110.1089708,19.5218639],[110.1077883,19.5222434],[110.1087798,19.5178834],[110.1125183,19.5138644],[110.1140978,19.5103704],[110.1151123,19.5048259],[110.1076738,19.5002289],[110.0991288,19.4986519],[110.0911483,19.4993554],[110.0817033,19.4994104],[110.0763093,19.4981974],[110.0676728,19.4936359],[110.0656813,19.4854259],[110.0690918,19.4788894],[110.0693968,19.4738274],[110.0677873,19.4692819],[110.0600963,19.4642314],[110.0509873,19.4601419],[110.0414428,19.4576739],[110.0339813,19.4595069],[110.0300368,19.4649074],[110.0295028,19.4699784],[110.0280683,19.4778329],[110.0271833,19.4801559],[110.0260468,19.4824869],[110.0220338,19.4855959],[110.0162583,19.4871464],[110.0079728,19.4860174],[110.0003968,19.4844074],[109.9938433,19.4841444],[109.9849013,19.4850979],[109.9793778,19.4868734],[109.9733888,19.4891204],[109.9685668,19.4901809],[109.9620518,19.4908354],[109.9577028,19.4914244],[109.9516068,19.4904574],[109.9447633,19.4885919],[109.9345034,19.4880988],[109.9350224,19.4833928],[109.9348207,19.4806337],[109.9330856,19.4781801],[109.933547,19.4763729],[109.9391262,19.4702435],[109.9415039,19.4702132],[109.9430783,19.4702132],[109.9438816,19.4691226],[109.9438816,19.4678503],[109.942562,19.4666341],[109.9378088,19.4658811],[109.9359916,19.4652069],[109.9358506,19.4641157],[109.9363308,19.4627608],[109.9382908,19.4617611],[109.9382587,19.4606099],[109.9376161,19.4592163],[109.9347877,19.4570761],[109.9326679,19.4543387],[109.9333105,19.4508545],[109.9327294,19.448174],[109.9305152,19.446825],[109.9278804,19.4446435],[109.9259426,19.444982],[109.9222254,19.4426438],[109.9220143,19.439385],[109.9230287,19.4372506],[109.924571,19.4360992],[109.9281696,19.435069],[109.9301046,19.4353646],[109.9325269,19.436648],[109.9337992,19.4367766],[109.9349763,19.4359703],[109.9377524,19.4321487],[109.938201,19.4299236],[109.9374798,19.428892],[109.9353487,19.4276993],[109.9302997,19.4292252],[109.9261388,19.4288926],[109.9198037,19.4269208],[109.9176226,19.4272207],[109.9156233,19.4285492],[109.9143964,19.4302632],[109.9126243,19.4301775],[109.9114812,19.428791],[109.9103068,19.4264065],[109.9107286,19.420719],[109.9102159,19.41895],[109.9103523,19.4168072],[109.9111247,19.4158215],[109.9108975,19.4141502],[109.9076021,19.4129327],[109.9024003,19.4131216],[109.9003101,19.4120502],[109.9003571,19.4108268],[109.9021277,19.4090931],[109.9039925,19.4094923],[109.9072624,19.4104216],[109.9084438,19.4102931],[109.9101103,19.4062424],[109.9106828,19.4037153],[109.9099433,19.4011214],[109.9080348,19.400307],[109.9043997,19.3996641],[109.9025446,19.3986193],[109.9024349,19.3971081],[109.9051133,19.3964689],[109.9095474,19.3945764],[109.9070723,19.3913875],[109.9036309,19.3889172],[109.8991287,19.3874821],[109.8945524,19.3866482],[109.8940388,19.3865984],[109.8880466,19.3808786],[109.8806316,19.3802901],[109.8760121,19.3841633],[109.8718816,19.3899146],[109.8699795,19.3919655],[109.8682794,19.3950114],[109.8636701,19.3958165],[109.8639678,19.3970584],[109.8654758,19.4037273],[109.8619203,19.4098251],[109.8593833,19.4126929],[109.8557319,19.4119988],[109.8535314,19.4138046],[109.8536406,19.4149371],[109.857439,19.4185195],[109.8573517,19.4198876],[109.8552198,19.4216188],[109.8532853,19.4219602],[109.8519762,19.421498],[109.8501913,19.4192004],[109.8509946,19.417473],[109.8505678,19.4160239],[109.8515595,19.4152364],[109.8492099,19.4113301],[109.8471334,19.4096774],[109.8359408,19.4056166],[109.8352036,19.4035053],[109.835673,19.4011705],[109.8365693,19.3999629],[109.8405463,19.3990637],[109.8443868,19.3965819],[109.8469401,19.3938842],[109.8488607,19.3933206],[109.850269,19.3916298],[109.8479644,19.3904221],[109.8462573,19.3903818],[109.8446814,19.3911084],[109.8420321,19.3903013],[109.8420321,19.3884092],[109.8415572,19.3871992],[109.8390446,19.386356],[109.8372384,19.3883217],[109.8357584,19.3909454],[109.8335818,19.3915493],[109.8325148,19.3926362],[109.8281821,19.3949472],[109.8272227,19.3964606],[109.8249607,19.3979501],[109.8202712,19.3969515],[109.813288,19.3920155],[109.8084367,19.391269],[109.8048165,19.3911467],[109.8018568,19.3883154],[109.8009754,19.386517],[109.7974758,19.3846651],[109.7949151,19.3849872],[109.7919637,19.3843424],[109.7891108,19.382008],[109.7885322,19.3772485],[109.7889828,19.3764521],[109.7888547,19.3756468],[109.7879935,19.3746847],[109.7854405,19.3749221],[109.7830931,19.3756871],[109.7832639,19.3776599],[109.7824957,19.3791898],[109.7785094,19.3805096],[109.7758519,19.379993],[109.7684624,19.3883304],[109.7711743,19.3928512],[109.7672168,19.3973462],[109.7675237,19.3980915],[109.7643963,19.4013029],[109.7584993,19.4019659],[109.7529622,19.4036663],[109.7496009,19.4031398],[109.7480541,19.4034248],[109.7450139,19.4029388],[109.7414816,19.4036663],[109.7379533,19.4064484],[109.7372138,19.4076917],[109.7316229,19.4103081],[109.7314003,19.4108646],[109.7355878,19.4150874],[109.7378693,19.4175319],[109.7356108,19.4232789],[109.7380678,19.4225694],[109.7445833,19.4218864],[109.7496338,19.4267599],[109.7509613,19.4299239],[109.7488633,19.4382529],[109.7446138,19.4411504],[109.7389063,19.4443319],[109.7361603,19.4483279],[109.7358628,19.4529264],[109.7375333,19.4583739],[109.7407838,19.4672069],[109.7393868,19.4750539],[109.7332228,19.4787064],[109.7291183,19.4793079],[109.7262268,19.4798659],[109.7220993,19.4859734],[109.7212068,19.4878389],[109.7214045,19.4929685],[109.7215423,19.4965419],[109.7235413,19.5042724],[109.7285308,19.5077704],[109.7356413,19.5095899],[109.7404783,19.5153864],[109.7443468,19.5214469],[109.7526289,19.5276625],[109.7566544,19.5343998],[109.7541558,19.5384551],[109.7434676,19.5396978],[109.734445,19.5480043],[109.7370824,19.5516669],[109.743537,19.5529095],[109.7459661,19.5580108],[109.7479788,19.5550024],[109.7552663,19.5557872],[109.7540864,19.5605614],[109.7558909,19.5727792],[109.7652075,19.5800423],[109.7689638,19.5817047],[109.7713437,19.5846604],[109.7721009,19.5888391],[109.7741563,19.5928138],[109.7772935,19.5972979],[109.7805388,19.6049411],[109.7806013,19.6101034],[109.7864073,19.6096724],[109.7896578,19.6058904],[109.7950973,19.6022624],[109.8006513,19.6013814],[109.8062668,19.6021004],[109.8127523,19.6004999],[109.8151323,19.5992699],[109.8207473,19.5999909],[109.8284615,19.6046354],[109.8271634,19.6090173],[109.8195038,19.6114999],[109.8165968,19.6116049],[109.8125228,19.6131209],[109.8096083,19.6191859],[109.8110198,19.6241819],[109.8145598,19.6277314],[109.8210373,19.6320894],[109.8223493,19.6343404],[109.8236083,19.6416339],[109.8264468,19.6458914],[109.8331833,19.6502454],[109.8392868,19.6514089],[109.8427123,19.6517484],[109.8486478,19.6545219],[109.8505403,19.6592714],[109.8507538,19.6647684],[109.8524628,19.6711309],[109.8576601,19.679972],[109.8575519,19.6866946],[109.8582009,19.6932131],[109.8599318,19.7011573],[109.8647998,19.7073697],[109.8704349,19.7134214],[109.8747609,19.7185446],[109.8786594,19.7248299],[109.8804754,19.7339397],[109.8807349,19.7403544],[109.8821844,19.7460366],[109.8804855,19.7586895],[109.8864353,19.7601148],[109.8895529,19.7713853],[109.8929186,19.7782956],[109.8909298,19.7869331],[109.8843513,19.7919714],[109.8822095,19.7944185],[109.8777729,19.795858],[109.8731833,19.7975853],[109.8710415,19.7997444],[109.8707356,19.803343],[109.8713475,19.8070853],[109.8734893,19.8118351],[109.8738499,19.8164753],[109.8817469,19.8208514],[109.8796915,19.8276698],[109.8692057,19.8321281],[109.8704296,19.8397553],[109.8794558,19.8413383],[109.8802207,19.855872],[109.8693587,19.8560159],[109.8669109,19.8614836],[109.8638512,19.8617714],[109.8569668,19.8616275],[109.8483996,19.8706921],[109.8399853,19.8729941],[109.8474816,19.8809071],[109.842892,19.8944302],[109.8508473,19.8939986],[109.8577317,19.9010474],[109.8600265,19.8924162],[109.8754273,19.8875124],[109.8812868,19.8944169],[109.8827208,19.8996409],[109.8846513,19.9053059],[109.8849868,19.9137804],[109.8847428,19.9195214],[109.8861199,19.9248042],[109.8794098,19.9263594],[109.8780065,19.9266348],[109.8734931,19.9276156],[109.8693625,19.9362808],[109.851409,19.9862486],[109.8971673,19.9958378],[109.9249844,19.9971394],[109.9432214,19.9967055],[109.9612275,19.9950786],[109.9778485,19.9892213],[109.993777,19.9814112],[110.0069353,19.9823875],[110.0393693,19.9924754],[110.1030823,20.0275618]]]]}},{"type":"Feature","properties":{"name":"临高县","shapeName":"临高县","osm_relation_id":"2784615","source_admin_level":"6","reference_kind":"community administrative boundary; not official","snapshot_download_date":"2026-10-03","license":"ODbL-1.0","source_url":"https://www.openstreetmap.org/relation/2784615","utm_polygon_area_km2":1393.6963},"geometry":{"type":"MultiPolygon","coordinates":[[[[109.7652075,19.5800423],[109.7689638,19.5817047],[109.7713437,19.5846604],[109.7721009,19.5888391],[109.7741563,19.5928138],[109.7772935,19.5972979],[109.7805388,19.6049411],[109.7806013,19.6101034],[109.7864073,19.6096724],[109.7896578,19.6058904],[109.7950973,19.6022624],[109.8006513,19.6013814],[109.8062668,19.6021004],[109.8127523,19.6004999],[109.8151323,19.5992699],[109.8207473,19.5999909],[109.8284615,19.6046354],[109.8271634,19.6090173],[109.8195038,19.6114999],[109.8165968,19.6116049],[109.8125228,19.6131209],[109.8096083,19.6191859],[109.8110198,19.6241819],[109.8145598,19.6277314],[109.8210373,19.6320894],[109.8223493,19.6343404],[109.8236083,19.6416339],[109.8264468,19.6458914],[109.8331833,19.6502454],[109.8392868,19.6514089],[109.8427123,19.6517484],[109.8486478,19.6545219],[109.8505403,19.6592714],[109.8507538,19.6647684],[109.8524628,19.6711309],[109.8576601,19.679972],[109.8575519,19.6866946],[109.8582009,19.6932131],[109.8599318,19.7011573],[109.8647998,19.7073697],[109.8704349,19.7134214],[109.8747609,19.7185446],[109.8786594,19.7248299],[109.8804754,19.7339397],[109.8807349,19.7403544],[109.8821844,19.7460366],[109.8804855,19.7586895],[109.8864353,19.7601148],[109.8895529,19.7713853],[109.8929186,19.7782956],[109.8909298,19.7869331],[109.8843513,19.7919714],[109.8822095,19.7944185],[109.8777729,19.795858],[109.8731833,19.7975853],[109.8710415,19.7997444],[109.8707356,19.803343],[109.8713475,19.8070853],[109.8734893,19.8118351],[109.8738499,19.8164753],[109.8817469,19.8208514],[109.8796915,19.8276698],[109.8692057,19.8321281],[109.8704296,19.8397553],[109.8794558,19.8413383],[109.8802207,19.855872],[109.8693587,19.8560159],[109.8669109,19.8614836],[109.8638512,19.8617714],[109.8569668,19.8616275],[109.8483996,19.8706921],[109.8399853,19.8729941],[109.8474816,19.8809071],[109.842892,19.8944302],[109.8508473,19.8939986],[109.8577317,19.9010474],[109.8600265,19.8924162],[109.8754273,19.8875124],[109.8812868,19.8944169],[109.8827208,19.8996409],[109.8846513,19.9053059],[109.8849868,19.9137804],[109.8847428,19.9195214],[109.8861199,19.9248042],[109.8794098,19.9263594],[109.8780065,19.9266348],[109.8734931,19.9276156],[109.8693625,19.9362808],[109.851409,19.9862486],[109.83747,19.9918265],[109.8316566,19.9949894],[109.8253076,19.9962832],[109.815899,19.996427],[109.810162,19.9948456],[109.7896618,19.9824813],[109.7849957,19.9803966],[109.776505,19.980109],[109.7641896,19.981403],[109.7576877,19.983344],[109.7447603,19.9949894],[109.731527,20.0106589],[109.7212769,20.0171994],[109.714928,20.0193556],[109.7073551,20.0193556],[109.6906031,20.0151151],[109.6831833,20.0151151],[109.6741571,20.0166245],[109.6671197,20.0169838],[109.6596999,20.0156901],[109.6546513,20.0136777],[109.6453957,20.004765],[109.6296381,19.9972896],[109.6164813,19.9968583],[109.5814474,19.9901732],[109.5762458,19.9878728],[109.5668372,19.9818343],[109.5503912,19.9662338],[109.5227771,19.9450232],[109.5171931,19.9361786],[109.5071179,19.9052303],[109.494785,19.8755588],[109.5300661,19.8662301],[109.5327477,19.8702037],[109.5363416,19.8699908],[109.5398496,19.8636431],[109.5519748,19.8604369],[109.5605388,19.8568394],[109.5625641,19.8522373],[109.5646898,19.8376484],[109.5657728,19.8341699],[109.5662763,19.8281919],[109.5661013,19.8171884],[109.5654833,19.8137704],[109.5649408,19.8059904],[109.5652008,19.8000184],[109.5660173,19.7958639],[109.5667179,19.7928593],[109.5676878,19.7886999],[109.5693433,19.7813034],[109.5720368,19.7754804],[109.5760268,19.7716769],[109.5808558,19.7710569],[109.5869058,19.7701644],[109.5918883,19.7670174],[109.5958708,19.7567884],[109.5955503,19.7485449],[109.5933988,19.7431124],[109.5904923,19.7370184],[109.5895078,19.7301714],[109.5886918,19.7217139],[109.5866773,19.7197169],[109.5818403,19.7203389],[109.5786588,19.7197589],[109.5773473,19.7172794],[109.5762408,19.7140924],[109.5711235,19.7063714],[109.5611462,19.7068186],[109.5541146,19.712007],[109.5536395,19.6999304],[109.55573,19.6916104],[109.5639019,19.6916104],[109.5704584,19.678369],[109.5681778,19.6679899],[109.5797705,19.6606526],[109.5838163,19.6514704],[109.5829698,19.6482869],[109.5792004,19.6397124],[109.5821528,19.638322],[109.5833813,19.6377435],[109.5959242,19.6427552],[109.5986173,19.6383559],[109.6012263,19.6368904],[109.607555,19.6312998],[109.6136364,19.6315683],[109.6198128,19.6329107],[109.6245639,19.6336267],[109.6277946,19.6337162],[109.6303602,19.6341637],[109.6352063,19.6346112],[109.6386413,19.6308079],[109.6419528,19.6282568],[109.6424279,19.6314788],[109.6449935,19.6325527],[109.6484143,19.6295098],[109.6570613,19.6306733],[109.6698892,19.6308523],[109.6590567,19.6274513],[109.6550658,19.6203806],[109.655636,19.6142047],[109.6600069,19.6115194],[109.6596269,19.608118],[109.6611472,19.604448],[109.660292,19.6023892],[109.6624775,19.5997932],[109.6633327,19.6057012],[109.6676087,19.5997037],[109.6659933,19.5978239],[109.6693191,19.5975553],[109.6693191,19.595944],[109.6722172,19.5948698],[109.6716471,19.5911099],[109.6731199,19.590349],[109.6727874,19.5929004],[109.6739276,19.5942879],[109.6701268,19.6002856],[109.6741652,19.5993904],[109.6771584,19.597063],[109.6777285,19.594825],[109.6795339,19.5956307],[109.6788212,19.5922737],[109.6799615,19.5914233],[109.6796289,19.5900805],[109.6808167,19.5896776],[109.6807692,19.5928556],[109.6823845,19.5926318],[109.6839999,19.5889167],[109.6848076,19.5889614],[109.6877533,19.5863653],[109.688656,19.5874843],[109.6848551,19.5908414],[109.68438,19.5925423],[109.6857103,19.5936165],[109.6868506,19.5933032],[109.686803,19.5903938],[109.6893848,19.590527],[109.6915659,19.5905298],[109.6974406,19.5891386],[109.6966529,19.587682],[109.6973873,19.5858426],[109.6990575,19.5848145],[109.6991826,19.5833663],[109.7015499,19.5826086],[109.7024341,19.5811281],[109.7050947,19.5794271],[109.710606,19.5848881],[109.719348,19.5888719],[109.724099,19.5875291],[109.7278524,19.58641],[109.7295153,19.5843958],[109.7318433,19.5845748],[109.7333637,19.5851567],[109.7340479,19.5854624],[109.7324353,19.5864753],[109.7313939,19.5872982],[109.7294286,19.5894188],[109.7287903,19.5895296],[109.7272449,19.5889915],[109.7278832,19.5896087],[109.7290086,19.5900044],[109.729143,19.591033],[109.7294958,19.5899727],[109.7306548,19.5889282],[109.7314107,19.5877888],[109.7345854,19.5856998],[109.7352573,19.5853833],[109.7365507,19.5860322],[109.7369707,19.5869817],[109.7378778,19.5878679],[109.7375586,19.5887225],[109.7357781,19.5890865],[109.7357613,19.5893397],[109.7381297,19.5889124],[109.7393224,19.5893872],[109.7394903,19.5905108],[109.7404814,19.5923307],[109.7412709,19.5925522],[109.741842,19.5916502],[109.7410189,19.5910805],[109.7410189,19.5900677],[109.7404646,19.5892447],[109.7382809,19.5873932],[109.7380289,19.5867127],[109.737525,19.5846237],[109.737357,19.5843072],[109.7360468,19.5846553],[109.7343839,19.5840065],[109.7322338,19.5839115],[109.7323659,19.5834557],[109.7345989,19.5803223],[109.7370547,19.5786495],[109.7408173,19.5779532],[109.7451175,19.5761806],[109.7502912,19.5762439],[109.751971,19.5754209],[109.7578342,19.5798416],[109.7652075,19.5800423]]]]}},{"type":"Feature","properties":{"name":"白沙黎族自治县","shapeName":"白沙黎族自治县","osm_relation_id":"2784606","source_admin_level":"6","reference_kind":"community administrative boundary; not official","snapshot_download_date":"2026-10-03","license":"ODbL-1.0","source_url":"https://www.openstreetmap.org/relation/2784606","source_division_code":"469025","utm_polygon_area_km2":2139.8153},"geometry":{"type":"MultiPolygon","coordinates":[[[[109.2897413,18.9542274],[109.2820663,18.9562679],[109.2770768,18.9591579],[109.2769623,18.9635259],[109.2748338,18.9730014],[109.2743528,18.9812849],[109.2796098,18.9871214],[109.2812273,18.9930494],[109.2795868,19.0027429],[109.2775423,19.0069314],[109.2743608,19.0136774],[109.2744523,19.0166624],[109.2753678,19.0230714],[109.2753603,19.0308819],[109.2701873,19.0438844],[109.2718733,19.0518839],[109.2706908,19.0606424],[109.2666703,19.0637339],[109.2620698,19.0636234],[109.2526018,19.0624964],[109.2433473,19.0689394],[109.2359773,19.0732689],[109.2260893,19.0742149],[109.2215118,19.0747929],[109.2113113,19.0817224],[109.2072828,19.0843529],[109.2008588,19.0881959],[109.1921233,19.0875034],[109.1869888,19.0855674],[109.1817093,19.0870839],[109.1781233,19.0885544],[109.1705628,19.0947229],[109.1670838,19.0998674],[109.1661913,19.1026459],[109.1651383,19.1079579],[109.1596833,19.1198139],[109.1566618,19.1242559],[109.1554103,19.1311804],[109.1557083,19.1330129],[109.1569823,19.1350464],[109.1583863,19.1416704],[109.1563798,19.1474649],[109.1516573,19.1519514],[109.1430968,19.1572244],[109.1398008,19.1600664],[109.1295778,19.1662999],[109.1237183,19.1731129],[109.1195988,19.1812574],[109.1171263,19.1877519],[109.1147308,19.1970004],[109.1149213,19.2034304],[109.1187513,19.2102239],[109.1230998,19.2181529],[109.1267013,19.2254124],[109.1293563,19.2336159],[109.1303863,19.2358819],[109.1327973,19.2434044],[109.1356508,19.2499924],[109.1370468,19.2566184],[109.1375503,19.2651044],[109.1326978,19.2732694],[109.1289293,19.2768099],[109.1252138,19.2821884],[109.1216813,19.2857244],[109.1188433,19.2880934],[109.1161268,19.2950554],[109.1157303,19.2975919],[109.1143188,19.2992344],[109.1094663,19.2988994],[109.1077423,19.2977944],[109.1055223,19.2967014],[109.0994568,19.2966269],[109.0899503,19.3026104],[109.0869293,19.3070524],[109.0841903,19.3128624],[109.0817873,19.3218824],[109.0773618,19.3281974],[109.0698698,19.3286154],[109.0625763,19.3281099],[109.0534363,19.3306349],[109.0482023,19.3335249],[109.0432283,19.3375549],[109.0385133,19.3422679],[109.0353928,19.3517629],[109.0363618,19.3600084],[109.0379333,19.3641034],[109.0426483,19.3681184],[109.0471878,19.3742084],[109.0467528,19.3843269],[109.0440293,19.3908234],[109.0417638,19.3959349],[109.0402528,19.4024049],[109.0397568,19.4109149],[109.0391463,19.4150639],[109.0383073,19.4194489],[109.0384063,19.4226644],[109.0395433,19.4286059],[109.0406798,19.4321079],[109.0436713,19.4343089],[109.0471573,19.4369524],[109.0487668,19.4417184],[109.0496368,19.4453619],[109.0490568,19.4499684],[109.0477068,19.4527624],[109.0447463,19.4581299],[109.0424498,19.4618684],[109.0416338,19.4662534],[109.0412978,19.4703924],[109.0412673,19.4765854],[109.0429228,19.4822674],[109.0440063,19.4854469],[109.0473023,19.4894694],[109.0512773,19.4895284],[109.0601243,19.4879949],[109.0667338,19.4883695],[109.0733873,19.4866411],[109.0806752,19.4821757],[109.0855344,19.4812257],[109.0938603,19.4749147],[109.097582,19.4742123],[109.1078244,19.4749995],[109.1137408,19.4706092],[109.1180268,19.4725874],[109.1189728,19.4785209],[109.1216963,19.4804994],[109.1263428,19.4812719],[109.1293563,19.4777374],[109.1350633,19.4674664],[109.1358718,19.4628524],[109.1383973,19.4588739],[109.1414488,19.4560259],[109.1457598,19.4545154],[109.1493528,19.4530279],[109.1549223,19.4461974],[109.1557768,19.4431899],[109.1589583,19.4368954],[109.1624908,19.4340324],[109.1675493,19.4329549],[109.1733628,19.4325409],[109.1777268,19.4328614],[109.1833268,19.4336034],[109.1876983,19.4334639],[109.1918333,19.4271374],[109.1910173,19.4248714],[109.1868133,19.4222524],[109.1823578,19.4198724],[109.1785963,19.4167784],[109.1765363,19.4134044],[109.1752528,19.4108364],[109.175189,19.410355],[109.175189,19.407732],[109.1738188,19.402401],[109.174492,19.4006546],[109.1784353,19.3972586],[109.1796318,19.3953241],[109.1840426,19.3932438],[109.1858689,19.3936573],[109.1877894,19.3951717],[109.1922538,19.3969532],[109.1963941,19.3989058],[109.2012384,19.3979267],[109.2058839,19.3950054],[109.2091642,19.3930512],[109.211901,19.3865974],[109.2197733,19.3861957],[109.2231475,19.3878994],[109.2234566,19.3907805],[109.2255392,19.3928949],[109.2274488,19.3943687],[109.2285589,19.3943687],[109.2300936,19.3906043],[109.2311853,19.3898174],[109.2325302,19.3906584],[109.2341323,19.3932352],[109.2362475,19.3932352],[109.2377853,19.3924294],[109.2389833,19.3923445],[109.2401867,19.3929148],[109.2410652,19.3929422],[109.2422868,19.3919244],[109.2436223,19.3893774],[109.2451611,19.3871021],[109.2493475,19.3877765],[109.2522284,19.3887182],[109.2539714,19.3880517],[109.2548367,19.3842829],[109.2567591,19.3819699],[109.2633401,19.3790143],[109.2645126,19.3787075],[109.2653401,19.3797793],[109.2653476,19.3809037],[109.2642348,19.3825282],[109.2643542,19.384087],[109.2650845,19.3844763],[109.2731308,19.3835222],[109.2744465,19.3839877],[109.2747749,19.3856917],[109.2712903,19.3883214],[109.2739775,19.3896733],[109.280856,19.3895111],[109.2829338,19.3898377],[109.284474,19.3890306],[109.2866384,19.3896588],[109.2878244,19.393974],[109.2864536,19.3975297],[109.2866286,19.400335],[109.289147,19.4018252],[109.2898904,19.4017597],[109.2920318,19.3991538],[109.2923278,19.3971825],[109.2931879,19.3964139],[109.2940857,19.3959869],[109.2941503,19.3954499],[109.2940103,19.3940013],[109.2943842,19.3919593],[109.295225,19.3914322],[109.2958821,19.3906963],[109.2982429,19.3905497],[109.2988607,19.3912882],[109.299684,19.3913824],[109.3010418,19.3922378],[109.300959,19.3934462],[109.3011703,19.3941721],[109.3009636,19.3947294],[109.3014193,19.3961221],[109.3025269,19.3971573],[109.3035834,19.3966206],[109.3039319,19.3946484],[109.3049502,19.3925068],[109.3059386,19.3906565],[109.3062674,19.3908718],[109.3074777,19.3930619],[109.3081946,19.3962843],[109.3124269,19.397444],[109.3133401,19.4003493],[109.3141926,19.4003422],[109.3149547,19.3999864],[109.315513,19.3988549],[109.3156943,19.3975735],[109.3164726,19.3960979],[109.3158299,19.3947984],[109.3161334,19.3935231],[109.3169842,19.3922862],[109.3177678,19.3922112],[109.3183498,19.393247],[109.3191215,19.393837],[109.3197456,19.3948696],[109.3205125,19.3953509],[109.323997,19.3935432],[109.3251944,19.3919296],[109.3310296,19.3901488],[109.3325766,19.3882033],[109.3346497,19.3873884],[109.3356912,19.3841138],[109.3365479,19.377487],[109.3387554,19.3747638],[109.3415088,19.3737814],[109.3434595,19.3737674],[109.3449884,19.3746328],[109.3459275,19.3741976],[109.3460664,19.3737718],[109.3458199,19.3726015],[109.3455517,19.3717263],[109.345859,19.3713095],[109.3465779,19.3713723],[109.3468072,19.3717001],[109.3470864,19.371979],[109.3481485,19.3722549],[109.3486632,19.3724278],[109.3487855,19.3726412],[109.3487171,19.3739026],[109.3491451,19.3743951],[109.3506531,19.3743349],[109.3510547,19.3739244],[109.3512445,19.3733202],[109.3513202,19.3723342],[109.351467,19.3716349],[109.3518266,19.3710572],[109.3521534,19.3709031],[109.3524728,19.3709538],[109.3529549,19.3716603],[109.3535174,19.3720618],[109.3540484,19.3726701],[109.3546812,19.3730313],[109.3554085,19.37326],[109.3561573,19.3742955],[109.3562104,19.3745772],[109.3552704,19.3774488],[109.3549077,19.3779621],[109.3540797,19.3786213],[109.3537829,19.3792418],[109.3538092,19.3796309],[109.3541167,19.3799045],[109.3554203,19.3801976],[109.3558277,19.3804731],[109.3562858,19.3804894],[109.3566777,19.380222],[109.3569522,19.3798564],[109.3570479,19.3795181],[109.35719,19.3787805],[109.3570259,19.3784989],[109.3572055,19.3778406],[109.35738,19.3777089],[109.3578866,19.3777499],[109.3584298,19.3776269],[109.3587333,19.3778044],[109.3587468,19.3783188],[109.3586471,19.3785819],[109.3583776,19.3788063],[109.3583776,19.3794177],[109.358703,19.3796808],[109.3592555,19.3796229],[109.3597354,19.3798846],[109.3601262,19.3798682],[109.3605009,19.3796352],[109.3607535,19.3791009],[109.3615615,19.3783601],[109.3618754,19.3776462],[109.3621283,19.3776326],[109.3622548,19.3774502],[109.3626084,19.3774502],[109.3629389,19.3771013],[109.3634986,19.3768729],[109.3639744,19.3763312],[109.3639297,19.3759512],[109.3642712,19.3756223],[109.3644005,19.3753855],[109.3645752,19.3751992],[109.3648997,19.3745422],[109.3648609,19.3739563],[109.3648735,19.3737426],[109.3657072,19.3730961],[109.3660703,19.3731018],[109.3662592,19.3734773],[109.3664724,19.3738171],[109.3665533,19.3741835],[109.3673094,19.3745705],[109.3687485,19.3749043],[109.3690048,19.3746787],[109.3692744,19.3745134],[109.3695825,19.3745341],[109.3695825,19.3748269],[109.369698,19.3750993],[109.3704186,19.3752251],[109.3708127,19.3746288],[109.3711192,19.3747294],[109.371418,19.374644],[109.3717549,19.3743261],[109.3723405,19.3743191],[109.3730593,19.3738719],[109.3734829,19.3737667],[109.3743534,19.3733774],[109.3751443,19.3732647],[109.3759641,19.3730659],[109.3762995,19.3727576],[109.3764132,19.3715521],[109.3760405,19.3701244],[109.3756906,19.3684668],[109.3749672,19.3674114],[109.3749988,19.3671368],[109.3759219,19.3659184],[109.3762877,19.3647072],[109.3768068,19.3643154],[109.3771292,19.3643086],[109.3777305,19.3641195],[109.3782406,19.3635792],[109.3787592,19.3628749],[109.3787288,19.3623944],[109.3791474,19.3617143],[109.3788381,19.3611551],[109.3779524,19.3607886],[109.3776442,19.3606339],[109.3776162,19.3603437],[109.3781401,19.3600668],[109.3782975,19.3599283],[109.3781584,19.3592209],[109.3783482,19.3588755],[109.3799602,19.3574366],[109.3828131,19.3568236],[109.3870722,19.3555641],[109.391786,19.3557724],[109.3962365,19.3548282],[109.4010925,19.3588431],[109.4026868,19.3584004],[109.4072361,19.3590041],[109.4103823,19.3612892],[109.4193059,19.3583131],[109.4215468,19.3570919],[109.4268188,19.3617359],[109.4295728,19.3639394],[109.4323853,19.3650979],[109.4359627,19.3665191],[109.4404317,19.3703256],[109.4397767,19.3753214],[109.4380377,19.3796743],[109.441795,19.3873561],[109.4492033,19.3963224],[109.4524822,19.4010775],[109.4565812,19.4012966],[109.464278,19.401924],[109.4726399,19.4030891],[109.477077,19.4079003],[109.4791265,19.4082414],[109.480407,19.4050575],[109.4804527,19.4049438],[109.4832257,19.4007363],[109.4861192,19.3982345],[109.4868425,19.3963013],[109.4844313,19.3932308],[109.4802359,19.3900655],[109.481737,19.3866162],[109.4861536,19.3833504],[109.4893577,19.3772143],[109.4928707,19.3749205],[109.4944057,19.3716947],[109.4925993,19.3685186],[109.5015512,19.3652528],[109.5023159,19.3599712],[109.4962768,19.3587454],[109.4932323,19.3563807],[109.493594,19.3520582],[109.4948623,19.3476811],[109.4969931,19.3478385],[109.4932652,19.3410293],[109.4947997,19.3362461],[109.4913033,19.3352223],[109.4880739,19.3356373],[109.4841613,19.3327694],[109.4838001,19.3250677],[109.4800153,19.3221218],[109.4797341,19.3202335],[109.4806517,19.3164649],[109.4712774,19.3175225],[109.4693276,19.3130201],[109.4674163,19.3080093],[109.4651563,19.3044989],[109.4684068,19.3007204],[109.4739988,19.3009949],[109.4761963,19.3016069],[109.4837418,19.3022749],[109.4903333,19.3034324],[109.5003686,19.3064251],[109.5066785,19.3063422],[109.5063824,19.3042433],[109.5027976,19.3023953],[109.5035104,19.2995902],[109.507376,19.2996745],[109.5158664,19.3035845],[109.5203018,19.3077069],[109.5223584,19.307938],[109.5359545,19.314338],[109.5370227,19.3141369],[109.5389741,19.3076403],[109.5421038,19.3062754],[109.5444372,19.3052577],[109.5467975,19.2956444],[109.5515638,19.2943139],[109.55344,19.2881967],[109.5589246,19.2810404],[109.5604089,19.2778528],[109.5635028,19.2761226],[109.5658839,19.2724989],[109.5727865,19.2683135],[109.5747777,19.2637177],[109.5791939,19.2603444],[109.5808447,19.2494184],[109.5828783,19.2455049],[109.5891493,19.2446039],[109.5940877,19.2506665],[109.5954539,19.2558422],[109.6021827,19.2567543],[109.6069945,19.255353],[109.6077751,19.2447176],[109.6074523,19.2354944],[109.6109313,19.2250534],[109.6159472,19.2190595],[109.6234001,19.2136479],[109.6278958,19.2103079],[109.6294713,19.2051886],[109.6325788,19.2038564],[109.6364814,19.2055915],[109.6442277,19.2054963],[109.6557793,19.2084761],[109.6584642,19.2100587],[109.6652387,19.2115062],[109.668177,19.2102702],[109.6712892,19.2036558],[109.6743332,19.1946058],[109.6776341,19.1880333],[109.6812143,19.175029],[109.6779328,19.1737999],[109.6795578,19.1643354],[109.6839293,19.1573179],[109.6879503,19.1544454],[109.6919633,19.1511154],[109.6934813,19.1457899],[109.6947023,19.1386319],[109.6946868,19.1305899],[109.6883393,19.1215819],[109.6821363,19.1171644],[109.6763763,19.1182459],[109.6703038,19.1248514],[109.6572498,19.1256809],[109.6502228,19.1178379],[109.6474913,19.1082649],[109.6413878,19.0990179],[109.6252663,19.0946464],[109.6184709,19.0925266],[109.6137773,19.0910624],[109.6061098,19.0855349],[109.6043928,19.0770834],[109.6060488,19.0685369],[109.6042708,19.0582464],[109.5975568,19.0526904],[109.5893098,19.0520019],[109.5845488,19.0544319],[109.5779723,19.0608179],[109.5720673,19.0655784],[109.5625528,19.0702074],[109.5509033,19.0693834],[109.5381163,19.0554924],[109.5339128,19.0443514],[109.5276033,19.0362549],[109.5194539,19.0329578],[109.5142066,19.0310004],[109.5099288,19.0314564],[109.5064815,19.0325355],[109.5034119,19.0302182],[109.4972443,19.0300713],[109.4918177,19.0334272],[109.4888209,19.0336736],[109.4843908,19.0317028],[109.4781366,19.0293625],[109.4724036,19.0288698],[109.4699279,19.0294856],[109.4665402,19.0339199],[109.4639343,19.0342894],[109.4627616,19.0296088],[109.461589,19.0220949],[109.4598951,19.0192618],[109.4587225,19.0081749],[109.4584619,19.0004137],[109.455856,18.9981961],[109.4499926,18.9968409],[109.4428263,18.9946233],[109.436051,18.9933913],[109.429015,18.9921593],[109.4231516,18.9935145],[109.4201548,18.9920361],[109.4175489,18.9868615],[109.4150733,18.9840277],[109.410122,18.9805778],[109.4073858,18.9761421],[109.4033466,18.9723224],[109.4029557,18.9705973],[109.4038678,18.9667775],[109.3998286,18.964313],[109.3935744,18.9591376],[109.3897958,18.9576588],[109.3844537,18.9571659],[109.3811963,18.9540851],[109.3771571,18.9529761],[109.3759845,18.9508811],[109.3767662,18.9464446],[109.3759845,18.9443496],[109.3638669,18.9386805],[109.3604792,18.9385573],[109.3593066,18.9399129],[109.3576127,18.9433637],[109.3550068,18.9457052],[109.3503161,18.9468143],[109.3443225,18.9481699],[109.3349753,18.9505147],[109.3229218,18.9478359],[109.3164368,18.9496154],[109.3111803,18.9513624],[109.3052293,18.9545079],[109.2968368,18.9567964],[109.2897413,18.9542274]]]]}},{"type":"Feature","properties":{"name":"昌江黎族自治县","shapeName":"昌江黎族自治县","osm_relation_id":"2784608","source_admin_level":"6","reference_kind":"community administrative boundary; not official","snapshot_download_date":"2026-10-03","license":"ODbL-1.0","source_url":"https://www.openstreetmap.org/relation/2784608","utm_polygon_area_km2":1670.1634},"geometry":{"type":"MultiPolygon","coordinates":[[[[109.0406798,19.4321079],[109.0354233,19.4343359],[109.0327988,19.4355619],[109.0289613,19.4368284],[109.0240098,19.4339999],[109.0213013,19.4327049],[109.0173188,19.4298479],[109.0126573,19.4283869],[109.0090178,19.4282704],[109.0063398,19.4278944],[109.0003128,19.4287679],[108.9962458,19.4304964],[108.9932023,19.4335729],[108.9939506,19.4340357],[108.9946867,19.4358638],[108.9946979,19.4391705],[108.9940733,19.4426392],[108.9919911,19.4438826],[108.9893538,19.4496418],[108.9880351,19.4566441],[108.9896314,19.457822],[108.9889373,19.4593271],[108.9856754,19.4604396],[108.9824828,19.4646931],[108.9807477,19.4708441],[108.9805394,19.4760134],[108.9789431,19.4789579],[108.9721391,19.4799321],[108.9696158,19.4805482],[108.9671686,19.4818925],[108.9656856,19.4826387],[108.964385,19.4830088],[108.9629864,19.4833789],[108.9616368,19.4835871],[108.9607779,19.484096],[108.9588885,19.4877973],[108.9587658,19.488792],[108.9580788,19.4905731],[108.957588,19.491776],[108.9564838,19.4930251],[108.9554707,19.4938887],[108.9540054,19.4946443],[108.9530644,19.4953183],[108.9520424,19.4953151],[108.9504474,19.4957777],[108.9480672,19.4963329],[108.9456297,19.4962686],[108.9435475,19.4957779],[108.9420207,19.4947475],[108.9406326,19.4945839],[108.9386199,19.4956307],[108.9354967,19.4992781],[108.9302219,19.5123518],[108.9245655,19.5261871],[108.8823135,19.4908051],[108.8565484,19.474369],[108.8388564,19.4652191],[108.8203914,19.4594698],[108.8026994,19.4523436],[108.7887004,19.4410868],[108.7682278,19.4099331],[108.7613655,19.4029451],[108.7432683,19.3932645],[108.7342804,19.3916033],[108.7196448,19.3910878],[108.7019727,19.3912023],[108.6901305,19.3891974],[108.6747054,19.3829532],[108.6599764,19.3759724],[108.6474803,19.3618339],[108.6407939,19.3510635],[108.651596,19.3389302],[108.656515,19.3307931],[108.660039,19.321101],[108.6596122,19.3161796],[108.6616163,19.3105058],[108.6656244,19.3086145],[108.6675677,19.3059781],[108.6678106,19.3037428],[108.6710292,19.2983552],[108.6735798,19.2950881],[108.6761912,19.2935405],[108.678256,19.2908465],[108.6832965,19.2874647],[108.6842681,19.2854011],[108.6839875,19.2840442],[108.6856042,19.2819618],[108.6868721,19.2770509],[108.6878438,19.2755891],[108.6892709,19.2732961],[108.6936737,19.2684807],[108.7000502,19.2645824],[108.709281,19.261974],[108.7136839,19.2614293],[108.7218823,19.2605694],[108.7291697,19.2618307],[108.7335726,19.261544],[108.742105,19.2586202],[108.7524592,19.2545783],[108.7682573,19.2509249],[108.7720873,19.2487849],[108.7764438,19.2473924],[108.7807768,19.2464599],[108.7875673,19.2505609],[108.7912282,19.2519817],[108.8020495,19.2513736],[108.8118402,19.2536033],[108.8183674,19.2584681],[108.8241645,19.2609004],[108.8292316,19.2614679],[108.8318511,19.2607382],[108.835587,19.2581843],[108.8402677,19.2504817],[108.8456354,19.2482925],[108.8500155,19.2480493],[108.8552973,19.2460222],[108.862168,19.2419274],[108.869511,19.2373866],[108.8766394,19.2327239],[108.8799888,19.2310616],[108.8841971,19.2306156],[108.8878042,19.2313454],[108.893859,19.2314265],[108.8962208,19.2304128],[108.9018032,19.2250607],[108.9074715,19.2216547],[108.9115683,19.2203539],[108.9175199,19.2205599],[108.9221576,19.2229523],[108.9290713,19.2242903],[108.9357702,19.2235199],[108.9457327,19.2221819],[108.9508427,19.2207221],[108.9546645,19.2171539],[108.9582287,19.212369],[108.9597746,19.2089222],[108.9611488,19.2056781],[108.9660012,19.2002441],[108.9666882,19.1871855],[108.9700806,19.173923],[108.9717983,19.1686096],[108.973473,19.1652836],[108.9804296,19.1573738],[108.9840367,19.1544938],[108.9894474,19.153358],[108.9945145,19.1535202],[109.0010417,19.1506807],[109.0010417,19.149626],[108.9986369,19.1467458],[108.9969192,19.1441901],[108.9918521,19.1437033],[108.9880732,19.1436627],[108.9857114,19.1421212],[108.9855397,19.1400522],[108.9875579,19.137253],[108.9871285,19.1335612],[108.987515,19.1324253],[108.9893186,19.1316545],[108.9967475,19.1293014],[108.9998822,19.128774],[109.0042193,19.1307214],[109.005937,19.1308836],[109.0106177,19.128774],[109.0121206,19.1263803],[109.0136236,19.1226477],[109.0172307,19.118347],[109.0179178,19.1159531],[109.0186478,19.1084874],[109.0160713,19.1083656],[109.0116717,19.1034615],[109.00744,19.0976533],[109.0077406,19.0944882],[109.00995,19.0917489],[109.0108753,19.0878736],[109.009673,19.0819081],[109.0039188,19.0784992],[109.0067959,19.0708288],[109.0071537,19.0686637],[109.0055313,19.0651854],[109.0042596,19.0471919],[109.0086186,19.0467969],[109.0103543,19.0442947],[109.012149,19.0439756],[109.0128626,19.0413412],[109.0146073,19.0413608],[109.0170652,19.0401141],[109.0190955,19.0409026],[109.0236441,19.0377429],[109.0291283,19.0410484],[109.0317211,19.0424171],[109.0365041,19.0461579],[109.0433438,19.0464025],[109.050021,19.0461726],[109.0587556,19.0423911],[109.063344,19.0364629],[109.0673578,19.0355886],[109.0718311,19.037564],[109.0821663,19.0314913],[109.0878248,19.0308085],[109.0931212,19.03221],[109.102739,19.0079727],[109.1061325,18.996916],[109.1042672,18.9916222],[109.1073064,18.9841914],[109.1080351,18.9704939],[109.1050493,18.9583046],[109.1007069,18.9536248],[109.1019283,18.9480709],[109.0948466,18.9421],[109.0935133,18.9331209],[109.0936037,18.9258391],[109.0891188,18.9231244],[109.0864424,18.9204666],[109.0848986,18.9091644],[109.0871379,18.9067117],[109.0927927,18.9057457],[109.0978883,18.9012591],[109.1044526,18.8956183],[109.1074434,18.888666],[109.1116822,18.886665],[109.1162341,18.8843204],[109.1193234,18.8809317],[109.1221879,18.8787749],[109.1284377,18.8828222],[109.1285664,18.888744],[109.1362533,18.8977984],[109.1373443,18.904856],[109.145159,18.9045972],[109.1520847,18.9096478],[109.1654288,18.9039404],[109.1775133,18.9036294],[109.1841738,18.9000109],[109.1898268,18.8950384],[109.1940993,18.8924024],[109.2003023,18.8897134],[109.2089998,18.8894864],[109.2187728,18.8931389],[109.2328033,18.8932324],[109.2393113,18.8928344],[109.2486268,18.8974129],[109.2503508,18.8982874],[109.2553328,18.9029809],[109.2580488,18.9132499],[109.2594683,18.9201029],[109.2650068,18.9275394],[109.2733993,18.9332924],[109.2790828,18.9375074],[109.2838363,18.9426669],[109.2861328,18.9467409],[109.2876968,18.9503764],[109.2897413,18.9542274],[109.2820663,18.9562679],[109.2770768,18.9591579],[109.2769623,18.9635259],[109.2748338,18.9730014],[109.2743528,18.9812849],[109.2796098,18.9871214],[109.2812273,18.9930494],[109.2795868,19.0027429],[109.2775423,19.0069314],[109.2743608,19.0136774],[109.2744523,19.0166624],[109.2753678,19.0230714],[109.2753603,19.0308819],[109.2701873,19.0438844],[109.2718733,19.0518839],[109.2706908,19.0606424],[109.2666703,19.0637339],[109.2620698,19.0636234],[109.2526018,19.0624964],[109.2433473,19.0689394],[109.2359773,19.0732689],[109.2260893,19.0742149],[109.2215118,19.0747929],[109.2113113,19.0817224],[109.2072828,19.0843529],[109.2008588,19.0881959],[109.1921233,19.0875034],[109.1869888,19.0855674],[109.1817093,19.0870839],[109.1781233,19.0885544],[109.1705628,19.0947229],[109.1670838,19.0998674],[109.1661913,19.1026459],[109.1651383,19.1079579],[109.1596833,19.1198139],[109.1566618,19.1242559],[109.1554103,19.1311804],[109.1557083,19.1330129],[109.1569823,19.1350464],[109.1583863,19.1416704],[109.1563798,19.1474649],[109.1516573,19.1519514],[109.1430968,19.1572244],[109.1398008,19.1600664],[109.1295778,19.1662999],[109.1237183,19.1731129],[109.1195988,19.1812574],[109.1171263,19.1877519],[109.1147308,19.1970004],[109.1149213,19.2034304],[109.1187513,19.2102239],[109.1230998,19.2181529],[109.1267013,19.2254124],[109.1293563,19.2336159],[109.1303863,19.2358819],[109.1327973,19.2434044],[109.1356508,19.2499924],[109.1370468,19.2566184],[109.1375503,19.2651044],[109.1326978,19.2732694],[109.1289293,19.2768099],[109.1252138,19.2821884],[109.1216813,19.2857244],[109.1188433,19.2880934],[109.1161268,19.2950554],[109.1157303,19.2975919],[109.1143188,19.2992344],[109.1094663,19.2988994],[109.1077423,19.2977944],[109.1055223,19.2967014],[109.0994568,19.2966269],[109.0899503,19.3026104],[109.0869293,19.3070524],[109.0841903,19.3128624],[109.0817873,19.3218824],[109.0773618,19.3281974],[109.0698698,19.3286154],[109.0625763,19.3281099],[109.0534363,19.3306349],[109.0482023,19.3335249],[109.0432283,19.3375549],[109.0385133,19.3422679],[109.0353928,19.3517629],[109.0363618,19.3600084],[109.0379333,19.3641034],[109.0426483,19.3681184],[109.0471878,19.3742084],[109.0467528,19.3843269],[109.0440293,19.3908234],[109.0417638,19.3959349],[109.0402528,19.4024049],[109.0397568,19.4109149],[109.0391463,19.4150639],[109.0383073,19.4194489],[109.0384063,19.4226644],[109.0395433,19.4286059],[109.0406798,19.4321079]]]]}},{"type":"Feature","properties":{"name":"乐东黎族自治县","shapeName":"乐东黎族自治县","osm_relation_id":"2784614","source_admin_level":"6","reference_kind":"community administrative boundary; not official","snapshot_download_date":"2026-10-03","license":"ODbL-1.0","source_url":"https://www.openstreetmap.org/relation/2784614","utm_polygon_area_km2":3005.9201},"geometry":{"type":"MultiPolygon","coordinates":[[[[108.9733486,18.3808119],[108.9751103,18.3813093],[108.9760712,18.3822488],[108.9771223,18.3827072],[108.9794845,18.3860347],[108.9786109,18.3889636],[108.9790477,18.3904281],[108.9839396,18.3936886],[108.9916269,18.3992147],[108.9996054,18.4010659],[109.0005954,18.4030552],[108.9998966,18.408581],[109.0055747,18.4166207],[109.0063317,18.4181402],[109.0092727,18.4198254],[109.0116313,18.4228367],[109.0109907,18.4244114],[109.0148052,18.4254612],[109.0220849,18.4252954],[109.023599,18.428279],[109.0274718,18.4323122],[109.0368899,18.4348841],[109.0397889,18.4342183],[109.0422931,18.4348537],[109.0462824,18.4389144],[109.0520769,18.4393564],[109.0563865,18.4384724],[109.0578424,18.436815],[109.0595895,18.4370912],[109.0604631,18.4384172],[109.0673933,18.4527809],[109.0683251,18.4537752],[109.0704798,18.4534438],[109.0819432,18.4478495],[109.0858571,18.4495573],[109.0881284,18.4518223],[109.0907199,18.45359],[109.0931076,18.4541701],[109.0963587,18.4570468],[109.1014601,18.4588064],[109.1028514,18.4611037],[109.1035728,18.4643784],[109.108468,18.4635964],[109.1121781,18.4624722],[109.1121266,18.4604194],[109.1132087,18.4594418],[109.1156305,18.4605171],[109.1167642,18.460175],[109.1177947,18.463352],[109.1265031,18.4648672],[109.1315014,18.46257],[109.1347478,18.4618857],[109.136036,18.4635475],[109.1391792,18.4635475],[109.1412919,18.4656981],[109.1438169,18.4660891],[109.1471662,18.4675553],[109.1481453,18.4670666],[109.1491759,18.4663334],[109.1502064,18.4645739],[109.15201,18.4632542],[109.1552047,18.4634009],[109.1588633,18.4614947],[109.1617489,18.4548961],[109.1635524,18.4528432],[109.1733284,18.4517742],[109.1843838,18.4571593],[109.1843567,18.4573736],[109.1838225,18.4585704],[109.1801742,18.4609363],[109.1813813,18.4633436],[109.1832986,18.4640212],[109.1862685,18.4645917],[109.187246,18.4677297],[109.1908174,18.4710815],[109.1892385,18.4746115],[109.1906294,18.4851299],[109.1884866,18.4934016],[109.1864941,18.4951129],[109.1838249,18.4957903],[109.1827347,18.4986781],[109.1826595,18.5037049],[109.1806294,18.5088029],[109.1815317,18.5162891],[109.1824715,18.5198539],[109.18484,18.5210659],[109.1862738,18.5231521],[109.1870204,18.5242384],[109.1861933,18.527803],[109.1864189,18.5315814],[109.1875843,18.5347538],[109.1914941,18.5353954],[109.1924716,18.5386033],[109.1971332,18.5413122],[109.1960806,18.5475139],[109.1970956,18.5520403],[109.2002452,18.5556153],[109.2022084,18.5571725],[109.2051408,18.557814],[109.2076972,18.5576714],[109.2112686,18.5556756],[109.2209679,18.5537154],[109.2284867,18.5530739],[109.2308811,18.5544864],[109.2381484,18.5573863],[109.2406672,18.5598454],[109.2434116,18.5607364],[109.2450624,18.5601308],[109.2480733,18.5576358],[109.2508928,18.5557825],[109.2543515,18.5543213],[109.2560808,18.5544282],[109.2669079,18.5477278],[109.2688628,18.5426666],[109.2751786,18.533328],[109.2812689,18.5340409],[109.2846523,18.5331854],[109.2875095,18.530619],[109.2878102,18.5289793],[109.2867576,18.5265554],[109.2876412,18.5198596],[109.2899805,18.5151711],[109.2913194,18.5141272],[109.2965828,18.5193198],[109.299791,18.5203169],[109.3038512,18.5174829],[109.3089828,18.5191227],[109.3113136,18.5214219],[109.3148091,18.5268668],[109.3151414,18.5286312],[109.3151467,18.5306954],[109.3153926,18.5318127],[109.312761,18.539052],[109.3092272,18.5454677],[109.3090768,18.5496021],[109.3114828,18.5538789],[109.3208813,18.5624324],[109.3245208,18.5678275],[109.3253281,18.5691428],[109.3253868,18.5731636],[109.3286364,18.5771966],[109.3368695,18.5808313],[109.3407417,18.5816153],[109.3440124,18.5830763],[109.3501778,18.5885995],[109.3550275,18.5883144],[109.3571053,18.5909152],[109.3618696,18.5943719],[109.366005,18.5956547],[109.3733358,18.603529],[109.3784313,18.6059975],[109.3804411,18.6081965],[109.383411,18.6124362],[109.3852156,18.6175309],[109.387772,18.6212361],[109.3921705,18.6245597],[109.3942757,18.6250941],[109.3950276,18.6247378],[109.3969073,18.6240966],[109.3994637,18.6243103],[109.4028757,18.6302034],[109.4020263,18.6339946],[109.401149,18.6358078],[109.3970772,18.6372412],[109.3935262,18.640739],[109.3902107,18.646135],[109.3916933,18.6514359],[109.3920133,18.6541844],[109.3914108,18.6581064],[109.3940483,18.6632778],[109.3932363,18.6673826],[109.3922234,18.6704253],[109.3922234,18.6750237],[109.3887971,18.679081],[109.3836577,18.6792613],[109.3802606,18.6796029],[109.3790168,18.6818604],[109.3791061,18.684424],[109.3775208,18.6886],[109.3732838,18.690531],[109.3711899,18.6939569],[109.3652067,18.6982629],[109.3575061,18.7024551],[109.3559611,18.7070274],[109.352262,18.7117795],[109.351644,18.7156435],[109.3521905,18.7211479],[109.3504828,18.7283339],[109.3516615,18.7326113],[109.3545309,18.7369778],[109.3544301,18.7411595],[109.351789,18.7445661],[109.3507047,18.7459647],[109.3490074,18.7522299],[109.3482057,18.754994],[109.3492762,18.7575187],[109.3529511,18.7583798],[109.3521291,18.7604315],[109.3489349,18.7642764],[109.3470268,18.7671095],[109.347448,18.7721468],[109.3479383,18.7766874],[109.3508896,18.7774365],[109.3551844,18.7780032],[109.3537038,18.7800557],[109.3536118,18.785865],[109.3509526,18.7961461],[109.3520536,18.8023423],[109.3512218,18.8050651],[109.3489337,18.8068489],[109.3485299,18.8137289],[109.3531061,18.8193346],[109.3548559,18.8250676],[109.3566056,18.8269785],[109.3576824,18.8302907],[109.3575478,18.8344946],[109.3566056,18.836915],[109.3582208,18.8402271],[109.3583554,18.84252],[109.3609127,18.8450676],[109.3618549,18.8474878],[109.3683155,18.8523282],[109.3703345,18.8561494],[109.3685847,18.8595885],[109.3633355,18.8650653],[109.3576824,18.8729618],[109.3531061,18.8751269],[109.349472,18.8748722],[109.3443574,18.8776741],[109.3412617,18.8781835],[109.3385697,18.8766552],[109.3385329,18.8792751],[109.3409425,18.8815551],[109.3433628,18.8826456],[109.3440587,18.8836633],[109.3434105,18.8845833],[109.3413326,18.8850327],[109.3391014,18.8847688],[109.3387749,18.8852983],[109.3390105,18.8858333],[109.3404409,18.8860936],[109.3422609,18.8866491],[109.3434077,18.8879627],[109.3431686,18.8902253],[109.3411435,18.8921414],[109.3398654,18.8943951],[109.3386092,18.8947192],[109.3378043,18.8963947],[109.3391726,18.8982825],[109.3388281,18.8994776],[109.3393605,18.9002612],[109.3388444,18.9009326],[109.337083,18.902599],[109.336448,18.9045651],[109.3345538,18.9057055],[109.3340021,18.9071706],[109.3335605,18.9098559],[109.3318959,18.9120969],[109.3308676,18.9126119],[109.3308056,18.9138439],[109.3295949,18.9147346],[109.3262694,18.9146753],[109.3252038,18.9153868],[109.3226981,18.9161373],[109.3196526,18.9206389],[109.3230788,18.9206389],[109.3237451,18.9219894],[109.3217464,18.9255906],[109.3221271,18.9288316],[109.3243161,18.9310823],[109.3329868,18.9353529],[109.3336382,18.9375713],[109.3337685,18.9407756],[109.3352018,18.9437334],[109.3365048,18.9447193],[109.3404136,18.945089],[109.3428893,18.945582],[109.3443225,18.9481699],[109.3349753,18.9505147],[109.3229218,18.9478359],[109.3164368,18.9496154],[109.3111803,18.9513624],[109.3052293,18.9545079],[109.2968368,18.9567964],[109.2897413,18.9542274],[109.2876968,18.9503764],[109.2861328,18.9467409],[109.2838363,18.9426669],[109.2790828,18.9375074],[109.2733993,18.9332924],[109.2650068,18.9275394],[109.2594683,18.9201029],[109.2580488,18.9132499],[109.2553328,18.9029809],[109.2503508,18.8982874],[109.2486268,18.8974129],[109.2393113,18.8928344],[109.2328033,18.8932324],[109.2187728,18.8931389],[109.2089998,18.8894864],[109.2003023,18.8897134],[109.1940993,18.8924024],[109.1898268,18.8950384],[109.1841738,18.9000109],[109.1775133,18.9036294],[109.1654288,18.9039404],[109.1520847,18.9096478],[109.145159,18.9045972],[109.1373443,18.904856],[109.1362533,18.8977984],[109.1285664,18.888744],[109.1284377,18.8828222],[109.1221879,18.8787749],[109.1215153,18.8687401],[109.1187215,18.8631999],[109.1132128,18.8620874],[109.108595,18.8600436],[109.1009353,18.8617439],[109.0909637,18.8607735],[109.0865432,18.8551225],[109.0837215,18.8502299],[109.0776761,18.8464652],[109.0731502,18.8410493],[109.0718688,18.8279869],[109.0716455,18.8177436],[109.0667129,18.8096755],[109.0572462,18.8099314],[109.047198,18.8095514],[109.0419306,18.8038924],[109.0270445,18.8041386],[109.0229325,18.8075153],[109.0143244,18.8083245],[109.0103447,18.8115031],[109.0058675,18.8076181],[108.9953458,18.8066471],[108.9892333,18.7987213],[108.9831556,18.7940486],[108.9822112,18.7887951],[108.9741142,18.7912482],[108.9679004,18.7917576],[108.9635825,18.7872501],[108.9567461,18.7885292],[108.9486743,18.7927952],[108.9380143,18.7904262],[108.933911,18.7933571],[108.9130098,18.7892094],[108.9061888,18.7873079],[108.8978273,18.7863494],[108.8867139,18.7864605],[108.8840713,18.7776534],[108.8757982,18.7730024],[108.8650584,18.7632958],[108.8580217,18.7594315],[108.8410398,18.7539615],[108.8308722,18.7462284],[108.8233185,18.7390139],[108.8192466,18.7346545],[108.8157273,18.7302244],[108.8079988,18.7212204],[108.7999668,18.7204139],[108.7928665,18.7231645],[108.7845754,18.7237536],[108.7805505,18.7207819],[108.7740085,18.7173248],[108.7700129,18.7189647],[108.770424,18.7254926],[108.7639238,18.7301853],[108.7514442,18.7362552],[108.7437288,18.7321779],[108.7342223,18.7320729],[108.7275468,18.7318649],[108.7208788,18.7312029],[108.7147063,18.7314299],[108.7094268,18.7302644],[108.6993483,18.7232569],[108.6558981,18.7186175],[108.6646649,18.6824621],[108.6686523,18.6288745],[108.658389,18.5983058],[108.6466596,18.5468824],[108.6598552,18.5023957],[108.6759832,18.4759762],[108.7053067,18.4523342],[108.7756833,18.4356439],[108.8431275,18.4036494],[108.9281747,18.3369608],[108.9722275,18.3796375],[108.9733486,18.3808119]]]]}},{"type":"Feature","properties":{"name":"陵水黎族自治县","shapeName":"陵水黎族自治县","osm_relation_id":"2784616","source_admin_level":"6","reference_kind":"community administrative boundary; not official","snapshot_download_date":"2026-10-03","license":"ODbL-1.0","source_url":"https://www.openstreetmap.org/relation/2784616","source_division_code":"469028","utm_polygon_area_km2":1259.9185},"geometry":{"type":"MultiPolygon","coordinates":[[[[109.7770337,18.5128744],[109.7766492,18.5127887],[109.7741161,18.5108799],[109.7707414,18.5022967],[109.7733642,18.494835],[109.7761149,18.4914983],[109.7827038,18.4879796],[109.790764,18.4880402],[109.7938346,18.4876762],[109.7958816,18.4858562],[109.8000397,18.478515],[109.8022147,18.4774229],[109.8043257,18.475178],[109.8066286,18.4674117],[109.8069484,18.4637711],[109.8053492,18.4607372],[109.8017669,18.4559436],[109.8016389,18.4543052],[109.8012551,18.4536984],[109.8013191,18.4486619],[109.8003595,18.4425935],[109.7995919,18.4413192],[109.797289,18.4394379],[109.7922354,18.4385276],[109.7827678,18.4369498],[109.7805288,18.4348257],[109.7808341,18.4285577],[109.7808569,18.4282635],[109.7824875,18.4232013],[109.7840757,18.4211318],[109.7844583,18.4200971],[109.7846699,18.419134],[109.7849676,18.416066],[109.7866723,18.4088644],[109.7873082,18.4071442],[109.7865776,18.4063611],[109.7808484,18.4042777],[109.7835067,18.400752],[109.7868469,18.4018772],[109.7871631,18.4012677],[109.7876572,18.3994204],[109.7884182,18.3965135],[109.8011942,18.3491955],[109.84573,18.3616857],[109.916125,18.3775042],[109.9411268,18.3759897],[109.9522978,18.3749801],[109.9939674,18.361854],[110.0124085,18.3605918],[110.0630326,18.3764945],[110.077484,18.3847398],[110.0870591,18.4009769],[110.1015105,18.4799528],[110.1133908,18.5103896],[110.1369441,18.5296808],[110.1538864,18.5388848],[110.2102169,18.5806113],[110.190887,18.5884986],[110.1715659,18.5966283],[110.1662543,18.5976265],[110.1605305,18.5980605],[110.1531678,18.5992029],[110.1436569,18.6012068],[110.1421916,18.6060673],[110.1312936,18.6068485],[110.1241913,18.5991209],[110.1184463,18.5945129],[110.1140213,18.5923804],[110.1094663,18.5932369],[110.1075668,18.5942229],[110.1036833,18.5991854],[110.0976868,18.6062889],[110.0927123,18.6085359],[110.0824278,18.6109774],[110.0802763,18.6117439],[110.0732118,18.6159019],[110.0711898,18.6196479],[110.0684968,18.6245649],[110.0627138,18.6307409],[110.0544893,18.6303499],[110.0496293,18.6296119],[110.0409468,18.6299269],[110.0349733,18.6312904],[110.0274728,18.6370699],[110.0248033,18.6426734],[110.0222098,18.6501104],[110.0195618,18.6564029],[110.0180128,18.6599004],[110.0140228,18.6687639],[110.0111313,18.6748354],[110.0095063,18.6824669],[110.0100982,18.6881143],[110.0095673,18.6960029],[110.0101473,18.6982764],[110.0106835,18.7012649],[110.0123204,18.7059779],[110.0105944,18.7153503],[110.0043333,18.7218934],[110.0042113,18.7248804],[110.0008463,18.7347596],[109.9983991,18.7342407],[109.99648,18.7335198],[109.9941328,18.7335149],[109.9858628,18.7388189],[109.9798733,18.7472724],[109.9759598,18.7531319],[109.9711223,18.7601739],[109.9614028,18.7652894],[109.9527893,18.7680739],[109.9452668,18.7673774],[109.9355163,18.7644539],[109.9259033,18.7587644],[109.9163208,18.7539959],[109.9064483,18.7476214],[109.9012523,18.7440984],[109.8922273,18.7344854],[109.8859483,18.7342109],[109.8838728,18.7368009],[109.8830568,18.7416494],[109.8789293,18.7482054],[109.8731233,18.7479169],[109.8664628,18.7437479],[109.8596803,18.7359029],[109.8546828,18.7307644],[109.8480073,18.7261354],[109.8406983,18.7242814],[109.8287963,18.7223319],[109.8211363,18.7246229],[109.8152238,18.7280139],[109.8117523,18.7327099],[109.8086318,18.7406139],[109.8071363,18.7466299],[109.8053663,18.7515089],[109.8037798,18.7618944],[109.8020173,18.7670019],[109.8000108,18.7721159],[109.7953718,18.7779939],[109.7901763,18.7815934],[109.7804418,18.7869299],[109.7750473,18.7921409],[109.7704393,18.7987079],[109.7658083,18.8048154],[109.7630388,18.8014489],[109.7620088,18.7994114],[109.7599488,18.7955644],[109.7516783,18.7863809],[109.7487563,18.7784214],[109.7494813,18.7708204],[109.7524568,18.7587854],[109.7600938,18.7553499],[109.7658463,18.7544919],[109.7681273,18.7502919],[109.7661973,18.7429964],[109.7638018,18.7361679],[109.7629928,18.7334349],[109.7632063,18.7253874],[109.7654798,18.7209549],[109.7689438,18.7157994],[109.7769473,18.7100524],[109.7841873,18.7096139],[109.7919923,18.7119139],[109.7973403,18.7131384],[109.8038713,18.7134074],[109.8085938,18.7102834],[109.8162688,18.7013284],[109.8244257,18.6955788],[109.8295447,18.6896856],[109.8335807,18.6803744],[109.8321007,18.6721462],[109.8220616,18.6613228],[109.82371,18.6531667],[109.82719,18.6370268],[109.8141857,18.6358119],[109.80904,18.6309479],[109.804585,18.6276311],[109.8018535,18.6251822],[109.8005415,18.6220028],[109.798939,18.6101013],[109.8014645,18.5987683],[109.803654,18.5918126],[109.8058895,18.5866918],[109.8128475,18.5853394],[109.8193012,18.5773093],[109.8213734,18.5709253],[109.827072,18.5698204],[109.8325115,18.5687155],[109.8379511,18.5708026],[109.8455924,18.5679788],[109.8479237,18.554105],[109.8420956,18.5474747],[109.8341952,18.5446506],[109.8309574,18.5382654],[109.8336772,18.5326168],[109.831864,18.5230384],[109.8272015,18.5148103],[109.8226685,18.5110031],[109.8123074,18.5139506],[109.8095876,18.5092837],[109.803889,18.5089153],[109.8020758,18.516284],[109.8007807,18.5195998],[109.7968953,18.51567],[109.7915852,18.516284],[109.7869033,18.5128309],[109.7853686,18.5107575],[109.7814832,18.5112488],[109.7770337,18.5128744]]]]}},{"type":"Feature","properties":{"name":"保亭黎族苗族自治县","shapeName":"保亭黎族苗族自治县","osm_relation_id":"2784607","source_admin_level":"6","reference_kind":"community administrative boundary; not official","snapshot_download_date":"2026-10-03","license":"ODbL-1.0","source_url":"https://www.openstreetmap.org/relation/2784607","source_division_code":"469029","utm_polygon_area_km2":1158.1255},"geometry":{"type":"MultiPolygon","coordinates":[[[[109.4028757,18.6302034],[109.407465,18.6286654],[109.4127088,18.6293393],[109.4240389,18.6294224],[109.4281618,18.6320914],[109.4307173,18.6339664],[109.4370503,18.6437343],[109.4370728,18.6486189],[109.4372633,18.6492479],[109.4389723,18.6525669],[109.4437178,18.6569519],[109.4466618,18.6572645],[109.4518862,18.6543251],[109.4554059,18.6552629],[109.4579546,18.6548118],[109.459286,18.6532601],[109.4599573,18.6518032],[109.464877,18.6512738],[109.4671556,18.6488175],[109.4690098,18.6490158],[109.4731878,18.6504273],[109.4766233,18.6499264],[109.4790882,18.648928],[109.4867896,18.6484236],[109.4891743,18.6502325],[109.4923663,18.6516609],[109.4956513,18.6535284],[109.4981538,18.6533564],[109.501357,18.6541585],[109.5054783,18.6556427],[109.514617,18.6513994],[109.5218503,18.6525716],[109.5224348,18.6581505],[109.531558,18.6590641],[109.5357457,18.6606872],[109.5339633,18.6655789],[109.5286911,18.6719369],[109.5267703,18.6764791],[109.5282714,18.684496],[109.5291566,18.6899233],[109.5238137,18.6966027],[109.5231738,18.7003504],[109.5241122,18.7056283],[109.5293173,18.709649],[109.5349016,18.7113683],[109.538696,18.7154119],[109.5405044,18.7232541],[109.5461196,18.7273102],[109.5469762,18.7327182],[109.5571598,18.7367741],[109.5607288,18.7394923],[109.5606975,18.7416913],[109.5603005,18.7423621],[109.5600361,18.74248],[109.5590487,18.7422334],[109.5583376,18.7420212],[109.5579412,18.7422458],[109.5575805,18.7440175],[109.5598247,18.7447054],[109.5612474,18.7445725],[109.5626216,18.7439427],[109.5655029,18.7405617],[109.5663595,18.7403623],[109.56805,18.7414226],[109.5735002,18.7434573],[109.5773512,18.7424382],[109.5808581,18.7400188],[109.579145,18.7260483],[109.5739104,18.7267694],[109.5676289,18.7247864],[109.566011,18.7229836],[109.566011,18.7205499],[109.5668035,18.7177085],[109.5719683,18.7179319],[109.574767,18.7170345],[109.5796709,18.71389],[109.5812388,18.7070286],[109.5846666,18.7056533],[109.5908514,18.6953993],[109.5952294,18.6954895],[109.5968736,18.6966325],[109.5982257,18.6966809],[109.600503,18.6940935],[109.605068,18.6915805],[109.6056812,18.6882547],[109.6077278,18.6853749],[109.6120923,18.6820031],[109.615456,18.6805682],[109.6165606,18.6840216],[109.6210814,18.6908991],[109.622925,18.6929652],[109.6288573,18.6916318],[109.6318773,18.7016384],[109.6303485,18.7045946],[109.6300821,18.7071714],[109.6342507,18.7119865],[109.6349169,18.7155021],[109.6381528,18.7207302],[109.6375818,18.7244258],[109.6420067,18.7250606],[109.6438504,18.7233298],[109.6504973,18.7269131],[109.6569972,18.7252371],[109.6636481,18.7272992],[109.6668953,18.7273102],[109.6709738,18.7291495],[109.6763729,18.7285141],[109.6806749,18.7255304],[109.6854853,18.7233603],[109.6909382,18.7256671],[109.6929099,18.7252827],[109.6961628,18.7236434],[109.6989926,18.7237024],[109.7003531,18.7263463],[109.7013336,18.7318077],[109.7025595,18.7343677],[109.7016996,18.7368326],[109.6988603,18.7446329],[109.6955425,18.7519114],[109.6929786,18.7588089],[109.6875338,18.7648054],[109.6865513,18.7706554],[109.683107,18.7757309],[109.6830749,18.7815628],[109.6780307,18.7869691],[109.6798775,18.7903909],[109.6838224,18.7930585],[109.6805413,18.8000841],[109.6826459,18.8055851],[109.6880239,18.8094034],[109.6885117,18.8140826],[109.6835508,18.8183222],[109.68041,18.8248083],[109.6827894,18.8270603],[109.6836459,18.8310239],[109.6865012,18.8330957],[109.6910149,18.832308],[109.704489,18.8323751],[109.7108363,18.8351196],[109.7161101,18.8288938],[109.7200393,18.8238259],[109.7269363,18.8206404],[109.7371368,18.8148329],[109.7443693,18.8141649],[109.7559508,18.8136024],[109.7643203,18.8110619],[109.7658083,18.8048154],[109.7630388,18.8014489],[109.7620088,18.7994114],[109.7599488,18.7955644],[109.7516783,18.7863809],[109.7487563,18.7784214],[109.7494813,18.7708204],[109.7524568,18.7587854],[109.7600938,18.7553499],[109.7658463,18.7544919],[109.7681273,18.7502919],[109.7661973,18.7429964],[109.7638018,18.7361679],[109.7629928,18.7334349],[109.7632063,18.7253874],[109.7654798,18.7209549],[109.7689438,18.7157994],[109.7769473,18.7100524],[109.7841873,18.7096139],[109.7919923,18.7119139],[109.7973403,18.7131384],[109.8038713,18.7134074],[109.8085938,18.7102834],[109.8162688,18.7013284],[109.8244257,18.6955788],[109.8295447,18.6896856],[109.8335807,18.6803744],[109.8321007,18.6721462],[109.8220616,18.6613228],[109.82371,18.6531667],[109.82719,18.6370268],[109.8141857,18.6358119],[109.80904,18.6309479],[109.804585,18.6276311],[109.8018535,18.6251822],[109.8005415,18.6220028],[109.798939,18.6101013],[109.8014645,18.5987683],[109.803654,18.5918126],[109.8058895,18.5866918],[109.8128475,18.5853394],[109.8193012,18.5773093],[109.8213734,18.5709253],[109.827072,18.5698204],[109.8325115,18.5687155],[109.8379511,18.5708026],[109.8455924,18.5679788],[109.8479237,18.554105],[109.8420956,18.5474747],[109.8341952,18.5446506],[109.8309574,18.5382654],[109.8336772,18.5326168],[109.831864,18.5230384],[109.8272015,18.5148103],[109.8226685,18.5110031],[109.8123074,18.5139506],[109.8095876,18.5092837],[109.803889,18.5089153],[109.8020758,18.516284],[109.8007807,18.5195998],[109.7968953,18.51567],[109.7915852,18.516284],[109.7869033,18.5128309],[109.7853686,18.5107575],[109.7814832,18.5112488],[109.7770337,18.5128744],[109.7768527,18.5134535],[109.7759028,18.5140325],[109.7754053,18.520788],[109.772058,18.5258062],[109.7696983,18.5257283],[109.76712,18.5277226],[109.7661927,18.5290307],[109.765469,18.5292237],[109.7639084,18.5278513],[109.7609682,18.5266504],[109.7593624,18.5269292],[109.7586387,18.5272508],[109.7579602,18.5267147],[109.7583899,18.5249777],[109.7578471,18.5233693],[109.7576662,18.5162923],[109.7566032,18.5137616],[109.7553592,18.5048183],[109.7477991,18.5030428],[109.7415941,18.5004343],[109.739483,18.5019205],[109.7355169,18.4980684],[109.7284162,18.4945194],[109.7211237,18.4948834],[109.7210277,18.4933971],[109.7212836,18.4921231],[109.7196843,18.4894841],[109.7196204,18.488665],[109.7205479,18.487937],[109.7215075,18.4862383],[109.7212836,18.4847822],[109.7194604,18.4820217],[109.7195564,18.4805353],[109.7198443,18.4796556],[109.722499,18.4763489],[109.722595,18.4747714],[109.7222431,18.4737703],[109.7211876,18.4737703],[109.7187568,18.4748928],[109.7164539,18.4746804],[109.7146947,18.4739524],[109.7088734,18.4668838],[109.7066025,18.4619386],[109.7059948,18.4576608],[109.703308,18.4496813],[109.703436,18.441398],[109.7042676,18.438303],[109.7050992,18.4368162],[109.7066345,18.4320219],[109.7059628,18.4274095],[109.7053871,18.4266205],[109.7047154,18.4268936],[109.7031161,18.4299888],[109.7014529,18.4321129],[109.6988301,18.4326894],[109.6939364,18.4372106],[109.6923052,18.4373017],[109.6848207,18.4280771],[109.6845009,18.4232219],[109.6859722,18.42043],[109.6860042,18.4148462],[109.6853325,18.4143],[109.6790954,18.4145428],[109.6785836,18.4133289],[109.6793513,18.4123274],[109.6784237,18.4098085],[109.6752892,18.40732],[109.6754171,18.4054687],[109.6771443,18.4025855],[109.6785836,18.4005521],[109.6793193,18.3982759],[109.6731142,18.3956658],[109.6710032,18.3966673],[109.6686043,18.3998844],[109.6641584,18.3981241],[109.6620794,18.3976082],[109.660864,18.3959389],[109.6609919,18.3947552],[109.6617725,18.3927176],[109.6613854,18.3921925],[109.6591583,18.3918162],[109.6555421,18.3933299],[109.6539469,18.3922203],[109.6527897,18.3922493],[109.6516669,18.3922493],[109.651034,18.3924624],[109.6488291,18.3943803],[109.6479717,18.394574],[109.6452949,18.3938163],[109.643521,18.3936635],[109.6391521,18.3950777],[109.6379181,18.397282],[109.635002,18.4008298],[109.6341503,18.4013366],[109.6341214,18.4022543],[109.6338644,18.4026328],[109.6322303,18.4014736],[109.6322014,18.400501],[109.6284543,18.3973442],[109.6249545,18.3971998],[109.6231645,18.3980217],[109.6227169,18.3980217],[109.6225829,18.3978565],[109.6207496,18.3948154],[109.6182681,18.3937096],[109.6164919,18.3933803],[109.615512,18.3935352],[109.6149812,18.3942327],[109.6144912,18.394407],[109.6122046,18.3935546],[109.6119597,18.3931865],[109.611878,18.3923535],[109.6116943,18.391966],[109.6101018,18.3908812],[109.6091015,18.3911718],[109.6088769,18.3915205],[109.6080603,18.3916561],[109.6044875,18.3913267],[109.6013639,18.3893507],[109.5999144,18.3886533],[109.5975258,18.388847],[109.5963621,18.3891957],[109.5951167,18.3906099],[109.5947084,18.3911911],[109.5942185,18.391133],[109.5930956,18.3905906],[109.5913194,18.3905131],[109.5908499,18.3907843],[109.5905641,18.3914817],[109.5853785,18.3966542],[109.5845006,18.3971579],[109.5837656,18.397061],[109.5811524,18.3958599],[109.5781309,18.3949494],[109.576416,18.3940389],[109.5754769,18.3924697],[109.5742315,18.3912299],[109.5734966,18.3897188],[109.5723737,18.3904356],[109.5641054,18.3943101],[109.5637175,18.3957243],[109.5632683,18.3960537],[109.5599912,18.3962963],[109.5595292,18.3972552],[109.5590673,18.3973648],[109.5572195,18.3969813],[109.5561512,18.3966251],[109.5554294,18.3966251],[109.553928,18.3975292],[109.5531196,18.3972004],[109.5513584,18.3959402],[109.5492796,18.3966251],[109.5475473,18.3967073],[109.5456995,18.3964059],[109.5437895,18.3956105],[109.5427545,18.3953922],[109.538135,18.3966799],[109.5356809,18.3977484],[109.5349805,18.4007473],[109.5343287,18.402424],[109.5345025,18.4065743],[109.5347632,18.4074951],[109.5345605,18.4081685],[109.5343287,18.4084846],[109.534068,18.4095152],[109.5341259,18.4100237],[109.5340535,18.4107796],[109.5287814,18.4133906],[109.528289,18.4146274],[109.5275503,18.4188462],[109.5264061,18.4193821],[109.5257688,18.4200142],[109.5255371,18.4204539],[109.5254647,18.4213059],[109.5253198,18.4215258],[109.5246826,18.4218143],[109.5241756,18.4223365],[109.5181069,18.4243015],[109.51802,18.4250711],[109.5151378,18.4268162],[109.513588,18.429427],[109.5121831,18.4300728],[109.5115458,18.4307873],[109.5109954,18.4361324],[109.5103726,18.4374103],[109.510474,18.4376026],[109.5108941,18.4376438],[109.511821,18.4371217],[109.5133851,18.4358173],[109.5140815,18.4356812],[109.5151467,18.435176],[109.5158226,18.4352149],[109.5202469,18.438732],[109.5206976,18.439587],[109.5208409,18.4405003],[109.5205747,18.4419382],[109.5210867,18.4436481],[109.5231351,18.4474177],[109.5225173,18.4514178],[109.517113,18.4556949],[109.5165395,18.4576378],[109.5170721,18.4616014],[109.5194862,18.4640481],[109.5205132,18.4729864],[109.5210048,18.4736081],[109.5237081,18.4754453],[109.5223008,18.4804763],[109.526163,18.4858637],[109.5305661,18.4893252],[109.5329124,18.492457],[109.5316089,18.4978414],[109.5310875,18.4993523],[109.5321013,18.5006159],[109.5325069,18.5083624],[109.5321882,18.5097084],[109.5314641,18.5104775],[109.5310295,18.5138562],[109.5318986,18.5146802],[109.5307978,18.5191849],[109.531493,18.5205583],[109.5316107,18.5259537],[109.5320724,18.5300068],[109.5310875,18.533028],[109.5272805,18.5364231],[109.5205433,18.5390153],[109.5144651,18.5400977],[109.5079185,18.5408118],[109.5055142,18.541828],[109.5034865,18.5432286],[109.502096,18.5527582],[109.5008215,18.5550925],[109.4991703,18.5567951],[109.4970557,18.5552298],[109.4936086,18.5552298],[109.4919574,18.5547904],[109.490567,18.5549002],[109.4888579,18.5554495],[109.4836438,18.5546256],[109.4767495,18.558635],[109.4746059,18.5589645],[109.4697394,18.561793],[109.462121,18.5599531],[109.4585869,18.5586075],[109.4520113,18.5587723],[109.449636,18.5609142],[109.4463047,18.5622873],[109.4456964,18.5630012],[109.4429155,18.5636878],[109.4395843,18.5657473],[109.4367744,18.5685756],[109.4341674,18.5701133],[109.432748,18.5704703],[109.4297643,18.5707449],[109.4288663,18.5697014],[109.4271573,18.5701133],[109.42652,18.5695092],[109.4264041,18.5674223],[109.4251006,18.5662965],[109.4219431,18.5648411],[109.4192202,18.5646489],[109.4173373,18.5662415],[109.4161207,18.568301],[109.4166421,18.5701683],[109.4177428,18.5708273],[109.4184091,18.571651],[109.4194213,18.5736106],[109.4197065,18.575733],[109.4193791,18.5763137],[109.4181328,18.5756029],[109.4167718,18.5758817],[109.4147974,18.5779172],[109.4146235,18.5796046],[109.4150602,18.5826059],[109.4129643,18.5866057],[109.4106201,18.5899882],[109.4091279,18.5931618],[109.4079632,18.5969562],[109.4085092,18.5990604],[109.4071989,18.6005091],[109.4047241,18.6003711],[109.4049061,18.6025098],[109.4043237,18.6033031],[109.4025768,18.6047173],[109.402322,18.6057176],[109.4033047,18.608477],[109.4042146,18.6112364],[109.4037778,18.6195832],[109.4029883,18.6212714],[109.4004098,18.6234883],[109.4028757,18.6302034]]]]}},{"type":"Feature","properties":{"name":"琼中黎族苗族自治县","shapeName":"琼中黎族苗族自治县","osm_relation_id":"2784618","source_admin_level":"6","reference_kind":"community administrative boundary; not official","snapshot_download_date":"2026-10-03","license":"ODbL-1.0","source_url":"https://www.openstreetmap.org/relation/2784618","source_division_code":"469030","utm_polygon_area_km2":2717.3054},"geometry":{"type":"MultiPolygon","coordinates":[[[[109.8699795,19.3919655],[109.8640823,19.3895034],[109.8557813,19.3881894],[109.8517988,19.3855764],[109.8483278,19.3836324],[109.8451998,19.3780084],[109.8418738,19.3735369],[109.8393783,19.3658254],[109.8397063,19.3619139],[109.8392028,19.3552779],[109.8329468,19.3504504],[109.8278198,19.3494829],[109.8238068,19.3459529],[109.8162383,19.3404234],[109.8206633,19.3379099],[109.8203508,19.3337934],[109.8187788,19.3264884],[109.8203893,19.3207414],[109.8190688,19.3143484],[109.8189318,19.3054239],[109.8153003,19.2959329],[109.8161163,19.2925414],[109.8209913,19.2870939],[109.8242033,19.2823939],[109.8276903,19.2786009],[109.8324433,19.2763709],[109.8377683,19.2761844],[109.8431473,19.2775994],[109.8497083,19.2778284],[109.8562163,19.2769129],[109.8604888,19.2746999],[109.8637773,19.2720564],[109.8693238,19.2652074],[109.8729628,19.2593459],[109.8792268,19.2522449],[109.8810578,19.2496549],[109.8854828,19.2449079],[109.8901673,19.2410734],[109.8940278,19.2407074],[109.9049608,19.2414684],[109.9110793,19.2428569],[109.9173208,19.2414874],[109.9241563,19.2366564],[109.9315568,19.2340984],[109.9388428,19.2283344],[109.9443663,19.2212544],[109.9479828,19.2147014],[109.9485173,19.2100929],[109.9476168,19.2055379],[109.9469303,19.2005159],[109.9473038,19.1977484],[109.9535828,19.1905079],[109.9692763,19.1925524],[109.9732133,19.1939219],[109.9908373,19.1902254],[109.9929733,19.1890029],[109.9975438,19.1879214],[110.0028383,19.1872709],[110.0086138,19.1861459],[110.0143433,19.1843359],[110.0193178,19.1816309],[110.0224073,19.1741789],[110.0237198,19.1706884],[110.0290068,19.1636179],[110.0349123,19.1599619],[110.0393678,19.1563589],[110.0426713,19.1484374],[110.0434263,19.1431369],[110.0442963,19.1405774],[110.0467988,19.1368179],[110.0529403,19.1329229],[110.0614473,19.1337624],[110.0646363,19.1347944],[110.0736923,19.1369879],[110.0800398,19.1383649],[110.0902328,19.1386814],[110.0974733,19.1381914],[110.1022568,19.1368674],[110.1053773,19.1362934],[110.1108933,19.1347179],[110.1124113,19.1305314],[110.1147233,19.1217269],[110.1170273,19.1133844],[110.1165008,19.1062909],[110.1169133,19.0984744],[110.1187363,19.0901489],[110.1202088,19.0845869],[110.1212463,19.0804194],[110.1201933,19.0724259],[110.1188294,19.0697942],[110.1188294,19.0694289],[110.1196853,19.0647579],[110.1166206,19.0618874],[110.1175041,19.0567986],[110.1193883,19.0519931],[110.1197196,19.0491223],[110.1241371,19.0483916],[110.1240267,19.0467213],[110.1250206,19.0441637],[110.1297695,19.0402489],[110.1330827,19.0395181],[110.1360093,19.0366471],[110.1363406,19.0340371],[110.1381629,19.0310617],[110.1405925,19.0273554],[110.1436848,19.0259981],[110.1481576,19.0256327],[110.1521334,19.0232835],[110.1536243,19.0209343],[110.1501455,19.0169146],[110.1483784,19.0109108],[110.1494276,19.0089791],[110.1521886,19.0067863],[110.1537347,19.0038104],[110.1544526,19.0009911],[110.1499652,18.993988],[110.1459558,18.9913595],[110.1454212,18.98772],[110.1455934,18.9802954],[110.1451398,18.9755555],[110.1409277,18.9722142],[110.1379085,18.9717824],[110.1324973,18.9665646],[110.1270817,18.9626497],[110.1244329,18.9576396],[110.1160049,18.955476],[110.1086428,18.9503229],[110.1038668,18.9461364],[110.1012092,18.9390808],[110.1008833,18.9382154],[110.1019668,18.9292279],[110.1020433,18.9250944],[110.1000978,18.9189699],[110.0933303,18.9132499],[110.0896303,18.9113199],[110.0824968,18.9085979],[110.0765763,18.9058284],[110.0723188,18.9020844],[110.0541229,18.8963321],[110.0445972,18.8924697],[110.0411196,18.8868904],[110.0473188,18.8804525],[110.0536693,18.8720113],[110.0583723,18.8624364],[110.0651628,18.8569109],[110.0691068,18.8528669],[110.0727918,18.8483734],[110.0778123,18.8410779],[110.0794908,18.8348219],[110.0832368,18.8261929],[110.0857618,18.8226604],[110.0887678,18.8193379],[110.0914078,18.8130454],[110.0904463,18.8073444],[110.0863568,18.8019849],[110.0823668,18.7989159],[110.0798268,18.7958009],[110.0733873,18.7919024],[110.0665158,18.7891982],[110.0653228,18.7839354],[110.0644533,18.7802964],[110.0675849,18.7751282],[110.0635223,18.7752819],[110.0603146,18.7718889],[110.0572141,18.7682447],[110.0532582,18.7605509],[110.0495161,18.7574126],[110.0421389,18.7623732],[110.0370069,18.7634867],[110.0335856,18.7560965],[110.0268499,18.7509333],[110.0266038,18.7408219],[110.0213972,18.7372651],[110.0139131,18.7351389],[110.0107575,18.7341613],[110.0008463,18.7347596],[109.9983991,18.7342407],[109.99648,18.7335198],[109.9941328,18.7335149],[109.9858628,18.7388189],[109.9798733,18.7472724],[109.9759598,18.7531319],[109.9711223,18.7601739],[109.9614028,18.7652894],[109.9527893,18.7680739],[109.9452668,18.7673774],[109.9355163,18.7644539],[109.9259033,18.7587644],[109.9163208,18.7539959],[109.9064483,18.7476214],[109.9012523,18.7440984],[109.8922273,18.7344854],[109.8859483,18.7342109],[109.8838728,18.7368009],[109.8830568,18.7416494],[109.8789293,18.7482054],[109.8731233,18.7479169],[109.8664628,18.7437479],[109.8596803,18.7359029],[109.8546828,18.7307644],[109.8480073,18.7261354],[109.8406983,18.7242814],[109.8287963,18.7223319],[109.8211363,18.7246229],[109.8152238,18.7280139],[109.8117523,18.7327099],[109.8086318,18.7406139],[109.8071363,18.7466299],[109.8053663,18.7515089],[109.8037798,18.7618944],[109.8020173,18.7670019],[109.8000108,18.7721159],[109.7953718,18.7779939],[109.7901763,18.7815934],[109.7804418,18.7869299],[109.7750473,18.7921409],[109.7704393,18.7987079],[109.7658083,18.8048154],[109.7643203,18.8110619],[109.7559508,18.8136024],[109.7443693,18.8141649],[109.7371368,18.8148329],[109.7269363,18.8206404],[109.7200393,18.8238259],[109.7161101,18.8288938],[109.7108363,18.8351196],[109.7103296,18.8388482],[109.709803,18.8452365],[109.7105848,18.8500455],[109.7107151,18.8544846],[109.7122786,18.8568273],[109.7125392,18.8591701],[109.7095424,18.8658282],[109.7085,18.8691572],[109.7021155,18.8750752],[109.6975552,18.8782807],[109.6956007,18.8837052],[109.6940372,18.8902391],[109.700552,18.8964029],[109.7043306,18.8998546],[109.7081092,18.9015804],[109.7148845,18.9005942],[109.7202267,18.90232],[109.7234841,18.9066343],[109.7275233,18.9103323],[109.7276536,18.9124278],[109.7266112,18.915386],[109.719054,18.9161256],[109.7121483,18.9178512],[109.7090212,18.918714],[109.7061547,18.9222884],[109.7043306,18.924014],[109.7006823,18.9248768],[109.6963825,18.9231512],[109.6932554,18.9231512],[109.6915615,18.9247535],[109.6881739,18.9270953],[109.684265,18.9285743],[109.6780108,18.9267256],[109.6750139,18.9266023],[109.6727989,18.9277116],[109.6711051,18.9266023],[109.6694112,18.9236442],[109.665372,18.9219187],[109.6608117,18.9209326],[109.6578149,18.9163721],[109.6537757,18.9179745],[109.6496062,18.9199466],[109.6447853,18.9205629],[109.6403552,18.9204396],[109.638531,18.919207],[109.6351434,18.9174814],[109.6298012,18.9200698],[109.625762,18.9216722],[109.6215926,18.9208094],[109.6195078,18.9194536],[109.6179443,18.9157558],[109.6109083,18.9130441],[109.6075206,18.9140302],[109.6038723,18.9140302],[109.6016573,18.9135371],[109.598009,18.9100858],[109.5969666,18.9146465],[109.5935789,18.9206861],[109.5930577,18.9241372],[109.5914942,18.9252465],[109.5796372,18.9256163],[109.5732527,18.9273418],[109.5703862,18.932395],[109.569865,18.9376946],[109.5688226,18.9397897],[109.5660864,18.9423778],[109.5520145,18.9461982],[109.5487571,18.9486629],[109.5454997,18.9549478],[109.5440664,18.9586446],[109.5434149,18.969858],[109.5422423,18.9757724],[109.5388546,18.9821795],[109.5349457,18.9874775],[109.5333821,18.9898184],[109.5309065,18.9922825],[109.5301247,18.9964713],[109.5286915,18.9985657],[109.5246523,19.0015224],[109.5242614,19.0049719],[109.5253038,19.0131025],[109.5289521,19.0161822],[109.5269976,19.0179067],[109.5233493,19.0213559],[109.5194539,19.0329578],[109.5276033,19.0362549],[109.5339128,19.0443514],[109.5381163,19.0554924],[109.5509033,19.0693834],[109.5625528,19.0702074],[109.5720673,19.0655784],[109.5779723,19.0608179],[109.5845488,19.0544319],[109.5893098,19.0520019],[109.5975568,19.0526904],[109.6042708,19.0582464],[109.6060488,19.0685369],[109.6043928,19.0770834],[109.6061098,19.0855349],[109.6137773,19.0910624],[109.6184709,19.0925266],[109.6252663,19.0946464],[109.6413878,19.0990179],[109.6474913,19.1082649],[109.6502228,19.1178379],[109.6572498,19.1256809],[109.6703038,19.1248514],[109.6763763,19.1182459],[109.6821363,19.1171644],[109.6883393,19.1215819],[109.6946868,19.1305899],[109.6947023,19.1386319],[109.6934813,19.1457899],[109.6919633,19.1511154],[109.6879503,19.1544454],[109.6839293,19.1573179],[109.6795578,19.1643354],[109.6779328,19.1737999],[109.6812143,19.175029],[109.6846629,19.1892862],[109.6894499,19.1951221],[109.6895692,19.2017217],[109.6921692,19.2055883],[109.6943531,19.2087271],[109.6980818,19.2172584],[109.7020424,19.2233189],[109.7024339,19.2298093],[109.7023374,19.2372566],[109.7038306,19.2486567],[109.6997742,19.2543473],[109.6994544,19.2623087],[109.6936798,19.2724684],[109.6930313,19.2807484],[109.6944733,19.2866629],[109.6969068,19.2934629],[109.6996078,19.3002509],[109.7028578,19.3090859],[109.7038193,19.3214414],[109.7025068,19.3313504],[109.6977918,19.3409174],[109.6947478,19.3437749],[109.6900023,19.3464604],[109.6832428,19.3469239],[109.6798323,19.3468094],[109.6759263,19.3462544],[109.6708603,19.3466589],[109.6635283,19.3514974],[109.6561278,19.3545019],[109.6483078,19.3527049],[109.646064,19.3527812],[109.6422498,19.3529109],[109.6395418,19.3580494],[109.6401673,19.3619269],[109.6407318,19.3637449],[109.6429598,19.3712389],[109.6421433,19.3815879],[109.6386033,19.3904264],[109.6384428,19.3989179],[109.6437683,19.4049299],[109.6479,19.406528],[109.6513978,19.4078809],[109.6554868,19.4070549],[109.6615518,19.4070759],[109.6714478,19.4120139],[109.6781233,19.4152279],[109.6859283,19.4165654],[109.6923903,19.4142819],[109.6968918,19.4115994],[109.7037208,19.4063204],[109.7079618,19.4031924],[109.7106474,19.4031819],[109.7117335,19.4015456],[109.7135287,19.4012041],[109.7138863,19.401892],[109.7137249,19.4026412],[109.7143132,19.404619],[109.7151731,19.4052593],[109.7167118,19.4056292],[109.7180848,19.4063403],[109.7193518,19.4072797],[109.7206341,19.4085318],[109.7256587,19.4097821],[109.7276769,19.4096896],[109.7300174,19.4107088],[109.7314003,19.4108646],[109.7316229,19.4103081],[109.7372138,19.4076917],[109.7379533,19.4064484],[109.7414816,19.4036663],[109.7450139,19.4029388],[109.7480541,19.4034248],[109.7496009,19.4031398],[109.7529622,19.4036663],[109.7584993,19.4019659],[109.7643963,19.4013029],[109.7675237,19.3980915],[109.7672168,19.3973462],[109.7711743,19.3928512],[109.7684624,19.3883304],[109.7758519,19.379993],[109.7785094,19.3805096],[109.7824957,19.3791898],[109.7832639,19.3776599],[109.7830931,19.3756871],[109.7854405,19.3749221],[109.7879935,19.3746847],[109.7888547,19.3756468],[109.7889828,19.3764521],[109.7885322,19.3772485],[109.7891108,19.382008],[109.7919637,19.3843424],[109.7949151,19.3849872],[109.7974758,19.3846651],[109.8009754,19.386517],[109.8018568,19.3883154],[109.8048165,19.3911467],[109.8084367,19.391269],[109.813288,19.3920155],[109.8202712,19.3969515],[109.8249607,19.3979501],[109.8272227,19.3964606],[109.8281821,19.3949472],[109.8325148,19.3926362],[109.8335818,19.3915493],[109.8357584,19.3909454],[109.8372384,19.3883217],[109.8390446,19.386356],[109.8415572,19.3871992],[109.8420321,19.3884092],[109.8420321,19.3903013],[109.8446814,19.3911084],[109.8462573,19.3903818],[109.8479644,19.3904221],[109.850269,19.3916298],[109.8488607,19.3933206],[109.8469401,19.3938842],[109.8443868,19.3965819],[109.8405463,19.3990637],[109.8365693,19.3999629],[109.835673,19.4011705],[109.8352036,19.4035053],[109.8359408,19.4056166],[109.8471334,19.4096774],[109.8492099,19.4113301],[109.8515595,19.4152364],[109.8505678,19.4160239],[109.8509946,19.417473],[109.8501913,19.4192004],[109.8519762,19.421498],[109.8532853,19.4219602],[109.8552198,19.4216188],[109.8573517,19.4198876],[109.857439,19.4185195],[109.8536406,19.4149371],[109.8535314,19.4138046],[109.8557319,19.4119988],[109.8593833,19.4126929],[109.8619203,19.4098251],[109.8654758,19.4037273],[109.8639678,19.3970584],[109.8636701,19.3958165],[109.8682794,19.3950114],[109.8699795,19.3919655]]]]}}]}
