id,lod,west,south,east,north,width,height,display_x_m,display_y_m,min_zoom,max_zoom,status,total_display_pixels,source_nodata_pixels,cloud_display_pixels,crops_display_pixels,file
overview-00-00,overview,108.5,17.8,111.44912,20.5,2048,1875,151.43023477442875,160.3008,0,9,available,3840000,1795272,160,429303,classes/overview/overview-00-00.png
overview-00-01,overview,111.44912,17.8,111.49952,20.5,35,1875,151.43023477442875,160.3008,0,9,source-nodata,65625,65625,0,0,
medium-00-00,medium,108.5,20.13136,108.86864,20.5,1024,1024,37.582280282796845,40.0752,10,11,source-nodata,1048576,1048576,0,0,
medium-00-01,medium,108.86864,20.13136,109.23728,20.5,1024,1024,37.582280282796845,40.0752,10,11,source-nodata,1048576,1048576,0,0,
medium-00-02,medium,109.23728,20.13136,109.60592,20.5,1024,1024,37.582280282796845,40.0752,10,11,source-nodata,1048576,1048576,0,0,
medium-00-03,medium,109.60592,20.13136,109.97456,20.5,1024,1024,37.582280282796845,40.0752,10,11,available,1048576,501940,0,59142,classes/medium/medium-00-03.png
medium-00-04,medium,109.97456,20.13136,110.3432,20.5,1024,1024,37.582280282796845,40.0752,10,11,available,1048576,0,0,519518,classes/medium/medium-00-04.png
medium-00-05,medium,110.3432,20.13136,110.71184,20.5,1024,1024,37.582280282796845,40.0752,10,11,available,1048576,10099,0,171790,classes/medium/medium-00-05.png
medium-00-06,medium,110.71184,20.13136,111.08048,20.5,1024,1024,37.582280282796845,40.0752,10,11,available,1048576,973249,0,0,classes/medium/medium-00-06.png
medium-00-07,medium,111.08048,20.13136,111.44912,20.5,1024,1024,37.582280282796845,40.0752,10,11,source-nodata,1048576,1048576,0,0,
medium-00-08,medium,111.44912,20.13136,111.49988,20.5,141,1024,37.582280282796845,40.0752,10,11,source-nodata,144384,144384,0,0,
medium-01-00,medium,108.5,19.76272,108.86864,20.13136,1024,1024,37.67102293057462,40.0752,10,11,source-nodata,1048576,1048576,0,0,
medium-01-01,medium,108.86864,19.76272,109.23728,20.13136,1024,1024,37.67102293057462,40.0752,10,11,available,1048576,815373,0,5737,classes/medium/medium-01-01.png
medium-01-02,medium,109.23728,19.76272,109.60592,20.13136,1024,1024,37.67102293057462,40.0752,10,11,available,1048576,275636,0,207795,classes/medium/medium-01-02.png
medium-01-03,medium,109.60592,19.76272,109.97456,20.13136,1024,1024,37.67102293057462,40.0752,10,11,available,1048576,29509,0,471860,classes/medium/medium-01-03.png
medium-01-04,medium,109.97456,19.76272,110.3432,20.13136,1024,1024,37.67102293057462,40.0752,10,11,available,1048576,0,1,320871,classes/medium/medium-01-04.png
medium-01-05,medium,110.3432,19.76272,110.71184,20.13136,1024,1024,37.67102293057462,40.0752,10,11,available,1048576,0,42,408695,classes/medium/medium-01-05.png
medium-01-06,medium,110.71184,19.76272,111.08048,20.13136,1024,1024,37.67102293057462,40.0752,10,11,available,1048576,80104,334,168726,classes/medium/medium-01-06.png
medium-01-07,medium,111.08048,19.76272,111.44912,20.13136,1024,1024,37.67102293057462,40.0752,10,11,available,1048576,502348,0,0,classes/medium/medium-01-07.png
medium-01-08,medium,111.44912,19.76272,111.49988,20.13136,141,1024,37.67102293057462,40.0752,10,11,source-nodata,144384,144384,0,0,
medium-02-00,medium,108.5,19.39408,108.86864,19.76272,1024,1024,37.75820614950031,40.0752,10,11,available,1048576,809055,16,10232,classes/medium/medium-02-00.png
medium-02-01,medium,108.86864,19.39408,109.23728,19.76272,1024,1024,37.75820614950031,40.0752,10,11,available,1048576,119509,1,155778,classes/medium/medium-02-01.png
medium-02-02,medium,109.23728,19.39408,109.60592,19.76272,1024,1024,37.75820614950031,40.0752,10,11,available,1048576,0,0,236483,classes/medium/medium-02-02.png
medium-02-03,medium,109.60592,19.39408,109.97456,19.76272,1024,1024,37.75820614950031,40.0752,10,11,available,1048576,0,3,179218,classes/medium/medium-02-03.png
medium-02-04,medium,109.97456,19.39408,110.3432,19.76272,1024,1024,37.75820614950031,40.0752,10,11,available,1048576,0,13,292106,classes/medium/medium-02-04.png
medium-02-05,medium,110.3432,19.39408,110.71184,19.76272,1024,1024,37.75820614950031,40.0752,10,11,available,1048576,0,23,721584,classes/medium/medium-02-05.png
medium-02-06,medium,110.71184,19.39408,111.08048,19.76272,1024,1024,37.75820614950031,40.0752,10,11,available,1048576,150855,9,158098,classes/medium/medium-02-06.png
medium-02-07,medium,111.08048,19.39408,111.44912,19.76272,1024,1024,37.75820614950031,40.0752,10,11,available,1048576,951124,0,0,classes/medium/medium-02-07.png
medium-02-08,medium,111.44912,19.39408,111.49988,19.76272,141,1024,37.75820614950031,40.0752,10,11,source-nodata,144384,144384,0,0,
medium-03-00,medium,108.5,19.02544,108.86864,19.39408,1024,1024,37.84382633053925,40.0752,10,11,available,1048576,84218,0,368416,classes/medium/medium-03-00.png
medium-03-01,medium,108.86864,19.02544,109.23728,19.39408,1024,1024,37.84382633053925,40.0752,10,11,available,1048576,0,0,340856,classes/medium/medium-03-01.png
medium-03-02,medium,109.23728,19.02544,109.60592,19.39408,1024,1024,37.84382633053925,40.0752,10,11,available,1048576,0,0,52054,classes/medium/medium-03-02.png
medium-03-03,medium,109.60592,19.02544,109.97456,19.39408,1024,1024,37.84382633053925,40.0752,10,11,available,1048576,0,113,49882,classes/medium/medium-03-03.png
medium-03-04,medium,109.97456,19.02544,110.3432,19.39408,1024,1024,37.84382633053925,40.0752,10,11,available,1048576,0,105,110175,classes/medium/medium-03-04.png
medium-03-05,medium,110.3432,19.02544,110.71184,19.39408,1024,1024,37.84382633053925,40.0752,10,11,available,1048576,34648,113,301804,classes/medium/medium-03-05.png
medium-03-06,medium,110.71184,19.02544,111.08048,19.39408,1024,1024,37.84382633053925,40.0752,10,11,available,1048576,938443,0,0,classes/medium/medium-03-06.png
medium-03-07,medium,111.08048,19.02544,111.44912,19.39408,1024,1024,37.84382633053925,40.0752,10,11,source-nodata,1048576,1048576,0,0,
medium-03-08,medium,111.44912,19.02544,111.49988,19.39408,141,1024,37.84382633053925,40.0752,10,11,source-nodata,144384,144384,0,0,
medium-04-00,medium,108.5,18.6568,108.86864,19.02544,1024,1024,37.92787992936027,40.0752,10,11,available,1048576,137361,208,293197,classes/medium/medium-04-00.png
medium-04-01,medium,108.86864,18.6568,109.23728,19.02544,1024,1024,37.92787992936027,40.0752,10,11,available,1048576,0,3,156912,classes/medium/medium-04-01.png
medium-04-02,medium,109.23728,18.6568,109.60592,19.02544,1024,1024,37.92787992936027,40.0752,10,11,available,1048576,0,13,66710,classes/medium/medium-04-02.png
medium-04-03,medium,109.60592,18.6568,109.97456,19.02544,1024,1024,37.92787992936027,40.0752,10,11,available,1048576,0,87,17353,classes/medium/medium-04-03.png
medium-04-04,medium,109.97456,18.6568,110.3432,19.02544,1024,1024,37.92787992936027,40.0752,10,11,available,1048576,0,463,58903,classes/medium/medium-04-04.png
medium-04-05,medium,110.3432,18.6568,110.71184,19.02544,1024,1024,37.92787992936027,40.0752,10,11,available,1048576,196876,388,157824,classes/medium/medium-04-05.png
medium-04-06,medium,110.71184,18.6568,111.08048,19.02544,1024,1024,37.92787992936027,40.0752,10,11,source-nodata,1048576,1048576,0,0,
medium-04-07,medium,111.08048,18.6568,111.44912,19.02544,1024,1024,37.92787992936027,40.0752,10,11,source-nodata,1048576,1048576,0,0,
medium-04-08,medium,111.44912,18.6568,111.49988,19.02544,141,1024,37.92787992936027,40.0752,10,11,source-nodata,144384,144384,0,0,
medium-05-00,medium,108.5,18.28816,108.86864,18.6568,1024,1024,38.01036346648241,40.0752,10,11,available,1048576,444860,11,136957,classes/medium/medium-05-00.png
medium-05-01,medium,108.86864,18.28816,109.23728,18.6568,1024,1024,38.01036346648241,40.0752,10,11,available,1048576,0,37,305754,classes/medium/medium-05-01.png
medium-05-02,medium,109.23728,18.28816,109.60592,18.6568,1024,1024,38.01036346648241,40.0752,10,11,available,1048576,0,93,100919,classes/medium/medium-05-02.png
medium-05-03,medium,109.60592,18.28816,109.97456,18.6568,1024,1024,38.01036346648241,40.0752,10,11,available,1048576,0,784,186594,classes/medium/medium-05-03.png
medium-05-04,medium,109.97456,18.28816,110.3432,18.6568,1024,1024,38.01036346648241,40.0752,10,11,available,1048576,303253,9,75697,classes/medium/medium-05-04.png
medium-05-05,medium,110.3432,18.28816,110.71184,18.6568,1024,1024,38.01036346648241,40.0752,10,11,available,1048576,866533,0,0,classes/medium/medium-05-05.png
medium-05-06,medium,110.71184,18.28816,111.08048,18.6568,1024,1024,38.01036346648241,40.0752,10,11,source-nodata,1048576,1048576,0,0,
medium-05-07,medium,111.08048,18.28816,111.44912,18.6568,1024,1024,38.01036346648241,40.0752,10,11,source-nodata,1048576,1048576,0,0,
medium-05-08,medium,111.44912,18.28816,111.49988,18.6568,141,1024,38.01036346648241,40.0752,10,11,source-nodata,144384,144384,0,0,
medium-06-00,medium,108.5,17.91952,108.86864,18.28816,1024,1024,38.091273527418956,40.0752,10,11,available,1048576,1047580,0,0,classes/medium/medium-06-00.png
medium-06-01,medium,108.86864,17.91952,109.23728,18.28816,1024,1024,38.091273527418956,40.0752,10,11,available,1048576,835322,0,0,classes/medium/medium-06-01.png
medium-06-02,medium,109.23728,17.91952,109.60592,18.28816,1024,1024,38.091273527418956,40.0752,10,11,available,1048576,525484,1,467,classes/medium/medium-06-02.png
medium-06-03,medium,109.60592,17.91952,109.97456,18.28816,1024,1024,38.091273527418956,40.0752,10,11,available,1048576,698219,0,2020,classes/medium/medium-06-03.png
medium-06-04,medium,109.97456,17.91952,110.3432,18.28816,1024,1024,38.091273527418956,40.0752,10,11,available,1048576,1041338,0,0,classes/medium/medium-06-04.png
medium-06-05,medium,110.3432,17.91952,110.71184,18.28816,1024,1024,38.091273527418956,40.0752,10,11,source-nodata,1048576,1048576,0,0,
medium-06-06,medium,110.71184,17.91952,111.08048,18.28816,1024,1024,38.091273527418956,40.0752,10,11,source-nodata,1048576,1048576,0,0,
medium-06-07,medium,111.08048,17.91952,111.44912,18.28816,1024,1024,38.091273527418956,40.0752,10,11,source-nodata,1048576,1048576,0,0,
medium-06-08,medium,111.44912,17.91952,111.49988,18.28816,141,1024,38.091273527418956,40.0752,10,11,source-nodata,144384,144384,0,0,
medium-07-00,medium,108.5,17.8,108.86864,17.91952,1024,332,38.143977395349,40.0752,10,11,source-nodata,339968,339968,0,0,
medium-07-01,medium,108.86864,17.8,109.23728,17.91952,1024,332,38.143977395349,40.0752,10,11,source-nodata,339968,339968,0,0,
medium-07-02,medium,109.23728,17.8,109.60592,17.91952,1024,332,38.143977395349,40.0752,10,11,source-nodata,339968,339968,0,0,
medium-07-03,medium,109.60592,17.8,109.97456,17.91952,1024,332,38.143977395349,40.0752,10,11,source-nodata,339968,339968,0,0,
medium-07-04,medium,109.97456,17.8,110.3432,17.91952,1024,332,38.143977395349,40.0752,10,11,source-nodata,339968,339968,0,0,
medium-07-05,medium,110.3432,17.8,110.71184,17.91952,1024,332,38.143977395349,40.0752,10,11,source-nodata,339968,339968,0,0,
medium-07-06,medium,110.71184,17.8,111.08048,17.91952,1024,332,38.143977395349,40.0752,10,11,source-nodata,339968,339968,0,0,
medium-07-07,medium,111.08048,17.8,111.44912,17.91952,1024,332,38.143977395349,40.0752,10,11,source-nodata,339968,339968,0,0,
medium-07-08,medium,111.44912,17.8,111.49988,17.91952,141,332,38.143977395349,40.0752,10,11,source-nodata,46812,46812,0,0,
detail-00-00,detail,108.5,20.40784,108.59216,20.5,1024,1024,9.387150124339753,10.0188,12,18,source-nodata,1048576,1048576,0,0,
detail-00-01,detail,108.59216,20.40784,108.68432,20.5,1024,1024,9.387150124339753,10.0188,12,18,source-nodata,1048576,1048576,0,0,
detail-00-02,detail,108.68432,20.40784,108.77648,20.5,1024,1024,9.387150124339753,10.0188,12,18,source-nodata,1048576,1048576,0,0,
detail-00-03,detail,108.77648,20.40784,108.86864,20.5,1024,1024,9.387150124339753,10.0188,12,18,source-nodata,1048576,1048576,0,0,
detail-00-04,detail,108.86864,20.40784,108.9608,20.5,1024,1024,9.387150124339753,10.0188,12,18,source-nodata,1048576,1048576,0,0,
detail-00-05,detail,108.9608,20.40784,109.05296,20.5,1024,1024,9.387150124339753,10.0188,12,18,source-nodata,1048576,1048576,0,0,
detail-00-06,detail,109.05296,20.40784,109.14512,20.5,1024,1024,9.387150124339753,10.0188,12,18,source-nodata,1048576,1048576,0,0,
detail-00-07,detail,109.14512,20.40784,109.23728,20.5,1024,1024,9.387150124339753,10.0188,12,18,source-nodata,1048576,1048576,0,0,
detail-00-08,detail,109.23728,20.40784,109.32944,20.5,1024,1024,9.387150124339753,10.0188,12,18,source-nodata,1048576,1048576,0,0,
detail-00-09,detail,109.32944,20.40784,109.4216,20.5,1024,1024,9.387150124339753,10.0188,12,18,source-nodata,1048576,1048576,0,0,
detail-00-10,detail,109.4216,20.40784,109.51376,20.5,1024,1024,9.387150124339753,10.0188,12,18,source-nodata,1048576,1048576,0,0,
detail-00-11,detail,109.51376,20.40784,109.60592,20.5,1024,1024,9.387150124339753,10.0188,12,18,source-nodata,1048576,1048576,0,0,
detail-00-12,detail,109.60592,20.40784,109.69808,20.5,1024,1024,9.387150124339753,10.0188,12,18,source-nodata,1048576,1048576,0,0,
detail-00-13,detail,109.69808,20.40784,109.79024,20.5,1024,1024,9.387150124339753,10.0188,12,18,available,1048576,456692,0,0,classes/detail/detail-00-13.png
detail-00-14,detail,109.79024,20.40784,109.8824,20.5,1024,1024,9.387150124339753,10.0188,12,18,available,1048576,0,0,5069,classes/detail/detail-00-14.png
detail-00-15,detail,109.8824,20.40784,109.97456,20.5,1024,1024,9.387150124339753,10.0188,12,18,available,1048576,0,0,202793,classes/detail/detail-00-15.png
detail-00-16,detail,109.97456,20.40784,110.06672,20.5,1024,1024,9.387150124339753,10.0188,12,18,available,1048576,0,0,740034,classes/detail/detail-00-16.png
detail-00-17,detail,110.06672,20.40784,110.15888,20.5,1024,1024,9.387150124339753,10.0188,12,18,available,1048576,0,0,901143,classes/detail/detail-00-17.png
detail-00-18,detail,110.15888,20.40784,110.25104,20.5,1024,1024,9.387150124339753,10.0188,12,18,available,1048576,0,0,976434,classes/detail/detail-00-18.png
detail-00-19,detail,110.25104,20.40784,110.3432,20.5,1024,1024,9.387150124339753,10.0188,12,18,available,1048576,0,0,967873,classes/detail/detail-00-19.png
detail-00-20,detail,110.3432,20.40784,110.43536,20.5,1024,1024,9.387150124339753,10.0188,12,18,available,1048576,0,0,975830,classes/detail/detail-00-20.png
detail-00-21,detail,110.43536,20.40784,110.52752,20.5,1024,1024,9.387150124339753,10.0188,12,18,available,1048576,0,0,678778,classes/detail/detail-00-21.png
detail-00-22,detail,110.52752,20.40784,110.61968,20.5,1024,1024,9.387150124339753,10.0188,12,18,available,1048576,0,0,0,classes/detail/detail-00-22.png
detail-00-23,detail,110.61968,20.40784,110.71184,20.5,1024,1024,9.387150124339753,10.0188,12,18,available,1048576,20077,0,0,classes/detail/detail-00-23.png
detail-00-24,detail,110.71184,20.40784,110.804,20.5,1024,1024,9.387150124339753,10.0188,12,18,available,1048576,990664,0,0,classes/detail/detail-00-24.png
detail-00-25,detail,110.804,20.40784,110.89616,20.5,1024,1024,9.387150124339753,10.0188,12,18,source-nodata,1048576,1048576,0,0,
detail-00-26,detail,110.89616,20.40784,110.98832,20.5,1024,1024,9.387150124339753,10.0188,12,18,source-nodata,1048576,1048576,0,0,
detail-00-27,detail,110.98832,20.40784,111.08048,20.5,1024,1024,9.387150124339753,10.0188,12,18,source-nodata,1048576,1048576,0,0,
detail-00-28,detail,111.08048,20.40784,111.17264,20.5,1024,1024,9.387150124339753,10.0188,12,18,source-nodata,1048576,1048576,0,0,
detail-00-29,detail,111.17264,20.40784,111.2648,20.5,1024,1024,9.387150124339753,10.0188,12,18,source-nodata,1048576,1048576,0,0,
detail-00-30,detail,111.2648,20.40784,111.35696,20.5,1024,1024,9.387150124339753,10.0188,12,18,source-nodata,1048576,1048576,0,0,
detail-00-31,detail,111.35696,20.40784,111.44912,20.5,1024,1024,9.387150124339753,10.0188,12,18,source-nodata,1048576,1048576,0,0,
detail-00-32,detail,111.44912,20.40784,111.49997,20.5,565,1024,9.387150124339753,10.0188,12,18,source-nodata,578560,578560,0,0,
detail-01-00,detail,108.5,20.31568,108.59216,20.40784,1024,1024,9.39276949668578,10.0188,12,18,source-nodata,1048576,1048576,0,0,
detail-01-01,detail,108.59216,20.31568,108.68432,20.40784,1024,1024,9.39276949668578,10.0188,12,18,source-nodata,1048576,1048576,0,0,
detail-01-02,detail,108.68432,20.31568,108.77648,20.40784,1024,1024,9.39276949668578,10.0188,12,18,source-nodata,1048576,1048576,0,0,
detail-01-03,detail,108.77648,20.31568,108.86864,20.40784,1024,1024,9.39276949668578,10.0188,12,18,source-nodata,1048576,1048576,0,0,
detail-01-04,detail,108.86864,20.31568,108.9608,20.40784,1024,1024,9.39276949668578,10.0188,12,18,source-nodata,1048576,1048576,0,0,
detail-01-05,detail,108.9608,20.31568,109.05296,20.40784,1024,1024,9.39276949668578,10.0188,12,18,source-nodata,1048576,1048576,0,0,
detail-01-06,detail,109.05296,20.31568,109.14512,20.40784,1024,1024,9.39276949668578,10.0188,12,18,source-nodata,1048576,1048576,0,0,
detail-01-07,detail,109.14512,20.31568,109.23728,20.40784,1024,1024,9.39276949668578,10.0188,12,18,source-nodata,1048576,1048576,0,0,
detail-01-08,detail,109.23728,20.31568,109.32944,20.40784,1024,1024,9.39276949668578,10.0188,12,18,source-nodata,1048576,1048576,0,0,
detail-01-09,detail,109.32944,20.31568,109.4216,20.40784,1024,1024,9.39276949668578,10.0188,12,18,source-nodata,1048576,1048576,0,0,
detail-01-10,detail,109.4216,20.31568,109.51376,20.40784,1024,1024,9.39276949668578,10.0188,12,18,source-nodata,1048576,1048576,0,0,
detail-01-11,detail,109.51376,20.31568,109.60592,20.40784,1024,1024,9.39276949668578,10.0188,12,18,source-nodata,1048576,1048576,0,0,
detail-01-12,detail,109.60592,20.31568,109.69808,20.40784,1024,1024,9.39276949668578,10.0188,12,18,source-nodata,1048576,1048576,0,0,
detail-01-13,detail,109.69808,20.31568,109.79024,20.40784,1024,1024,9.39276949668578,10.0188,12,18,available,1048576,846206,0,0,classes/detail/detail-01-13.png
detail-01-14,detail,109.79024,20.31568,109.8824,20.40784,1024,1024,9.39276949668578,10.0188,12,18,available,1048576,0,0,2246,classes/detail/detail-01-14.png
detail-01-15,detail,109.8824,20.31568,109.97456,20.40784,1024,1024,9.39276949668578,10.0188,12,18,available,1048576,0,0,578536,classes/detail/detail-01-15.png
detail-01-16,detail,109.97456,20.31568,110.06672,20.40784,1024,1024,9.39276949668578,10.0188,12,18,available,1048576,0,0,712854,classes/detail/detail-01-16.png
detail-01-17,detail,110.06672,20.31568,110.15888,20.40784,1024,1024,9.39276949668578,10.0188,12,18,available,1048576,0,0,773242,classes/detail/detail-01-17.png
detail-01-18,detail,110.15888,20.31568,110.25104,20.40784,1024,1024,9.39276949668578,10.0188,12,18,available,1048576,0,0,717728,classes/detail/detail-01-18.png
detail-01-19,detail,110.25104,20.31568,110.3432,20.40784,1024,1024,9.39276949668578,10.0188,12,18,available,1048576,0,0,941790,classes/detail/detail-01-19.png
detail-01-20,detail,110.3432,20.31568,110.43536,20.40784,1024,1024,9.39276949668578,10.0188,12,18,available,1048576,0,0,889433,classes/detail/detail-01-20.png
detail-01-21,detail,110.43536,20.31568,110.52752,20.40784,1024,1024,9.39276949668578,10.0188,12,18,available,1048576,0,0,134267,classes/detail/detail-01-21.png
detail-01-22,detail,110.52752,20.31568,110.61968,20.40784,1024,1024,9.39276949668578,10.0188,12,18,available,1048576,0,0,0,classes/detail/detail-01-22.png
detail-01-23,detail,110.61968,20.31568,110.71184,20.40784,1024,1024,9.39276949668578,10.0188,12,18,available,1048576,109053,0,0,classes/detail/detail-01-23.png
detail-01-24,detail,110.71184,20.31568,110.804,20.40784,1024,1024,9.39276949668578,10.0188,12,18,available,1048576,1042037,0,0,classes/detail/detail-01-24.png
detail-01-25,detail,110.804,20.31568,110.89616,20.40784,1024,1024,9.39276949668578,10.0188,12,18,source-nodata,1048576,1048576,0,0,
detail-01-26,detail,110.89616,20.31568,110.98832,20.40784,1024,1024,9.39276949668578,10.0188,12,18,source-nodata,1048576,1048576,0,0,
detail-01-27,detail,110.98832,20.31568,111.08048,20.40784,1024,1024,9.39276949668578,10.0188,12,18,source-nodata,1048576,1048576,0,0,
detail-01-28,detail,111.08048,20.31568,111.17264,20.40784,1024,1024,9.39276949668578,10.0188,12,18,source-nodata,1048576,1048576,0,0,
detail-01-29,detail,111.17264,20.31568,111.2648,20.40784,1024,1024,9.39276949668578,10.0188,12,18,source-nodata,1048576,1048576,0,0,
detail-01-30,detail,111.2648,20.31568,111.35696,20.40784,1024,1024,9.39276949668578,10.0188,12,18,source-nodata,1048576,1048576,0,0,
detail-01-31,detail,111.35696,20.31568,111.44912,20.40784,1024,1024,9.39276949668578,10.0188,12,18,source-nodata,1048576,1048576,0,0,
detail-01-32,detail,111.44912,20.31568,111.49997,20.40784,565,1024,9.39276949668578,10.0188,12,18,source-nodata,578560,578560,0,0,
detail-02-00,detail,108.5,20.22352,108.59216,20.31568,1024,1024,9.398364567523005,10.0188,12,18,source-nodata,1048576,1048576,0,0,
detail-02-01,detail,108.59216,20.22352,108.68432,20.31568,1024,1024,9.398364567523005,10.0188,12,18,source-nodata,1048576,1048576,0,0,
detail-02-02,detail,108.68432,20.22352,108.77648,20.31568,1024,1024,9.398364567523005,10.0188,12,18,source-nodata,1048576,1048576,0,0,
detail-02-03,detail,108.77648,20.22352,108.86864,20.31568,1024,1024,9.398364567523005,10.0188,12,18,source-nodata,1048576,1048576,0,0,
detail-02-04,detail,108.86864,20.22352,108.9608,20.31568,1024,1024,9.398364567523005,10.0188,12,18,source-nodata,1048576,1048576,0,0,
detail-02-05,detail,108.9608,20.22352,109.05296,20.31568,1024,1024,9.398364567523005,10.0188,12,18,source-nodata,1048576,1048576,0,0,
detail-02-06,detail,109.05296,20.22352,109.14512,20.31568,1024,1024,9.398364567523005,10.0188,12,18,source-nodata,1048576,1048576,0,0,
detail-02-07,detail,109.14512,20.22352,109.23728,20.31568,1024,1024,9.398364567523005,10.0188,12,18,source-nodata,1048576,1048576,0,0,
detail-02-08,detail,109.23728,20.22352,109.32944,20.31568,1024,1024,9.398364567523005,10.0188,12,18,source-nodata,1048576,1048576,0,0,
detail-02-09,detail,109.32944,20.22352,109.4216,20.31568,1024,1024,9.398364567523005,10.0188,12,18,source-nodata,1048576,1048576,0,0,
detail-02-10,detail,109.4216,20.22352,109.51376,20.31568,1024,1024,9.398364567523005,10.0188,12,18,source-nodata,1048576,1048576,0,0,
detail-02-11,detail,109.51376,20.22352,109.60592,20.31568,1024,1024,9.398364567523005,10.0188,12,18,source-nodata,1048576,1048576,0,0,
detail-02-12,detail,109.60592,20.22352,109.69808,20.31568,1024,1024,9.398364567523005,10.0188,12,18,source-nodata,1048576,1048576,0,0,
detail-02-13,detail,109.69808,20.22352,109.79024,20.31568,1024,1024,9.398364567523005,10.0188,12,18,available,1048576,1048571,0,0,classes/detail/detail-02-13.png
detail-02-14,detail,109.79024,20.22352,109.8824,20.31568,1024,1024,9.398364567523005,10.0188,12,18,available,1048576,230391,0,0,classes/detail/detail-02-14.png
detail-02-15,detail,109.8824,20.22352,109.97456,20.31568,1024,1024,9.398364567523005,10.0188,12,18,available,1048576,0,0,157607,classes/detail/detail-02-15.png
detail-02-16,detail,109.97456,20.22352,110.06672,20.31568,1024,1024,9.398364567523005,10.0188,12,18,available,1048576,0,0,207771,classes/detail/detail-02-16.png
detail-02-17,detail,110.06672,20.22352,110.15888,20.31568,1024,1024,9.398364567523005,10.0188,12,18,available,1048576,0,0,526298,classes/detail/detail-02-17.png
detail-02-18,detail,110.15888,20.22352,110.25104,20.31568,1024,1024,9.398364567523005,10.0188,12,18,available,1048576,0,0,395826,classes/detail/detail-02-18.png
detail-02-19,detail,110.25104,20.22352,110.3432,20.31568,1024,1024,9.398364567523005,10.0188,12,18,available,1048576,0,0,452436,classes/detail/detail-02-19.png
detail-02-20,detail,110.3432,20.22352,110.43536,20.31568,1024,1024,9.398364567523005,10.0188,12,18,available,1048576,0,0,63180,classes/detail/detail-02-20.png
detail-02-21,detail,110.43536,20.22352,110.52752,20.31568,1024,1024,9.398364567523005,10.0188,12,18,available,1048576,0,0,0,classes/detail/detail-02-21.png
detail-02-22,detail,110.52752,20.22352,110.61968,20.31568,1024,1024,9.398364567523005,10.0188,12,18,available,1048576,0,0,0,classes/detail/detail-02-22.png
detail-02-23,detail,110.61968,20.22352,110.71184,20.31568,1024,1024,9.398364567523005,10.0188,12,18,available,1048576,32423,0,0,classes/detail/detail-02-23.png
detail-02-24,detail,110.71184,20.22352,110.804,20.31568,1024,1024,9.398364567523005,10.0188,12,18,available,1048576,833456,0,0,classes/detail/detail-02-24.png
detail-02-25,detail,110.804,20.22352,110.89616,20.31568,1024,1024,9.398364567523005,10.0188,12,18,source-nodata,1048576,1048576,0,0,
detail-02-26,detail,110.89616,20.22352,110.98832,20.31568,1024,1024,9.398364567523005,10.0188,12,18,source-nodata,1048576,1048576,0,0,
detail-02-27,detail,110.98832,20.22352,111.08048,20.31568,1024,1024,9.398364567523005,10.0188,12,18,source-nodata,1048576,1048576,0,0,
detail-02-28,detail,111.08048,20.22352,111.17264,20.31568,1024,1024,9.398364567523005,10.0188,12,18,source-nodata,1048576,1048576,0,0,
detail-02-29,detail,111.17264,20.22352,111.2648,20.31568,1024,1024,9.398364567523005,10.0188,12,18,source-nodata,1048576,1048576,0,0,
detail-02-30,detail,111.2648,20.22352,111.35696,20.31568,1024,1024,9.398364567523005,10.0188,12,18,source-nodata,1048576,1048576,0,0,
detail-02-31,detail,111.35696,20.22352,111.44912,20.31568,1024,1024,9.398364567523005,10.0188,12,18,source-nodata,1048576,1048576,0,0,
detail-02-32,detail,111.44912,20.22352,111.49997,20.31568,565,1024,9.398364567523005,10.0188,12,18,source-nodata,578560,578560,0,0,
detail-03-00,detail,108.5,20.13136,108.59216,20.22352,1024,1024,9.403935322375544,10.0188,12,18,source-nodata,1048576,1048576,0,0,
detail-03-01,detail,108.59216,20.13136,108.68432,20.22352,1024,1024,9.403935322375544,10.0188,12,18,source-nodata,1048576,1048576,0,0,
detail-03-02,detail,108.68432,20.13136,108.77648,20.22352,1024,1024,9.403935322375544,10.0188,12,18,source-nodata,1048576,1048576,0,0,
detail-03-03,detail,108.77648,20.13136,108.86864,20.22352,1024,1024,9.403935322375544,10.0188,12,18,source-nodata,1048576,1048576,0,0,
detail-03-04,detail,108.86864,20.13136,108.9608,20.22352,1024,1024,9.403935322375544,10.0188,12,18,source-nodata,1048576,1048576,0,0,
detail-03-05,detail,108.9608,20.13136,109.05296,20.22352,1024,1024,9.403935322375544,10.0188,12,18,source-nodata,1048576,1048576,0,0,
detail-03-06,detail,109.05296,20.13136,109.14512,20.22352,1024,1024,9.403935322375544,10.0188,12,18,source-nodata,1048576,1048576,0,0,
detail-03-07,detail,109.14512,20.13136,109.23728,20.22352,1024,1024,9.403935322375544,10.0188,12,18,source-nodata,1048576,1048576,0,0,
detail-03-08,detail,109.23728,20.13136,109.32944,20.22352,1024,1024,9.403935322375544,10.0188,12,18,source-nodata,1048576,1048576,0,0,
detail-03-09,detail,109.32944,20.13136,109.4216,20.22352,1024,1024,9.403935322375544,10.0188,12,18,source-nodata,1048576,1048576,0,0,
detail-03-10,detail,109.4216,20.13136,109.51376,20.22352,1024,1024,9.403935322375544,10.0188,12,18,source-nodata,1048576,1048576,0,0,
detail-03-11,detail,109.51376,20.13136,109.60592,20.22352,1024,1024,9.403935322375544,10.0188,12,18,source-nodata,1048576,1048576,0,0,
detail-03-12,detail,109.60592,20.13136,109.69808,20.22352,1024,1024,9.403935322375544,10.0188,12,18,source-nodata,1048576,1048576,0,0,
detail-03-13,detail,109.69808,20.13136,109.79024,20.22352,1024,1024,9.403935322375544,10.0188,12,18,available,1048576,1040862,0,0,classes/detail/detail-03-13.png
detail-03-14,detail,109.79024,20.13136,109.8824,20.22352,1024,1024,9.403935322375544,10.0188,12,18,available,1048576,213750,0,0,classes/detail/detail-03-14.png
detail-03-15,detail,109.8824,20.13136,109.97456,20.22352,1024,1024,9.403935322375544,10.0188,12,18,available,1048576,0,0,0,classes/detail/detail-03-15.png
detail-03-16,detail,109.97456,20.13136,110.06672,20.22352,1024,1024,9.403935322375544,10.0188,12,18,available,1048576,0,0,0,classes/detail/detail-03-16.png
detail-03-17,detail,110.06672,20.13136,110.15888,20.22352,1024,1024,9.403935322375544,10.0188,12,18,available,1048576,0,0,0,classes/detail/detail-03-17.png
detail-03-18,detail,110.15888,20.13136,110.25104,20.22352,1024,1024,9.403935322375544,10.0188,12,18,available,1048576,0,0,0,classes/detail/detail-03-18.png
detail-03-19,detail,110.25104,20.13136,110.3432,20.22352,1024,1024,9.403935322375544,10.0188,12,18,available,1048576,0,0,0,classes/detail/detail-03-19.png
detail-03-20,detail,110.3432,20.13136,110.43536,20.22352,1024,1024,9.403935322375544,10.0188,12,18,available,1048576,0,0,0,classes/detail/detail-03-20.png
detail-03-21,detail,110.43536,20.13136,110.52752,20.22352,1024,1024,9.403935322375544,10.0188,12,18,available,1048576,0,0,0,classes/detail/detail-03-21.png
detail-03-22,detail,110.52752,20.13136,110.61968,20.22352,1024,1024,9.403935322375544,10.0188,12,18,available,1048576,0,0,0,classes/detail/detail-03-22.png
detail-03-23,detail,110.61968,20.13136,110.71184,20.22352,1024,1024,9.403935322375544,10.0188,12,18,available,1048576,0,0,6855,classes/detail/detail-03-23.png
detail-03-24,detail,110.71184,20.13136,110.804,20.22352,1024,1024,9.403935322375544,10.0188,12,18,available,1048576,147488,0,0,classes/detail/detail-03-24.png
detail-03-25,detail,110.804,20.13136,110.89616,20.22352,1024,1024,9.403935322375544,10.0188,12,18,available,1048576,1023993,0,0,classes/detail/detail-03-25.png
detail-03-26,detail,110.89616,20.13136,110.98832,20.22352,1024,1024,9.403935322375544,10.0188,12,18,source-nodata,1048576,1048576,0,0,
detail-03-27,detail,110.98832,20.13136,111.08048,20.22352,1024,1024,9.403935322375544,10.0188,12,18,source-nodata,1048576,1048576,0,0,
detail-03-28,detail,111.08048,20.13136,111.17264,20.22352,1024,1024,9.403935322375544,10.0188,12,18,source-nodata,1048576,1048576,0,0,
detail-03-29,detail,111.17264,20.13136,111.2648,20.22352,1024,1024,9.403935322375544,10.0188,12,18,source-nodata,1048576,1048576,0,0,
detail-03-30,detail,111.2648,20.13136,111.35696,20.22352,1024,1024,9.403935322375544,10.0188,12,18,source-nodata,1048576,1048576,0,0,
detail-03-31,detail,111.35696,20.13136,111.44912,20.22352,1024,1024,9.403935322375544,10.0188,12,18,source-nodata,1048576,1048576,0,0,
detail-03-32,detail,111.44912,20.13136,111.49997,20.22352,565,1024,9.403935322375544,10.0188,12,18,source-nodata,578560,578560,0,0,
detail-04-00,detail,108.5,20.0392,108.59216,20.13136,1024,1024,9.40948174683042,10.0188,12,18,source-nodata,1048576,1048576,0,0,
detail-04-01,detail,108.59216,20.0392,108.68432,20.13136,1024,1024,9.40948174683042,10.0188,12,18,source-nodata,1048576,1048576,0,0,
detail-04-02,detail,108.68432,20.0392,108.77648,20.13136,1024,1024,9.40948174683042,10.0188,12,18,source-nodata,1048576,1048576,0,0,
detail-04-03,detail,108.77648,20.0392,108.86864,20.13136,1024,1024,9.40948174683042,10.0188,12,18,source-nodata,1048576,1048576,0,0,
detail-04-04,detail,108.86864,20.0392,108.9608,20.13136,1024,1024,9.40948174683042,10.0188,12,18,source-nodata,1048576,1048576,0,0,
detail-04-05,detail,108.9608,20.0392,109.05296,20.13136,1024,1024,9.40948174683042,10.0188,12,18,source-nodata,1048576,1048576,0,0,
detail-04-06,detail,109.05296,20.0392,109.14512,20.13136,1024,1024,9.40948174683042,10.0188,12,18,source-nodata,1048576,1048576,0,0,
detail-04-07,detail,109.14512,20.0392,109.23728,20.13136,1024,1024,9.40948174683042,10.0188,12,18,source-nodata,1048576,1048576,0,0,
detail-04-08,detail,109.23728,20.0392,109.32944,20.13136,1024,1024,9.40948174683042,10.0188,12,18,source-nodata,1048576,1048576,0,0,
detail-04-09,detail,109.32944,20.0392,109.4216,20.13136,1024,1024,9.40948174683042,10.0188,12,18,source-nodata,1048576,1048576,0,0,
detail-04-10,detail,109.4216,20.0392,109.51376,20.13136,1024,1024,9.40948174683042,10.0188,12,18,available,1048576,1027067,0,0,classes/detail/detail-04-10.png
detail-04-11,detail,109.51376,20.0392,109.60592,20.13136,1024,1024,9.40948174683042,10.0188,12,18,available,1048576,583343,0,0,classes/detail/detail-04-11.png
detail-04-12,detail,109.60592,20.0392,109.69808,20.13136,1024,1024,9.40948174683042,10.0188,12,18,available,1048576,329919,0,0,classes/detail/detail-04-12.png
detail-04-13,detail,109.69808,20.0392,109.79024,20.13136,1024,1024,9.40948174683042,10.0188,12,18,available,1048576,142286,0,0,classes/detail/detail-04-13.png
detail-04-14,detail,109.79024,20.0392,109.8824,20.13136,1024,1024,9.40948174683042,10.0188,12,18,available,1048576,0,0,0,classes/detail/detail-04-14.png
detail-04-15,detail,109.8824,20.0392,109.97456,20.13136,1024,1024,9.40948174683042,10.0188,12,18,available,1048576,0,0,0,classes/detail/detail-04-15.png
detail-04-16,detail,109.97456,20.0392,110.06672,20.13136,1024,1024,9.40948174683042,10.0188,12,18,available,1048576,0,0,0,classes/detail/detail-04-16.png
detail-04-17,detail,110.06672,20.0392,110.15888,20.13136,1024,1024,9.40948174683042,10.0188,12,18,available,1048576,0,0,0,classes/detail/detail-04-17.png
detail-04-18,detail,110.15888,20.0392,110.25104,20.13136,1024,1024,9.40948174683042,10.0188,12,18,available,1048576,0,0,559,classes/detail/detail-04-18.png
detail-04-19,detail,110.25104,20.0392,110.3432,20.13136,1024,1024,9.40948174683042,10.0188,12,18,available,1048576,0,0,0,classes/detail/detail-04-19.png
detail-04-20,detail,110.3432,20.0392,110.43536,20.13136,1024,1024,9.40948174683042,10.0188,12,18,available,1048576,0,0,11461,classes/detail/detail-04-20.png
detail-04-21,detail,110.43536,20.0392,110.52752,20.13136,1024,1024,9.40948174683042,10.0188,12,18,available,1048576,0,0,954,classes/detail/detail-04-21.png
detail-04-22,detail,110.52752,20.0392,110.61968,20.13136,1024,1024,9.40948174683042,10.0188,12,18,available,1048576,0,1,43839,classes/detail/detail-04-22.png
detail-04-23,detail,110.61968,20.0392,110.71184,20.13136,1024,1024,9.40948174683042,10.0188,12,18,available,1048576,0,12,268020,classes/detail/detail-04-23.png
detail-04-24,detail,110.71184,20.0392,110.804,20.13136,1024,1024,9.40948174683042,10.0188,12,18,available,1048576,0,0,12033,classes/detail/detail-04-24.png
detail-04-25,detail,110.804,20.0392,110.89616,20.13136,1024,1024,9.40948174683042,10.0188,12,18,available,1048576,124906,0,0,classes/detail/detail-04-25.png
detail-04-26,detail,110.89616,20.0392,110.98832,20.13136,1024,1024,9.40948174683042,10.0188,12,18,available,1048576,222629,0,0,classes/detail/detail-04-26.png
detail-04-27,detail,110.98832,20.0392,111.08048,20.13136,1024,1024,9.40948174683042,10.0188,12,18,available,1048576,850714,0,0,classes/detail/detail-04-27.png
detail-04-28,detail,111.08048,20.0392,111.17264,20.13136,1024,1024,9.40948174683042,10.0188,12,18,source-nodata,1048576,1048576,0,0,
detail-04-29,detail,111.17264,20.0392,111.2648,20.13136,1024,1024,9.40948174683042,10.0188,12,18,available,1048576,721746,0,0,classes/detail/detail-04-29.png
detail-04-30,detail,111.2648,20.0392,111.35696,20.13136,1024,1024,9.40948174683042,10.0188,12,18,available,1048576,657742,0,0,classes/detail/detail-04-30.png
detail-04-31,detail,111.35696,20.0392,111.44912,20.13136,1024,1024,9.40948174683042,10.0188,12,18,source-nodata,1048576,1048576,0,0,
detail-04-32,detail,111.44912,20.0392,111.49997,20.13136,565,1024,9.40948174683042,10.0188,12,18,source-nodata,578560,578560,0,0,
detail-05-00,detail,108.5,19.94704,108.59216,20.0392,1024,1024,9.415003826537607,10.0188,12,18,source-nodata,1048576,1048576,0,0,
detail-05-01,detail,108.59216,19.94704,108.68432,20.0392,1024,1024,9.415003826537607,10.0188,12,18,source-nodata,1048576,1048576,0,0,
detail-05-02,detail,108.68432,19.94704,108.77648,20.0392,1024,1024,9.415003826537607,10.0188,12,18,source-nodata,1048576,1048576,0,0,
detail-05-03,detail,108.77648,19.94704,108.86864,20.0392,1024,1024,9.415003826537607,10.0188,12,18,source-nodata,1048576,1048576,0,0,
detail-05-04,detail,108.86864,19.94704,108.9608,20.0392,1024,1024,9.415003826537607,10.0188,12,18,source-nodata,1048576,1048576,0,0,
detail-05-05,detail,108.9608,19.94704,109.05296,20.0392,1024,1024,9.415003826537607,10.0188,12,18,source-nodata,1048576,1048576,0,0,
detail-05-06,detail,109.05296,19.94704,109.14512,20.0392,1024,1024,9.415003826537607,10.0188,12,18,source-nodata,1048576,1048576,0,0,
detail-05-07,detail,109.14512,19.94704,109.23728,20.0392,1024,1024,9.415003826537607,10.0188,12,18,available,1048576,784954,0,0,classes/detail/detail-05-07.png
detail-05-08,detail,109.23728,19.94704,109.32944,20.0392,1024,1024,9.415003826537607,10.0188,12,18,available,1048576,295034,0,0,classes/detail/detail-05-08.png
detail-05-09,detail,109.32944,19.94704,109.4216,20.0392,1024,1024,9.415003826537607,10.0188,12,18,available,1048576,282854,0,0,classes/detail/detail-05-09.png
detail-05-10,detail,109.4216,19.94704,109.51376,20.0392,1024,1024,9.415003826537607,10.0188,12,18,available,1048576,124929,0,0,classes/detail/detail-05-10.png
detail-05-11,detail,109.51376,19.94704,109.60592,20.0392,1024,1024,9.415003826537607,10.0188,12,18,available,1048576,0,0,105249,classes/detail/detail-05-11.png
detail-05-12,detail,109.60592,19.94704,109.69808,20.0392,1024,1024,9.415003826537607,10.0188,12,18,available,1048576,0,0,417960,classes/detail/detail-05-12.png
detail-05-13,detail,109.69808,19.94704,109.79024,20.0392,1024,1024,9.415003826537607,10.0188,12,18,available,1048576,0,0,176114,classes/detail/detail-05-13.png
detail-05-14,detail,109.79024,19.94704,109.8824,20.0392,1024,1024,9.415003826537607,10.0188,12,18,available,1048576,0,0,42419,classes/detail/detail-05-14.png
detail-05-15,detail,109.8824,19.94704,109.97456,20.0392,1024,1024,9.415003826537607,10.0188,12,18,available,1048576,0,0,287393,classes/detail/detail-05-15.png
detail-05-16,detail,109.97456,19.94704,110.06672,20.0392,1024,1024,9.415003826537607,10.0188,12,18,available,1048576,0,0,7209,classes/detail/detail-05-16.png
detail-05-17,detail,110.06672,19.94704,110.15888,20.0392,1024,1024,9.415003826537607,10.0188,12,18,available,1048576,0,0,77598,classes/detail/detail-05-17.png
detail-05-18,detail,110.15888,19.94704,110.25104,20.0392,1024,1024,9.415003826537607,10.0188,12,18,available,1048576,0,16,177932,classes/detail/detail-05-18.png
detail-05-19,detail,110.25104,19.94704,110.3432,20.0392,1024,1024,9.415003826537607,10.0188,12,18,available,1048576,0,5,30418,classes/detail/detail-05-19.png
detail-05-20,detail,110.3432,19.94704,110.43536,20.0392,1024,1024,9.415003826537607,10.0188,12,18,available,1048576,0,3,86643,classes/detail/detail-05-20.png
detail-05-21,detail,110.43536,19.94704,110.52752,20.0392,1024,1024,9.415003826537607,10.0188,12,18,available,1048576,0,12,310500,classes/detail/detail-05-21.png
detail-05-22,detail,110.52752,19.94704,110.61968,20.0392,1024,1024,9.415003826537607,10.0188,12,18,available,1048576,0,183,171192,classes/detail/detail-05-22.png
detail-05-23,detail,110.61968,19.94704,110.71184,20.0392,1024,1024,9.415003826537607,10.0188,12,18,available,1048576,0,84,348090,classes/detail/detail-05-23.png
detail-05-24,detail,110.71184,19.94704,110.804,20.0392,1024,1024,9.415003826537607,10.0188,12,18,available,1048576,0,62,346214,classes/detail/detail-05-24.png
detail-05-25,detail,110.804,19.94704,110.89616,20.0392,1024,1024,9.415003826537607,10.0188,12,18,available,1048576,0,984,48856,classes/detail/detail-05-25.png
detail-05-26,detail,110.89616,19.94704,110.98832,20.0392,1024,1024,9.415003826537607,10.0188,12,18,available,1048576,0,1,101029,classes/detail/detail-05-26.png
detail-05-27,detail,110.98832,19.94704,111.08048,20.0392,1024,1024,9.415003826537607,10.0188,12,18,available,1048576,83605,0,0,classes/detail/detail-05-27.png
detail-05-28,detail,111.08048,19.94704,111.17264,20.0392,1024,1024,9.415003826537607,10.0188,12,18,available,1048576,290986,0,0,classes/detail/detail-05-28.png
detail-05-29,detail,111.17264,19.94704,111.2648,20.0392,1024,1024,9.415003826537607,10.0188,12,18,available,1048576,5077,0,0,classes/detail/detail-05-29.png
detail-05-30,detail,111.2648,19.94704,111.35696,20.0392,1024,1024,9.415003826537607,10.0188,12,18,available,1048576,9,0,0,classes/detail/detail-05-30.png
detail-05-31,detail,111.35696,19.94704,111.44912,20.0392,1024,1024,9.415003826537607,10.0188,12,18,available,1048576,906735,0,0,classes/detail/detail-05-31.png
detail-05-32,detail,111.44912,19.94704,111.49997,20.0392,565,1024,9.415003826537607,10.0188,12,18,source-nodata,578560,578560,0,0,
detail-06-00,detail,108.5,19.85488,108.59216,19.94704,1024,1024,9.420501547210067,10.0188,12,18,source-nodata,1048576,1048576,0,0,
detail-06-01,detail,108.59216,19.85488,108.68432,19.94704,1024,1024,9.420501547210067,10.0188,12,18,source-nodata,1048576,1048576,0,0,
detail-06-02,detail,108.68432,19.85488,108.77648,19.94704,1024,1024,9.420501547210067,10.0188,12,18,source-nodata,1048576,1048576,0,0,
detail-06-03,detail,108.77648,19.85488,108.86864,19.94704,1024,1024,9.420501547210067,10.0188,12,18,source-nodata,1048576,1048576,0,0,
detail-06-04,detail,108.86864,19.85488,108.9608,19.94704,1024,1024,9.420501547210067,10.0188,12,18,source-nodata,1048576,1048576,0,0,
detail-06-05,detail,108.9608,19.85488,109.05296,19.94704,1024,1024,9.420501547210067,10.0188,12,18,source-nodata,1048576,1048576,0,0,
detail-06-06,detail,109.05296,19.85488,109.14512,19.94704,1024,1024,9.420501547210067,10.0188,12,18,available,1048576,650999,0,0,classes/detail/detail-06-06.png
detail-06-07,detail,109.14512,19.85488,109.23728,19.94704,1024,1024,9.420501547210067,10.0188,12,18,available,1048576,41603,0,141,classes/detail/detail-06-07.png
detail-06-08,detail,109.23728,19.85488,109.32944,19.94704,1024,1024,9.420501547210067,10.0188,12,18,available,1048576,0,0,174710,classes/detail/detail-06-08.png
detail-06-09,detail,109.32944,19.85488,109.4216,19.94704,1024,1024,9.420501547210067,10.0188,12,18,available,1048576,0,0,152529,classes/detail/detail-06-09.png
detail-06-10,detail,109.4216,19.85488,109.51376,19.94704,1024,1024,9.420501547210067,10.0188,12,18,available,1048576,0,0,28495,classes/detail/detail-06-10.png
detail-06-11,detail,109.51376,19.85488,109.60592,19.94704,1024,1024,9.420501547210067,10.0188,12,18,available,1048576,0,0,551904,classes/detail/detail-06-11.png
detail-06-12,detail,109.60592,19.85488,109.69808,19.94704,1024,1024,9.420501547210067,10.0188,12,18,available,1048576,0,0,745071,classes/detail/detail-06-12.png
detail-06-13,detail,109.69808,19.85488,109.79024,19.94704,1024,1024,9.420501547210067,10.0188,12,18,available,1048576,0,0,821460,classes/detail/detail-06-13.png
detail-06-14,detail,109.79024,19.85488,109.8824,19.94704,1024,1024,9.420501547210067,10.0188,12,18,available,1048576,0,0,763925,classes/detail/detail-06-14.png
detail-06-15,detail,109.8824,19.85488,109.97456,19.94704,1024,1024,9.420501547210067,10.0188,12,18,available,1048576,0,0,922163,classes/detail/detail-06-15.png
detail-06-16,detail,109.97456,19.85488,110.06672,19.94704,1024,1024,9.420501547210067,10.0188,12,18,available,1048576,0,3,558323,classes/detail/detail-06-16.png
detail-06-17,detail,110.06672,19.85488,110.15888,19.94704,1024,1024,9.420501547210067,10.0188,12,18,available,1048576,0,0,757181,classes/detail/detail-06-17.png
detail-06-18,detail,110.15888,19.85488,110.25104,19.94704,1024,1024,9.420501547210067,10.0188,12,18,available,1048576,0,4,446743,classes/detail/detail-06-18.png
detail-06-19,detail,110.25104,19.85488,110.3432,19.94704,1024,1024,9.420501547210067,10.0188,12,18,available,1048576,0,5,171226,classes/detail/detail-06-19.png
detail-06-20,detail,110.3432,19.85488,110.43536,19.94704,1024,1024,9.420501547210067,10.0188,12,18,available,1048576,0,3,240387,classes/detail/detail-06-20.png
detail-06-21,detail,110.43536,19.85488,110.52752,19.94704,1024,1024,9.420501547210067,10.0188,12,18,available,1048576,0,27,710045,classes/detail/detail-06-21.png
detail-06-22,detail,110.52752,19.85488,110.61968,19.94704,1024,1024,9.420501547210067,10.0188,12,18,available,1048576,0,61,692479,classes/detail/detail-06-22.png
detail-06-23,detail,110.61968,19.85488,110.71184,19.94704,1024,1024,9.420501547210067,10.0188,12,18,available,1048576,0,92,519758,classes/detail/detail-06-23.png
detail-06-24,detail,110.71184,19.85488,110.804,19.94704,1024,1024,9.420501547210067,10.0188,12,18,available,1048576,0,298,378143,classes/detail/detail-06-24.png
detail-06-25,detail,110.804,19.85488,110.89616,19.94704,1024,1024,9.420501547210067,10.0188,12,18,available,1048576,0,2730,198551,classes/detail/detail-06-25.png
detail-06-26,detail,110.89616,19.85488,110.98832,19.94704,1024,1024,9.420501547210067,10.0188,12,18,available,1048576,0,560,149004,classes/detail/detail-06-26.png
detail-06-27,detail,110.98832,19.85488,111.08048,19.94704,1024,1024,9.420501547210067,10.0188,12,18,available,1048576,0,0,0,classes/detail/detail-06-27.png
detail-06-28,detail,111.08048,19.85488,111.17264,19.94704,1024,1024,9.420501547210067,10.0188,12,18,available,1048576,0,0,0,classes/detail/detail-06-28.png
detail-06-29,detail,111.17264,19.85488,111.2648,19.94704,1024,1024,9.420501547210067,10.0188,12,18,available,1048576,0,0,0,classes/detail/detail-06-29.png
detail-06-30,detail,111.2648,19.85488,111.35696,19.94704,1024,1024,9.420501547210067,10.0188,12,18,available,1048576,216306,0,0,classes/detail/detail-06-30.png
detail-06-31,detail,111.35696,19.85488,111.44912,19.94704,1024,1024,9.420501547210067,10.0188,12,18,available,1048576,1027926,0,0,classes/detail/detail-06-31.png
detail-06-32,detail,111.44912,19.85488,111.49997,19.94704,565,1024,9.420501547210067,10.0188,12,18,source-nodata,578560,578560,0,0,
detail-07-00,detail,108.5,19.76272,108.59216,19.85488,1024,1024,9.425974894623783,10.0188,12,18,source-nodata,1048576,1048576,0,0,
detail-07-01,detail,108.59216,19.76272,108.68432,19.85488,1024,1024,9.425974894623783,10.0188,12,18,source-nodata,1048576,1048576,0,0,
detail-07-02,detail,108.68432,19.76272,108.77648,19.85488,1024,1024,9.425974894623783,10.0188,12,18,source-nodata,1048576,1048576,0,0,
detail-07-03,detail,108.77648,19.76272,108.86864,19.85488,1024,1024,9.425974894623783,10.0188,12,18,source-nodata,1048576,1048576,0,0,
detail-07-04,detail,108.86864,19.76272,108.9608,19.85488,1024,1024,9.425974894623783,10.0188,12,18,source-nodata,1048576,1048576,0,0,
detail-07-05,detail,108.9608,19.76272,109.05296,19.85488,1024,1024,9.425974894623783,10.0188,12,18,available,1048576,1019583,0,0,classes/detail/detail-07-05.png
detail-07-06,detail,109.05296,19.76272,109.14512,19.85488,1024,1024,9.425974894623783,10.0188,12,18,available,1048576,62997,0,0,classes/detail/detail-07-06.png
detail-07-07,detail,109.14512,19.76272,109.23728,19.85488,1024,1024,9.425974894623783,10.0188,12,18,available,1048576,0,0,91783,classes/detail/detail-07-07.png
detail-07-08,detail,109.23728,19.76272,109.32944,19.85488,1024,1024,9.425974894623783,10.0188,12,18,available,1048576,0,4,475302,classes/detail/detail-07-08.png
detail-07-09,detail,109.32944,19.76272,109.4216,19.85488,1024,1024,9.425974894623783,10.0188,12,18,available,1048576,0,0,729138,classes/detail/detail-07-09.png
detail-07-10,detail,109.4216,19.76272,109.51376,19.85488,1024,1024,9.425974894623783,10.0188,12,18,available,1048576,0,0,414272,classes/detail/detail-07-10.png
detail-07-11,detail,109.51376,19.76272,109.60592,19.85488,1024,1024,9.425974894623783,10.0188,12,18,available,1048576,0,0,694818,classes/detail/detail-07-11.png
detail-07-12,detail,109.60592,19.76272,109.69808,19.85488,1024,1024,9.425974894623783,10.0188,12,18,available,1048576,0,0,806987,classes/detail/detail-07-12.png
detail-07-13,detail,109.69808,19.76272,109.79024,19.85488,1024,1024,9.425974894623783,10.0188,12,18,available,1048576,0,0,810250,classes/detail/detail-07-13.png
detail-07-14,detail,109.79024,19.76272,109.8824,19.85488,1024,1024,9.425974894623783,10.0188,12,18,available,1048576,0,0,912019,classes/detail/detail-07-14.png
detail-07-15,detail,109.8824,19.76272,109.97456,19.85488,1024,1024,9.425974894623783,10.0188,12,18,available,1048576,0,0,845303,classes/detail/detail-07-15.png
detail-07-16,detail,109.97456,19.76272,110.06672,19.85488,1024,1024,9.425974894623783,10.0188,12,18,available,1048576,0,0,882599,classes/detail/detail-07-16.png
detail-07-17,detail,110.06672,19.76272,110.15888,19.85488,1024,1024,9.425974894623783,10.0188,12,18,available,1048576,0,0,892093,classes/detail/detail-07-17.png
detail-07-18,detail,110.15888,19.76272,110.25104,19.85488,1024,1024,9.425974894623783,10.0188,12,18,available,1048576,0,0,720934,classes/detail/detail-07-18.png
detail-07-19,detail,110.25104,19.76272,110.3432,19.85488,1024,1024,9.425974894623783,10.0188,12,18,available,1048576,0,9,409796,classes/detail/detail-07-19.png
detail-07-20,detail,110.3432,19.76272,110.43536,19.85488,1024,1024,9.425974894623783,10.0188,12,18,available,1048576,0,15,665949,classes/detail/detail-07-20.png
detail-07-21,detail,110.43536,19.76272,110.52752,19.85488,1024,1024,9.425974894623783,10.0188,12,18,available,1048576,0,5,878696,classes/detail/detail-07-21.png
detail-07-22,detail,110.52752,19.76272,110.61968,19.85488,1024,1024,9.425974894623783,10.0188,12,18,available,1048576,0,13,893775,classes/detail/detail-07-22.png
detail-07-23,detail,110.61968,19.76272,110.71184,19.85488,1024,1024,9.425974894623783,10.0188,12,18,available,1048576,0,80,694532,classes/detail/detail-07-23.png
detail-07-24,detail,110.71184,19.76272,110.804,19.85488,1024,1024,9.425974894623783,10.0188,12,18,available,1048576,0,168,587190,classes/detail/detail-07-24.png
detail-07-25,detail,110.804,19.76272,110.89616,19.85488,1024,1024,9.425974894623783,10.0188,12,18,available,1048576,0,138,412112,classes/detail/detail-07-25.png
detail-07-26,detail,110.89616,19.76272,110.98832,19.85488,1024,1024,9.425974894623783,10.0188,12,18,available,1048576,0,324,467702,classes/detail/detail-07-26.png
detail-07-27,detail,110.98832,19.76272,111.08048,19.85488,1024,1024,9.425974894623783,10.0188,12,18,available,1048576,0,0,73,classes/detail/detail-07-27.png
detail-07-28,detail,111.08048,19.76272,111.17264,19.85488,1024,1024,9.425974894623783,10.0188,12,18,available,1048576,0,0,0,classes/detail/detail-07-28.png
detail-07-29,detail,111.17264,19.76272,111.2648,19.85488,1024,1024,9.425974894623783,10.0188,12,18,available,1048576,212478,0,0,classes/detail/detail-07-29.png
detail-07-30,detail,111.2648,19.76272,111.35696,19.85488,1024,1024,9.425974894623783,10.0188,12,18,available,1048576,853276,0,0,classes/detail/detail-07-30.png
detail-07-31,detail,111.35696,19.76272,111.44912,19.85488,1024,1024,9.425974894623783,10.0188,12,18,source-nodata,1048576,1048576,0,0,
detail-07-32,detail,111.44912,19.76272,111.49997,19.85488,565,1024,9.425974894623783,10.0188,12,18,source-nodata,578560,578560,0,0,
detail-08-00,detail,108.5,19.67056,108.59216,19.76272,1024,1024,9.4314238546178,10.0188,12,18,source-nodata,1048576,1048576,0,0,
detail-08-01,detail,108.59216,19.67056,108.68432,19.76272,1024,1024,9.4314238546178,10.0188,12,18,source-nodata,1048576,1048576,0,0,
detail-08-02,detail,108.68432,19.67056,108.77648,19.76272,1024,1024,9.4314238546178,10.0188,12,18,source-nodata,1048576,1048576,0,0,
detail-08-03,detail,108.77648,19.67056,108.86864,19.76272,1024,1024,9.4314238546178,10.0188,12,18,source-nodata,1048576,1048576,0,0,
detail-08-04,detail,108.86864,19.67056,108.9608,19.76272,1024,1024,9.4314238546178,10.0188,12,18,available,1048576,1048421,0,0,classes/detail/detail-08-04.png
detail-08-05,detail,108.9608,19.67056,109.05296,19.76272,1024,1024,9.4314238546178,10.0188,12,18,available,1048576,402847,0,0,classes/detail/detail-08-05.png
detail-08-06,detail,109.05296,19.67056,109.14512,19.76272,1024,1024,9.4314238546178,10.0188,12,18,available,1048576,0,0,0,classes/detail/detail-08-06.png
detail-08-07,detail,109.14512,19.67056,109.23728,19.76272,1024,1024,9.4314238546178,10.0188,12,18,available,1048576,0,0,5361,classes/detail/detail-08-07.png
detail-08-08,detail,109.23728,19.67056,109.32944,19.76272,1024,1024,9.4314238546178,10.0188,12,18,available,1048576,0,0,375418,classes/detail/detail-08-08.png
detail-08-09,detail,109.32944,19.67056,109.4216,19.76272,1024,1024,9.4314238546178,10.0188,12,18,available,1048576,0,0,516884,classes/detail/detail-08-09.png
detail-08-10,detail,109.4216,19.67056,109.51376,19.76272,1024,1024,9.4314238546178,10.0188,12,18,available,1048576,0,0,262010,classes/detail/detail-08-10.png
detail-08-11,detail,109.51376,19.67056,109.60592,19.76272,1024,1024,9.4314238546178,10.0188,12,18,available,1048576,0,0,489287,classes/detail/detail-08-11.png
detail-08-12,detail,109.60592,19.67056,109.69808,19.76272,1024,1024,9.4314238546178,10.0188,12,18,available,1048576,0,0,589916,classes/detail/detail-08-12.png
detail-08-13,detail,109.69808,19.67056,109.79024,19.76272,1024,1024,9.4314238546178,10.0188,12,18,available,1048576,0,0,403195,classes/detail/detail-08-13.png
detail-08-14,detail,109.79024,19.67056,109.8824,19.76272,1024,1024,9.4314238546178,10.0188,12,18,available,1048576,0,0,459884,classes/detail/detail-08-14.png
detail-08-15,detail,109.8824,19.67056,109.97456,19.76272,1024,1024,9.4314238546178,10.0188,12,18,available,1048576,0,0,554716,classes/detail/detail-08-15.png
detail-08-16,detail,109.97456,19.67056,110.06672,19.76272,1024,1024,9.4314238546178,10.0188,12,18,available,1048576,0,0,406753,classes/detail/detail-08-16.png
detail-08-17,detail,110.06672,19.67056,110.15888,19.76272,1024,1024,9.4314238546178,10.0188,12,18,available,1048576,0,0,308013,classes/detail/detail-08-17.png
detail-08-18,detail,110.15888,19.67056,110.25104,19.76272,1024,1024,9.4314238546178,10.0188,12,18,available,1048576,0,0,357932,classes/detail/detail-08-18.png
detail-08-19,detail,110.25104,19.67056,110.3432,19.76272,1024,1024,9.4314238546178,10.0188,12,18,available,1048576,0,16,427992,classes/detail/detail-08-19.png
detail-08-20,detail,110.3432,19.67056,110.43536,19.76272,1024,1024,9.4314238546178,10.0188,12,18,available,1048576,0,1,643845,classes/detail/detail-08-20.png
detail-08-21,detail,110.43536,19.67056,110.52752,19.76272,1024,1024,9.4314238546178,10.0188,12,18,available,1048576,0,0,882036,classes/detail/detail-08-21.png
detail-08-22,detail,110.52752,19.67056,110.61968,19.76272,1024,1024,9.4314238546178,10.0188,12,18,available,1048576,0,12,886963,classes/detail/detail-08-22.png
detail-08-23,detail,110.61968,19.67056,110.71184,19.76272,1024,1024,9.4314238546178,10.0188,12,18,available,1048576,0,33,828253,classes/detail/detail-08-23.png
detail-08-24,detail,110.71184,19.67056,110.804,19.76272,1024,1024,9.4314238546178,10.0188,12,18,available,1048576,0,0,408574,classes/detail/detail-08-24.png
detail-08-25,detail,110.804,19.67056,110.89616,19.76272,1024,1024,9.4314238546178,10.0188,12,18,available,1048576,0,87,417494,classes/detail/detail-08-25.png
detail-08-26,detail,110.89616,19.67056,110.98832,19.76272,1024,1024,9.4314238546178,10.0188,12,18,available,1048576,0,19,365829,classes/detail/detail-08-26.png
detail-08-27,detail,110.98832,19.67056,111.08048,19.76272,1024,1024,9.4314238546178,10.0188,12,18,available,1048576,0,28,30551,classes/detail/detail-08-27.png
detail-08-28,detail,111.08048,19.67056,111.17264,19.76272,1024,1024,9.4314238546178,10.0188,12,18,available,1048576,255571,0,0,classes/detail/detail-08-28.png
detail-08-29,detail,111.17264,19.67056,111.2648,19.76272,1024,1024,9.4314238546178,10.0188,12,18,available,1048576,1047478,0,0,classes/detail/detail-08-29.png
detail-08-30,detail,111.2648,19.67056,111.35696,19.76272,1024,1024,9.4314238546178,10.0188,12,18,source-nodata,1048576,1048576,0,0,
detail-08-31,detail,111.35696,19.67056,111.44912,19.76272,1024,1024,9.4314238546178,10.0188,12,18,source-nodata,1048576,1048576,0,0,
detail-08-32,detail,111.44912,19.67056,111.49997,19.76272,565,1024,9.4314238546178,10.0188,12,18,source-nodata,578560,578560,0,0,
detail-09-00,detail,108.5,19.5784,108.59216,19.67056,1024,1024,9.436848413094255,10.0188,12,18,source-nodata,1048576,1048576,0,0,
detail-09-01,detail,108.59216,19.5784,108.68432,19.67056,1024,1024,9.436848413094255,10.0188,12,18,source-nodata,1048576,1048576,0,0,
detail-09-02,detail,108.68432,19.5784,108.77648,19.67056,1024,1024,9.436848413094255,10.0188,12,18,source-nodata,1048576,1048576,0,0,
detail-09-03,detail,108.77648,19.5784,108.86864,19.67056,1024,1024,9.436848413094255,10.0188,12,18,available,1048576,1041672,0,0,classes/detail/detail-09-03.png
detail-09-04,detail,108.86864,19.5784,108.9608,19.67056,1024,1024,9.436848413094255,10.0188,12,18,available,1048576,461067,0,0,classes/detail/detail-09-04.png
detail-09-05,detail,108.9608,19.5784,109.05296,19.67056,1024,1024,9.436848413094255,10.0188,12,18,available,1048576,0,0,3615,classes/detail/detail-09-05.png
detail-09-06,detail,109.05296,19.5784,109.14512,19.67056,1024,1024,9.436848413094255,10.0188,12,18,available,1048576,0,1,31104,classes/detail/detail-09-06.png
detail-09-07,detail,109.14512,19.5784,109.23728,19.67056,1024,1024,9.436848413094255,10.0188,12,18,available,1048576,0,0,124888,classes/detail/detail-09-07.png
detail-09-08,detail,109.23728,19.5784,109.32944,19.67056,1024,1024,9.436848413094255,10.0188,12,18,available,1048576,0,14,616677,classes/detail/detail-09-08.png
detail-09-09,detail,109.32944,19.5784,109.4216,19.67056,1024,1024,9.436848413094255,10.0188,12,18,available,1048576,0,0,305932,classes/detail/detail-09-09.png
detail-09-10,detail,109.4216,19.5784,109.51376,19.67056,1024,1024,9.436848413094255,10.0188,12,18,available,1048576,0,0,68825,classes/detail/detail-09-10.png
detail-09-11,detail,109.51376,19.5784,109.60592,19.67056,1024,1024,9.436848413094255,10.0188,12,18,available,1048576,0,0,94357,classes/detail/detail-09-11.png
detail-09-12,detail,109.60592,19.5784,109.69808,19.67056,1024,1024,9.436848413094255,10.0188,12,18,available,1048576,0,0,194861,classes/detail/detail-09-12.png
detail-09-13,detail,109.69808,19.5784,109.79024,19.67056,1024,1024,9.436848413094255,10.0188,12,18,available,1048576,0,0,167526,classes/detail/detail-09-13.png
detail-09-14,detail,109.79024,19.5784,109.8824,19.67056,1024,1024,9.436848413094255,10.0188,12,18,available,1048576,0,0,119826,classes/detail/detail-09-14.png
detail-09-15,detail,109.8824,19.5784,109.97456,19.67056,1024,1024,9.436848413094255,10.0188,12,18,available,1048576,0,3,127330,classes/detail/detail-09-15.png
detail-09-16,detail,109.97456,19.5784,110.06672,19.67056,1024,1024,9.436848413094255,10.0188,12,18,available,1048576,0,0,63919,classes/detail/detail-09-16.png
detail-09-17,detail,110.06672,19.5784,110.15888,19.67056,1024,1024,9.436848413094255,10.0188,12,18,available,1048576,0,0,170383,classes/detail/detail-09-17.png
detail-09-18,detail,110.15888,19.5784,110.25104,19.67056,1024,1024,9.436848413094255,10.0188,12,18,available,1048576,0,1,453744,classes/detail/detail-09-18.png
detail-09-19,detail,110.25104,19.5784,110.3432,19.67056,1024,1024,9.436848413094255,10.0188,12,18,available,1048576,0,2,657840,classes/detail/detail-09-19.png
detail-09-20,detail,110.3432,19.5784,110.43536,19.67056,1024,1024,9.436848413094255,10.0188,12,18,available,1048576,0,0,726050,classes/detail/detail-09-20.png
detail-09-21,detail,110.43536,19.5784,110.52752,19.67056,1024,1024,9.436848413094255,10.0188,12,18,available,1048576,0,48,757476,classes/detail/detail-09-21.png
detail-09-22,detail,110.52752,19.5784,110.61968,19.67056,1024,1024,9.436848413094255,10.0188,12,18,available,1048576,0,3,937707,classes/detail/detail-09-22.png
detail-09-23,detail,110.61968,19.5784,110.71184,19.67056,1024,1024,9.436848413094255,10.0188,12,18,available,1048576,0,11,849494,classes/detail/detail-09-23.png
detail-09-24,detail,110.71184,19.5784,110.804,19.67056,1024,1024,9.436848413094255,10.0188,12,18,available,1048576,0,9,366899,classes/detail/detail-09-24.png
detail-09-25,detail,110.804,19.5784,110.89616,19.67056,1024,1024,9.436848413094255,10.0188,12,18,available,1048576,0,28,200734,classes/detail/detail-09-25.png
detail-09-26,detail,110.89616,19.5784,110.98832,19.67056,1024,1024,9.436848413094255,10.0188,12,18,available,1048576,0,5,92508,classes/detail/detail-09-26.png
detail-09-27,detail,110.98832,19.5784,111.08048,19.67056,1024,1024,9.436848413094255,10.0188,12,18,available,1048576,0,22,6858,classes/detail/detail-09-27.png
detail-09-28,detail,111.08048,19.5784,111.17264,19.67056,1024,1024,9.436848413094255,10.0188,12,18,available,1048576,375856,0,0,classes/detail/detail-09-28.png
detail-09-29,detail,111.17264,19.5784,111.2648,19.67056,1024,1024,9.436848413094255,10.0188,12,18,source-nodata,1048576,1048576,0,0,
detail-09-30,detail,111.2648,19.5784,111.35696,19.67056,1024,1024,9.436848413094255,10.0188,12,18,source-nodata,1048576,1048576,0,0,
detail-09-31,detail,111.35696,19.5784,111.44912,19.67056,1024,1024,9.436848413094255,10.0188,12,18,source-nodata,1048576,1048576,0,0,
detail-09-32,detail,111.44912,19.5784,111.49997,19.67056,565,1024,9.436848413094255,10.0188,12,18,source-nodata,578560,578560,0,0,
detail-10-00,detail,108.5,19.48624,108.59216,19.5784,1024,1024,9.442248556018422,10.0188,12,18,source-nodata,1048576,1048576,0,0,
detail-10-01,detail,108.59216,19.48624,108.68432,19.5784,1024,1024,9.442248556018422,10.0188,12,18,source-nodata,1048576,1048576,0,0,
detail-10-02,detail,108.68432,19.48624,108.77648,19.5784,1024,1024,9.442248556018422,10.0188,12,18,available,1048576,845697,0,0,classes/detail/detail-10-02.png
detail-10-03,detail,108.77648,19.48624,108.86864,19.5784,1024,1024,9.442248556018422,10.0188,12,18,available,1048576,249578,0,0,classes/detail/detail-10-03.png
detail-10-04,detail,108.86864,19.48624,108.9608,19.5784,1024,1024,9.442248556018422,10.0188,12,18,available,1048576,0,0,29852,classes/detail/detail-10-04.png
detail-10-05,detail,108.9608,19.48624,109.05296,19.5784,1024,1024,9.442248556018422,10.0188,12,18,available,1048576,0,0,350077,classes/detail/detail-10-05.png
detail-10-06,detail,109.05296,19.48624,109.14512,19.5784,1024,1024,9.442248556018422,10.0188,12,18,available,1048576,0,4,159525,classes/detail/detail-10-06.png
detail-10-07,detail,109.14512,19.48624,109.23728,19.5784,1024,1024,9.442248556018422,10.0188,12,18,available,1048576,0,1,229263,classes/detail/detail-10-07.png
detail-10-08,detail,109.23728,19.48624,109.32944,19.5784,1024,1024,9.442248556018422,10.0188,12,18,available,1048576,0,1,278664,classes/detail/detail-10-08.png
detail-10-09,detail,109.32944,19.48624,109.4216,19.5784,1024,1024,9.442248556018422,10.0188,12,18,available,1048576,0,5,138451,classes/detail/detail-10-09.png
detail-10-10,detail,109.4216,19.48624,109.51376,19.5784,1024,1024,9.442248556018422,10.0188,12,18,available,1048576,0,0,185489,classes/detail/detail-10-10.png
detail-10-11,detail,109.51376,19.48624,109.60592,19.5784,1024,1024,9.442248556018422,10.0188,12,18,available,1048576,0,0,34563,classes/detail/detail-10-11.png
detail-10-12,detail,109.60592,19.48624,109.69808,19.5784,1024,1024,9.442248556018422,10.0188,12,18,available,1048576,0,3,67158,classes/detail/detail-10-12.png
detail-10-13,detail,109.69808,19.48624,109.79024,19.5784,1024,1024,9.442248556018422,10.0188,12,18,available,1048576,0,0,51820,classes/detail/detail-10-13.png
detail-10-14,detail,109.79024,19.48624,109.8824,19.5784,1024,1024,9.442248556018422,10.0188,12,18,available,1048576,0,3,26457,classes/detail/detail-10-14.png
detail-10-15,detail,109.8824,19.48624,109.97456,19.5784,1024,1024,9.442248556018422,10.0188,12,18,available,1048576,0,5,18249,classes/detail/detail-10-15.png
detail-10-16,detail,109.97456,19.48624,110.06672,19.5784,1024,1024,9.442248556018422,10.0188,12,18,available,1048576,0,23,29179,classes/detail/detail-10-16.png
detail-10-17,detail,110.06672,19.48624,110.15888,19.5784,1024,1024,9.442248556018422,10.0188,12,18,available,1048576,0,10,116386,classes/detail/detail-10-17.png
detail-10-18,detail,110.15888,19.48624,110.25104,19.5784,1024,1024,9.442248556018422,10.0188,12,18,available,1048576,0,36,282668,classes/detail/detail-10-18.png
detail-10-19,detail,110.25104,19.48624,110.3432,19.5784,1024,1024,9.442248556018422,10.0188,12,18,available,1048576,0,0,431852,classes/detail/detail-10-19.png
detail-10-20,detail,110.3432,19.48624,110.43536,19.5784,1024,1024,9.442248556018422,10.0188,12,18,available,1048576,0,1,394669,classes/detail/detail-10-20.png
detail-10-21,detail,110.43536,19.48624,110.52752,19.5784,1024,1024,9.442248556018422,10.0188,12,18,available,1048576,0,0,797655,classes/detail/detail-10-21.png
detail-10-22,detail,110.52752,19.48624,110.61968,19.5784,1024,1024,9.442248556018422,10.0188,12,18,available,1048576,0,86,938375,classes/detail/detail-10-22.png
detail-10-23,detail,110.61968,19.48624,110.71184,19.5784,1024,1024,9.442248556018422,10.0188,12,18,available,1048576,0,17,842898,classes/detail/detail-10-23.png
detail-10-24,detail,110.71184,19.48624,110.804,19.5784,1024,1024,9.442248556018422,10.0188,12,18,available,1048576,0,1,452547,classes/detail/detail-10-24.png
detail-10-25,detail,110.804,19.48624,110.89616,19.5784,1024,1024,9.442248556018422,10.0188,12,18,available,1048576,0,0,42442,classes/detail/detail-10-25.png
detail-10-26,detail,110.89616,19.48624,110.98832,19.5784,1024,1024,9.442248556018422,10.0188,12,18,available,1048576,34536,0,643,classes/detail/detail-10-26.png
detail-10-27,detail,110.98832,19.48624,111.08048,19.5784,1024,1024,9.442248556018422,10.0188,12,18,available,1048576,489169,0,0,classes/detail/detail-10-27.png
detail-10-28,detail,111.08048,19.48624,111.17264,19.5784,1024,1024,9.442248556018422,10.0188,12,18,available,1048576,956019,0,0,classes/detail/detail-10-28.png
detail-10-29,detail,111.17264,19.48624,111.2648,19.5784,1024,1024,9.442248556018422,10.0188,12,18,source-nodata,1048576,1048576,0,0,
detail-10-30,detail,111.2648,19.48624,111.35696,19.5784,1024,1024,9.442248556018422,10.0188,12,18,source-nodata,1048576,1048576,0,0,
detail-10-31,detail,111.35696,19.48624,111.44912,19.5784,1024,1024,9.442248556018422,10.0188,12,18,source-nodata,1048576,1048576,0,0,
detail-10-32,detail,111.44912,19.48624,111.49997,19.5784,565,1024,9.442248556018422,10.0188,12,18,source-nodata,578560,578560,0,0,
detail-11-00,detail,108.5,19.39408,108.59216,19.48624,1024,1024,9.447624269418746,10.0188,12,18,available,1048576,1020418,0,0,classes/detail/detail-11-00.png
detail-11-01,detail,108.59216,19.39408,108.68432,19.48624,1024,1024,9.447624269418746,10.0188,12,18,available,1048576,333108,0,0,classes/detail/detail-11-01.png
detail-11-02,detail,108.68432,19.39408,108.77648,19.48624,1024,1024,9.447624269418746,10.0188,12,18,available,1048576,17233,0,0,classes/detail/detail-11-02.png
detail-11-03,detail,108.77648,19.39408,108.86864,19.48624,1024,1024,9.447624269418746,10.0188,12,18,available,1048576,0,260,163831,classes/detail/detail-11-03.png
detail-11-04,detail,108.86864,19.39408,108.9608,19.48624,1024,1024,9.447624269418746,10.0188,12,18,available,1048576,0,0,623092,classes/detail/detail-11-04.png
detail-11-05,detail,108.9608,19.39408,109.05296,19.48624,1024,1024,9.447624269418746,10.0188,12,18,available,1048576,0,0,575604,classes/detail/detail-11-05.png
detail-11-06,detail,109.05296,19.39408,109.14512,19.48624,1024,1024,9.447624269418746,10.0188,12,18,available,1048576,0,1,184993,classes/detail/detail-11-06.png
detail-11-07,detail,109.14512,19.39408,109.23728,19.48624,1024,1024,9.447624269418746,10.0188,12,18,available,1048576,0,0,174947,classes/detail/detail-11-07.png
detail-11-08,detail,109.23728,19.39408,109.32944,19.48624,1024,1024,9.447624269418746,10.0188,12,18,available,1048576,0,0,133893,classes/detail/detail-11-08.png
detail-11-09,detail,109.32944,19.39408,109.4216,19.48624,1024,1024,9.447624269418746,10.0188,12,18,available,1048576,0,0,132653,classes/detail/detail-11-09.png
detail-11-10,detail,109.4216,19.39408,109.51376,19.48624,1024,1024,9.447624269418746,10.0188,12,18,available,1048576,0,0,59680,classes/detail/detail-11-10.png
detail-11-11,detail,109.51376,19.39408,109.60592,19.48624,1024,1024,9.447624269418746,10.0188,12,18,available,1048576,0,0,89948,classes/detail/detail-11-11.png
detail-11-12,detail,109.60592,19.39408,109.69808,19.48624,1024,1024,9.447624269418746,10.0188,12,18,available,1048576,0,12,37709,classes/detail/detail-11-12.png
detail-11-13,detail,109.69808,19.39408,109.79024,19.48624,1024,1024,9.447624269418746,10.0188,12,18,available,1048576,0,0,10777,classes/detail/detail-11-13.png
detail-11-14,detail,109.79024,19.39408,109.8824,19.48624,1024,1024,9.447624269418746,10.0188,12,18,available,1048576,0,9,31262,classes/detail/detail-11-14.png
detail-11-15,detail,109.8824,19.39408,109.97456,19.48624,1024,1024,9.447624269418746,10.0188,12,18,available,1048576,0,12,6232,classes/detail/detail-11-15.png
detail-11-16,detail,109.97456,19.39408,110.06672,19.48624,1024,1024,9.447624269418746,10.0188,12,18,available,1048576,0,2,42080,classes/detail/detail-11-16.png
detail-11-17,detail,110.06672,19.39408,110.15888,19.48624,1024,1024,9.447624269418746,10.0188,12,18,available,1048576,0,11,127853,classes/detail/detail-11-17.png
detail-11-18,detail,110.15888,19.39408,110.25104,19.48624,1024,1024,9.447624269418746,10.0188,12,18,available,1048576,0,67,224750,classes/detail/detail-11-18.png
detail-11-19,detail,110.25104,19.39408,110.3432,19.48624,1024,1024,9.447624269418746,10.0188,12,18,available,1048576,0,40,573413,classes/detail/detail-11-19.png
detail-11-20,detail,110.3432,19.39408,110.43536,19.48624,1024,1024,9.447624269418746,10.0188,12,18,available,1048576,0,51,573522,classes/detail/detail-11-20.png
detail-11-21,detail,110.43536,19.39408,110.52752,19.48624,1024,1024,9.447624269418746,10.0188,12,18,available,1048576,0,105,607116,classes/detail/detail-11-21.png
detail-11-22,detail,110.52752,19.39408,110.61968,19.48624,1024,1024,9.447624269418746,10.0188,12,18,available,1048576,0,17,407565,classes/detail/detail-11-22.png
detail-11-23,detail,110.61968,19.39408,110.71184,19.48624,1024,1024,9.447624269418746,10.0188,12,18,available,1048576,0,6,475414,classes/detail/detail-11-23.png
detail-11-24,detail,110.71184,19.39408,110.804,19.48624,1024,1024,9.447624269418746,10.0188,12,18,available,1048576,0,0,144303,classes/detail/detail-11-24.png
detail-11-25,detail,110.804,19.39408,110.89616,19.48624,1024,1024,9.447624269418746,10.0188,12,18,available,1048576,89809,0,0,classes/detail/detail-11-25.png
detail-11-26,detail,110.89616,19.39408,110.98832,19.48624,1024,1024,9.447624269418746,10.0188,12,18,available,1048576,751506,0,0,classes/detail/detail-11-26.png
detail-11-27,detail,110.98832,19.39408,111.08048,19.48624,1024,1024,9.447624269418746,10.0188,12,18,source-nodata,1048576,1048576,0,0,
detail-11-28,detail,111.08048,19.39408,111.17264,19.48624,1024,1024,9.447624269418746,10.0188,12,18,source-nodata,1048576,1048576,0,0,
detail-11-29,detail,111.17264,19.39408,111.2648,19.48624,1024,1024,9.447624269418746,10.0188,12,18,source-nodata,1048576,1048576,0,0,
detail-11-30,detail,111.2648,19.39408,111.35696,19.48624,1024,1024,9.447624269418746,10.0188,12,18,source-nodata,1048576,1048576,0,0,
detail-11-31,detail,111.35696,19.39408,111.44912,19.48624,1024,1024,9.447624269418746,10.0188,12,18,source-nodata,1048576,1048576,0,0,
detail-11-32,detail,111.44912,19.39408,111.49997,19.48624,565,1024,9.447624269418746,10.0188,12,18,source-nodata,578560,578560,0,0,
detail-12-00,detail,108.5,19.30192,108.59216,19.39408,1024,1024,9.452975539386872,10.0188,12,18,available,1048576,565703,0,0,classes/detail/detail-12-00.png
detail-12-01,detail,108.59216,19.30192,108.68432,19.39408,1024,1024,9.452975539386872,10.0188,12,18,available,1048576,0,0,2533,classes/detail/detail-12-01.png
detail-12-02,detail,108.68432,19.30192,108.77648,19.39408,1024,1024,9.452975539386872,10.0188,12,18,available,1048576,0,0,308562,classes/detail/detail-12-02.png
detail-12-03,detail,108.77648,19.30192,108.86864,19.39408,1024,1024,9.452975539386872,10.0188,12,18,available,1048576,0,0,531941,classes/detail/detail-12-03.png
detail-12-04,detail,108.86864,19.30192,108.9608,19.39408,1024,1024,9.452975539386872,10.0188,12,18,available,1048576,0,0,885354,classes/detail/detail-12-04.png
detail-12-05,detail,108.9608,19.30192,109.05296,19.39408,1024,1024,9.452975539386872,10.0188,12,18,available,1048576,0,0,706073,classes/detail/detail-12-05.png
detail-12-06,detail,109.05296,19.30192,109.14512,19.39408,1024,1024,9.452975539386872,10.0188,12,18,available,1048576,0,18,208169,classes/detail/detail-12-06.png
detail-12-07,detail,109.14512,19.30192,109.23728,19.39408,1024,1024,9.452975539386872,10.0188,12,18,available,1048576,0,0,141566,classes/detail/detail-12-07.png
detail-12-08,detail,109.23728,19.30192,109.32944,19.39408,1024,1024,9.452975539386872,10.0188,12,18,available,1048576,0,0,117235,classes/detail/detail-12-08.png
detail-12-09,detail,109.32944,19.30192,109.4216,19.39408,1024,1024,9.452975539386872,10.0188,12,18,available,1048576,0,0,63957,classes/detail/detail-12-09.png
detail-12-10,detail,109.4216,19.30192,109.51376,19.39408,1024,1024,9.452975539386872,10.0188,12,18,available,1048576,0,7,29191,classes/detail/detail-12-10.png
detail-12-11,detail,109.51376,19.30192,109.60592,19.39408,1024,1024,9.452975539386872,10.0188,12,18,available,1048576,0,0,100,classes/detail/detail-12-11.png
detail-12-12,detail,109.60592,19.30192,109.69808,19.39408,1024,1024,9.452975539386872,10.0188,12,18,available,1048576,0,2,13079,classes/detail/detail-12-12.png
detail-12-13,detail,109.69808,19.30192,109.79024,19.39408,1024,1024,9.452975539386872,10.0188,12,18,available,1048576,0,0,86172,classes/detail/detail-12-13.png
detail-12-14,detail,109.79024,19.30192,109.8824,19.39408,1024,1024,9.452975539386872,10.0188,12,18,available,1048576,0,16,41274,classes/detail/detail-12-14.png
detail-12-15,detail,109.8824,19.30192,109.97456,19.39408,1024,1024,9.452975539386872,10.0188,12,18,available,1048576,0,59,101307,classes/detail/detail-12-15.png
detail-12-16,detail,109.97456,19.30192,110.06672,19.39408,1024,1024,9.452975539386872,10.0188,12,18,available,1048576,0,13,77698,classes/detail/detail-12-16.png
detail-12-17,detail,110.06672,19.30192,110.15888,19.39408,1024,1024,9.452975539386872,10.0188,12,18,available,1048576,0,6,317691,classes/detail/detail-12-17.png
detail-12-18,detail,110.15888,19.30192,110.25104,19.39408,1024,1024,9.452975539386872,10.0188,12,18,available,1048576,0,77,204703,classes/detail/detail-12-18.png
detail-12-19,detail,110.25104,19.30192,110.3432,19.39408,1024,1024,9.452975539386872,10.0188,12,18,available,1048576,0,25,339512,classes/detail/detail-12-19.png
detail-12-20,detail,110.3432,19.30192,110.43536,19.39408,1024,1024,9.452975539386872,10.0188,12,18,available,1048576,0,158,209453,classes/detail/detail-12-20.png
detail-12-21,detail,110.43536,19.30192,110.52752,19.39408,1024,1024,9.452975539386872,10.0188,12,18,available,1048576,0,19,680993,classes/detail/detail-12-21.png
detail-12-22,detail,110.52752,19.30192,110.61968,19.39408,1024,1024,9.452975539386872,10.0188,12,18,available,1048576,0,17,376686,classes/detail/detail-12-22.png
detail-12-23,detail,110.61968,19.30192,110.71184,19.39408,1024,1024,9.452975539386872,10.0188,12,18,available,1048576,0,0,153504,classes/detail/detail-12-23.png
detail-12-24,detail,110.71184,19.30192,110.804,19.39408,1024,1024,9.452975539386872,10.0188,12,18,available,1048576,51912,0,0,classes/detail/detail-12-24.png
detail-12-25,detail,110.804,19.30192,110.89616,19.39408,1024,1024,9.452975539386872,10.0188,12,18,available,1048576,806846,0,0,classes/detail/detail-12-25.png
detail-12-26,detail,110.89616,19.30192,110.98832,19.39408,1024,1024,9.452975539386872,10.0188,12,18,source-nodata,1048576,1048576,0,0,
detail-12-27,detail,110.98832,19.30192,111.08048,19.39408,1024,1024,9.452975539386872,10.0188,12,18,source-nodata,1048576,1048576,0,0,
detail-12-28,detail,111.08048,19.30192,111.17264,19.39408,1024,1024,9.452975539386872,10.0188,12,18,source-nodata,1048576,1048576,0,0,
detail-12-29,detail,111.17264,19.30192,111.2648,19.39408,1024,1024,9.452975539386872,10.0188,12,18,source-nodata,1048576,1048576,0,0,
detail-12-30,detail,111.2648,19.30192,111.35696,19.39408,1024,1024,9.452975539386872,10.0188,12,18,source-nodata,1048576,1048576,0,0,
detail-12-31,detail,111.35696,19.30192,111.44912,19.39408,1024,1024,9.452975539386872,10.0188,12,18,source-nodata,1048576,1048576,0,0,
detail-12-32,detail,111.44912,19.30192,111.49997,19.39408,565,1024,9.452975539386872,10.0188,12,18,source-nodata,578560,578560,0,0,
detail-13-00,detail,108.5,19.20976,108.59216,19.30192,1024,1024,9.45830235207769,10.0188,12,18,available,1048576,283126,0,0,classes/detail/detail-13-00.png
detail-13-01,detail,108.59216,19.20976,108.68432,19.30192,1024,1024,9.45830235207769,10.0188,12,18,available,1048576,0,0,322073,classes/detail/detail-13-01.png
detail-13-02,detail,108.68432,19.20976,108.77648,19.30192,1024,1024,9.45830235207769,10.0188,12,18,available,1048576,0,0,793056,classes/detail/detail-13-02.png
detail-13-03,detail,108.77648,19.20976,108.86864,19.30192,1024,1024,9.45830235207769,10.0188,12,18,available,1048576,0,0,836143,classes/detail/detail-13-03.png
detail-13-04,detail,108.86864,19.20976,108.9608,19.30192,1024,1024,9.45830235207769,10.0188,12,18,available,1048576,0,0,794030,classes/detail/detail-13-04.png
detail-13-05,detail,108.9608,19.20976,109.05296,19.30192,1024,1024,9.45830235207769,10.0188,12,18,available,1048576,0,0,395959,classes/detail/detail-13-05.png
detail-13-06,detail,109.05296,19.20976,109.14512,19.30192,1024,1024,9.45830235207769,10.0188,12,18,available,1048576,0,0,33535,classes/detail/detail-13-06.png
detail-13-07,detail,109.14512,19.20976,109.23728,19.30192,1024,1024,9.45830235207769,10.0188,12,18,available,1048576,0,0,55637,classes/detail/detail-13-07.png
detail-13-08,detail,109.23728,19.20976,109.32944,19.30192,1024,1024,9.45830235207769,10.0188,12,18,available,1048576,0,0,55893,classes/detail/detail-13-08.png
detail-13-09,detail,109.32944,19.20976,109.4216,19.30192,1024,1024,9.45830235207769,10.0188,12,18,available,1048576,0,0,72647,classes/detail/detail-13-09.png
detail-13-10,detail,109.4216,19.20976,109.51376,19.30192,1024,1024,9.45830235207769,10.0188,12,18,available,1048576,0,0,33164,classes/detail/detail-13-10.png
detail-13-11,detail,109.51376,19.20976,109.60592,19.30192,1024,1024,9.45830235207769,10.0188,12,18,available,1048576,0,0,60378,classes/detail/detail-13-11.png
detail-13-12,detail,109.60592,19.20976,109.69808,19.30192,1024,1024,9.45830235207769,10.0188,12,18,available,1048576,0,1,2590,classes/detail/detail-13-12.png
detail-13-13,detail,109.69808,19.20976,109.79024,19.30192,1024,1024,9.45830235207769,10.0188,12,18,available,1048576,0,4,61945,classes/detail/detail-13-13.png
detail-13-14,detail,109.79024,19.20976,109.8824,19.30192,1024,1024,9.45830235207769,10.0188,12,18,available,1048576,0,53,108885,classes/detail/detail-13-14.png
detail-13-15,detail,109.8824,19.20976,109.97456,19.30192,1024,1024,9.45830235207769,10.0188,12,18,available,1048576,0,385,26776,classes/detail/detail-13-15.png
detail-13-16,detail,109.97456,19.20976,110.06672,19.30192,1024,1024,9.45830235207769,10.0188,12,18,available,1048576,0,248,178429,classes/detail/detail-13-16.png
detail-13-17,detail,110.06672,19.20976,110.15888,19.30192,1024,1024,9.45830235207769,10.0188,12,18,available,1048576,0,2,219877,classes/detail/detail-13-17.png
detail-13-18,detail,110.15888,19.20976,110.25104,19.30192,1024,1024,9.45830235207769,10.0188,12,18,available,1048576,0,52,43576,classes/detail/detail-13-18.png
detail-13-19,detail,110.25104,19.20976,110.3432,19.30192,1024,1024,9.45830235207769,10.0188,12,18,available,1048576,0,96,14120,classes/detail/detail-13-19.png
detail-13-20,detail,110.3432,19.20976,110.43536,19.30192,1024,1024,9.45830235207769,10.0188,12,18,available,1048576,0,168,149498,classes/detail/detail-13-20.png
detail-13-21,detail,110.43536,19.20976,110.52752,19.30192,1024,1024,9.45830235207769,10.0188,12,18,available,1048576,0,23,449671,classes/detail/detail-13-21.png
detail-13-22,detail,110.52752,19.20976,110.61968,19.30192,1024,1024,9.45830235207769,10.0188,12,18,available,1048576,0,1,599248,classes/detail/detail-13-22.png
detail-13-23,detail,110.61968,19.20976,110.71184,19.30192,1024,1024,9.45830235207769,10.0188,12,18,available,1048576,0,0,36893,classes/detail/detail-13-23.png
detail-13-24,detail,110.71184,19.20976,110.804,19.30192,1024,1024,9.45830235207769,10.0188,12,18,available,1048576,573217,0,0,classes/detail/detail-13-24.png
detail-13-25,detail,110.804,19.20976,110.89616,19.30192,1024,1024,9.45830235207769,10.0188,12,18,source-nodata,1048576,1048576,0,0,
detail-13-26,detail,110.89616,19.20976,110.98832,19.30192,1024,1024,9.45830235207769,10.0188,12,18,source-nodata,1048576,1048576,0,0,
detail-13-27,detail,110.98832,19.20976,111.08048,19.30192,1024,1024,9.45830235207769,10.0188,12,18,source-nodata,1048576,1048576,0,0,
detail-13-28,detail,111.08048,19.20976,111.17264,19.30192,1024,1024,9.45830235207769,10.0188,12,18,source-nodata,1048576,1048576,0,0,
detail-13-29,detail,111.17264,19.20976,111.2648,19.30192,1024,1024,9.45830235207769,10.0188,12,18,source-nodata,1048576,1048576,0,0,
detail-13-30,detail,111.2648,19.20976,111.35696,19.30192,1024,1024,9.45830235207769,10.0188,12,18,source-nodata,1048576,1048576,0,0,
detail-13-31,detail,111.35696,19.20976,111.44912,19.30192,1024,1024,9.45830235207769,10.0188,12,18,source-nodata,1048576,1048576,0,0,
detail-13-32,detail,111.44912,19.20976,111.49997,19.30192,565,1024,9.45830235207769,10.0188,12,18,source-nodata,578560,578560,0,0,
detail-14-00,detail,108.5,19.1176,108.59216,19.20976,1024,1024,9.463604693709366,10.0188,12,18,available,1048576,280111,0,0,classes/detail/detail-14-00.png
detail-14-01,detail,108.59216,19.1176,108.68432,19.20976,1024,1024,9.463604693709366,10.0188,12,18,available,1048576,0,0,47871,classes/detail/detail-14-01.png
detail-14-02,detail,108.68432,19.1176,108.77648,19.20976,1024,1024,9.463604693709366,10.0188,12,18,available,1048576,0,5,817786,classes/detail/detail-14-02.png
detail-14-03,detail,108.77648,19.1176,108.86864,19.20976,1024,1024,9.463604693709366,10.0188,12,18,available,1048576,0,0,925429,classes/detail/detail-14-03.png
detail-14-04,detail,108.86864,19.1176,108.9608,19.20976,1024,1024,9.463604693709366,10.0188,12,18,available,1048576,0,0,814038,classes/detail/detail-14-04.png
detail-14-05,detail,108.9608,19.1176,109.05296,19.20976,1024,1024,9.463604693709366,10.0188,12,18,available,1048576,0,0,223752,classes/detail/detail-14-05.png
detail-14-06,detail,109.05296,19.1176,109.14512,19.20976,1024,1024,9.463604693709366,10.0188,12,18,available,1048576,0,0,46864,classes/detail/detail-14-06.png
detail-14-07,detail,109.14512,19.1176,109.23728,19.20976,1024,1024,9.463604693709366,10.0188,12,18,available,1048576,0,0,937,classes/detail/detail-14-07.png
detail-14-08,detail,109.23728,19.1176,109.32944,19.20976,1024,1024,9.463604693709366,10.0188,12,18,available,1048576,0,0,36189,classes/detail/detail-14-08.png
detail-14-09,detail,109.32944,19.1176,109.4216,19.20976,1024,1024,9.463604693709366,10.0188,12,18,available,1048576,0,0,81160,classes/detail/detail-14-09.png
detail-14-10,detail,109.4216,19.1176,109.51376,19.20976,1024,1024,9.463604693709366,10.0188,12,18,available,1048576,0,0,180339,classes/detail/detail-14-10.png
detail-14-11,detail,109.51376,19.1176,109.60592,19.20976,1024,1024,9.463604693709366,10.0188,12,18,available,1048576,0,0,66131,classes/detail/detail-14-11.png
detail-14-12,detail,109.60592,19.1176,109.69808,19.20976,1024,1024,9.463604693709366,10.0188,12,18,available,1048576,0,0,4964,classes/detail/detail-14-12.png
detail-14-13,detail,109.69808,19.1176,109.79024,19.20976,1024,1024,9.463604693709366,10.0188,12,18,available,1048576,0,0,1084,classes/detail/detail-14-13.png
detail-14-14,detail,109.79024,19.1176,109.8824,19.20976,1024,1024,9.463604693709366,10.0188,12,18,available,1048576,0,176,58108,classes/detail/detail-14-14.png
detail-14-15,detail,109.8824,19.1176,109.97456,19.20976,1024,1024,9.463604693709366,10.0188,12,18,available,1048576,0,816,118023,classes/detail/detail-14-15.png
detail-14-16,detail,109.97456,19.1176,110.06672,19.20976,1024,1024,9.463604693709366,10.0188,12,18,available,1048576,0,557,24780,classes/detail/detail-14-16.png
detail-14-17,detail,110.06672,19.1176,110.15888,19.20976,1024,1024,9.463604693709366,10.0188,12,18,available,1048576,0,1,13717,classes/detail/detail-14-17.png
detail-14-18,detail,110.15888,19.1176,110.25104,19.20976,1024,1024,9.463604693709366,10.0188,12,18,available,1048576,0,19,2999,classes/detail/detail-14-18.png
detail-14-19,detail,110.25104,19.1176,110.3432,19.20976,1024,1024,9.463604693709366,10.0188,12,18,available,1048576,0,1,122038,classes/detail/detail-14-19.png
detail-14-20,detail,110.3432,19.1176,110.43536,19.20976,1024,1024,9.463604693709366,10.0188,12,18,available,1048576,0,349,122210,classes/detail/detail-14-20.png
detail-14-21,detail,110.43536,19.1176,110.52752,19.20976,1024,1024,9.463604693709366,10.0188,12,18,available,1048576,0,177,449882,classes/detail/detail-14-21.png
detail-14-22,detail,110.52752,19.1176,110.61968,19.20976,1024,1024,9.463604693709366,10.0188,12,18,available,1048576,0,0,283917,classes/detail/detail-14-22.png
detail-14-23,detail,110.61968,19.1176,110.71184,19.20976,1024,1024,9.463604693709366,10.0188,12,18,available,1048576,95867,0,0,classes/detail/detail-14-23.png
detail-14-24,detail,110.71184,19.1176,110.804,19.20976,1024,1024,9.463604693709366,10.0188,12,18,available,1048576,1000171,0,0,classes/detail/detail-14-24.png
detail-14-25,detail,110.804,19.1176,110.89616,19.20976,1024,1024,9.463604693709366,10.0188,12,18,source-nodata,1048576,1048576,0,0,
detail-14-26,detail,110.89616,19.1176,110.98832,19.20976,1024,1024,9.463604693709366,10.0188,12,18,source-nodata,1048576,1048576,0,0,
detail-14-27,detail,110.98832,19.1176,111.08048,19.20976,1024,1024,9.463604693709366,10.0188,12,18,source-nodata,1048576,1048576,0,0,
detail-14-28,detail,111.08048,19.1176,111.17264,19.20976,1024,1024,9.463604693709366,10.0188,12,18,source-nodata,1048576,1048576,0,0,
detail-14-29,detail,111.17264,19.1176,111.2648,19.20976,1024,1024,9.463604693709366,10.0188,12,18,source-nodata,1048576,1048576,0,0,
detail-14-30,detail,111.2648,19.1176,111.35696,19.20976,1024,1024,9.463604693709366,10.0188,12,18,source-nodata,1048576,1048576,0,0,
detail-14-31,detail,111.35696,19.1176,111.44912,19.20976,1024,1024,9.463604693709366,10.0188,12,18,source-nodata,1048576,1048576,0,0,
detail-14-32,detail,111.44912,19.1176,111.49997,19.20976,565,1024,9.463604693709366,10.0188,12,18,source-nodata,578560,578560,0,0,
detail-15-00,detail,108.5,19.02544,108.59216,19.1176,1024,1024,9.468882550563379,10.0188,12,18,available,1048576,218553,0,0,classes/detail/detail-15-00.png
detail-15-01,detail,108.59216,19.02544,108.68432,19.1176,1024,1024,9.468882550563379,10.0188,12,18,available,1048576,0,0,156661,classes/detail/detail-15-01.png
detail-15-02,detail,108.68432,19.02544,108.77648,19.1176,1024,1024,9.468882550563379,10.0188,12,18,available,1048576,0,0,570503,classes/detail/detail-15-02.png
detail-15-03,detail,108.77648,19.02544,108.86864,19.1176,1024,1024,9.468882550563379,10.0188,12,18,available,1048576,0,0,584146,classes/detail/detail-15-03.png
detail-15-04,detail,108.86864,19.02544,108.9608,19.1176,1024,1024,9.468882550563379,10.0188,12,18,available,1048576,0,0,579966,classes/detail/detail-15-04.png
detail-15-05,detail,108.9608,19.02544,109.05296,19.1176,1024,1024,9.468882550563379,10.0188,12,18,available,1048576,0,1,448895,classes/detail/detail-15-05.png
detail-15-06,detail,109.05296,19.02544,109.14512,19.1176,1024,1024,9.468882550563379,10.0188,12,18,available,1048576,0,0,117035,classes/detail/detail-15-06.png
detail-15-07,detail,109.14512,19.02544,109.23728,19.1176,1024,1024,9.468882550563379,10.0188,12,18,available,1048576,0,0,0,classes/detail/detail-15-07.png
detail-15-08,detail,109.23728,19.02544,109.32944,19.1176,1024,1024,9.468882550563379,10.0188,12,18,available,1048576,0,4,8435,classes/detail/detail-15-08.png
detail-15-09,detail,109.32944,19.02544,109.4216,19.1176,1024,1024,9.468882550563379,10.0188,12,18,available,1048576,0,0,6312,classes/detail/detail-15-09.png
detail-15-10,detail,109.4216,19.02544,109.51376,19.1176,1024,1024,9.468882550563379,10.0188,12,18,available,1048576,0,0,472,classes/detail/detail-15-10.png
detail-15-11,detail,109.51376,19.02544,109.60592,19.1176,1024,1024,9.468882550563379,10.0188,12,18,available,1048576,0,2,18929,classes/detail/detail-15-11.png
detail-15-12,detail,109.60592,19.02544,109.69808,19.1176,1024,1024,9.468882550563379,10.0188,12,18,available,1048576,0,2,45372,classes/detail/detail-15-12.png
detail-15-13,detail,109.69808,19.02544,109.79024,19.1176,1024,1024,9.468882550563379,10.0188,12,18,available,1048576,0,91,37046,classes/detail/detail-15-13.png
detail-15-14,detail,109.79024,19.02544,109.8824,19.1176,1024,1024,9.468882550563379,10.0188,12,18,available,1048576,0,41,45166,classes/detail/detail-15-14.png
detail-15-15,detail,109.8824,19.02544,109.97456,19.1176,1024,1024,9.468882550563379,10.0188,12,18,available,1048576,0,96,45271,classes/detail/detail-15-15.png
detail-15-16,detail,109.97456,19.02544,110.06672,19.1176,1024,1024,9.468882550563379,10.0188,12,18,available,1048576,0,206,17035,classes/detail/detail-15-16.png
detail-15-17,detail,110.06672,19.02544,110.15888,19.1176,1024,1024,9.468882550563379,10.0188,12,18,available,1048576,0,83,6822,classes/detail/detail-15-17.png
detail-15-18,detail,110.15888,19.02544,110.25104,19.1176,1024,1024,9.468882550563379,10.0188,12,18,available,1048576,0,9,23303,classes/detail/detail-15-18.png
detail-15-19,detail,110.25104,19.02544,110.3432,19.1176,1024,1024,9.468882550563379,10.0188,12,18,available,1048576,0,91,157677,classes/detail/detail-15-19.png
detail-15-20,detail,110.3432,19.02544,110.43536,19.1176,1024,1024,9.468882550563379,10.0188,12,18,available,1048576,0,494,360079,classes/detail/detail-15-20.png
detail-15-21,detail,110.43536,19.02544,110.52752,19.1176,1024,1024,9.468882550563379,10.0188,12,18,available,1048576,0,326,748131,classes/detail/detail-15-21.png
detail-15-22,detail,110.52752,19.02544,110.61968,19.1176,1024,1024,9.468882550563379,10.0188,12,18,available,1048576,0,0,206960,classes/detail/detail-15-22.png
detail-15-23,detail,110.61968,19.02544,110.71184,19.1176,1024,1024,9.468882550563379,10.0188,12,18,available,1048576,458644,0,0,classes/detail/detail-15-23.png
detail-15-24,detail,110.71184,19.02544,110.804,19.1176,1024,1024,9.468882550563379,10.0188,12,18,source-nodata,1048576,1048576,0,0,
detail-15-25,detail,110.804,19.02544,110.89616,19.1176,1024,1024,9.468882550563379,10.0188,12,18,source-nodata,1048576,1048576,0,0,
detail-15-26,detail,110.89616,19.02544,110.98832,19.1176,1024,1024,9.468882550563379,10.0188,12,18,source-nodata,1048576,1048576,0,0,
detail-15-27,detail,110.98832,19.02544,111.08048,19.1176,1024,1024,9.468882550563379,10.0188,12,18,source-nodata,1048576,1048576,0,0,
detail-15-28,detail,111.08048,19.02544,111.17264,19.1176,1024,1024,9.468882550563379,10.0188,12,18,source-nodata,1048576,1048576,0,0,
detail-15-29,detail,111.17264,19.02544,111.2648,19.1176,1024,1024,9.468882550563379,10.0188,12,18,source-nodata,1048576,1048576,0,0,
detail-15-30,detail,111.2648,19.02544,111.35696,19.1176,1024,1024,9.468882550563379,10.0188,12,18,source-nodata,1048576,1048576,0,0,
detail-15-31,detail,111.35696,19.02544,111.44912,19.1176,1024,1024,9.468882550563379,10.0188,12,18,source-nodata,1048576,1048576,0,0,
detail-15-32,detail,111.44912,19.02544,111.49997,19.1176,565,1024,9.468882550563379,10.0188,12,18,source-nodata,578560,578560,0,0,
detail-16-00,detail,108.5,18.93328,108.59216,19.02544,1024,1024,9.47413590898456,10.0188,12,18,available,1048576,478595,0,0,classes/detail/detail-16-00.png
detail-16-01,detail,108.59216,18.93328,108.68432,19.02544,1024,1024,9.47413590898456,10.0188,12,18,available,1048576,0,17,230771,classes/detail/detail-16-01.png
detail-16-02,detail,108.68432,18.93328,108.77648,19.02544,1024,1024,9.47413590898456,10.0188,12,18,available,1048576,0,96,871094,classes/detail/detail-16-02.png
detail-16-03,detail,108.77648,18.93328,108.86864,19.02544,1024,1024,9.47413590898456,10.0188,12,18,available,1048576,0,0,399317,classes/detail/detail-16-03.png
detail-16-04,detail,108.86864,18.93328,108.9608,19.02544,1024,1024,9.47413590898456,10.0188,12,18,available,1048576,0,0,271756,classes/detail/detail-16-04.png
detail-16-05,detail,108.9608,18.93328,109.05296,19.02544,1024,1024,9.47413590898456,10.0188,12,18,available,1048576,0,0,73063,classes/detail/detail-16-05.png
detail-16-06,detail,109.05296,18.93328,109.14512,19.02544,1024,1024,9.47413590898456,10.0188,12,18,available,1048576,0,0,14674,classes/detail/detail-16-06.png
detail-16-07,detail,109.14512,18.93328,109.23728,19.02544,1024,1024,9.47413590898456,10.0188,12,18,available,1048576,0,0,461,classes/detail/detail-16-07.png
detail-16-08,detail,109.23728,18.93328,109.32944,19.02544,1024,1024,9.47413590898456,10.0188,12,18,available,1048576,0,0,0,classes/detail/detail-16-08.png
detail-16-09,detail,109.32944,18.93328,109.4216,19.02544,1024,1024,9.47413590898456,10.0188,12,18,available,1048576,0,0,108,classes/detail/detail-16-09.png
detail-16-10,detail,109.4216,18.93328,109.51376,19.02544,1024,1024,9.47413590898456,10.0188,12,18,available,1048576,0,0,5093,classes/detail/detail-16-10.png
detail-16-11,detail,109.51376,18.93328,109.60592,19.02544,1024,1024,9.47413590898456,10.0188,12,18,available,1048576,0,0,6480,classes/detail/detail-16-11.png
detail-16-12,detail,109.60592,18.93328,109.69808,19.02544,1024,1024,9.47413590898456,10.0188,12,18,available,1048576,0,0,8151,classes/detail/detail-16-12.png
detail-16-13,detail,109.69808,18.93328,109.79024,19.02544,1024,1024,9.47413590898456,10.0188,12,18,available,1048576,0,147,5891,classes/detail/detail-16-13.png
detail-16-14,detail,109.79024,18.93328,109.8824,19.02544,1024,1024,9.47413590898456,10.0188,12,18,available,1048576,0,447,61249,classes/detail/detail-16-14.png
detail-16-15,detail,109.8824,18.93328,109.97456,19.02544,1024,1024,9.47413590898456,10.0188,12,18,available,1048576,0,64,61268,classes/detail/detail-16-15.png
detail-16-16,detail,109.97456,18.93328,110.06672,19.02544,1024,1024,9.47413590898456,10.0188,12,18,available,1048576,0,8,1011,classes/detail/detail-16-16.png
detail-16-17,detail,110.06672,18.93328,110.15888,19.02544,1024,1024,9.47413590898456,10.0188,12,18,available,1048576,0,0,2256,classes/detail/detail-16-17.png
detail-16-18,detail,110.15888,18.93328,110.25104,19.02544,1024,1024,9.47413590898456,10.0188,12,18,available,1048576,0,54,2280,classes/detail/detail-16-18.png
detail-16-19,detail,110.25104,18.93328,110.3432,19.02544,1024,1024,9.47413590898456,10.0188,12,18,available,1048576,0,214,32664,classes/detail/detail-16-19.png
detail-16-20,detail,110.3432,18.93328,110.43536,19.02544,1024,1024,9.47413590898456,10.0188,12,18,available,1048576,0,744,219598,classes/detail/detail-16-20.png
detail-16-21,detail,110.43536,18.93328,110.52752,19.02544,1024,1024,9.47413590898456,10.0188,12,18,available,1048576,0,194,684580,classes/detail/detail-16-21.png
detail-16-22,detail,110.52752,18.93328,110.61968,19.02544,1024,1024,9.47413590898456,10.0188,12,18,available,1048576,0,0,1345,classes/detail/detail-16-22.png
detail-16-23,detail,110.61968,18.93328,110.71184,19.02544,1024,1024,9.47413590898456,10.0188,12,18,available,1048576,751094,0,0,classes/detail/detail-16-23.png
detail-16-24,detail,110.71184,18.93328,110.804,19.02544,1024,1024,9.47413590898456,10.0188,12,18,source-nodata,1048576,1048576,0,0,
detail-16-25,detail,110.804,18.93328,110.89616,19.02544,1024,1024,9.47413590898456,10.0188,12,18,source-nodata,1048576,1048576,0,0,
detail-16-26,detail,110.89616,18.93328,110.98832,19.02544,1024,1024,9.47413590898456,10.0188,12,18,source-nodata,1048576,1048576,0,0,
detail-16-27,detail,110.98832,18.93328,111.08048,19.02544,1024,1024,9.47413590898456,10.0188,12,18,source-nodata,1048576,1048576,0,0,
detail-16-28,detail,111.08048,18.93328,111.17264,19.02544,1024,1024,9.47413590898456,10.0188,12,18,source-nodata,1048576,1048576,0,0,
detail-16-29,detail,111.17264,18.93328,111.2648,19.02544,1024,1024,9.47413590898456,10.0188,12,18,source-nodata,1048576,1048576,0,0,
detail-16-30,detail,111.2648,18.93328,111.35696,19.02544,1024,1024,9.47413590898456,10.0188,12,18,source-nodata,1048576,1048576,0,0,
detail-16-31,detail,111.35696,18.93328,111.44912,19.02544,1024,1024,9.47413590898456,10.0188,12,18,source-nodata,1048576,1048576,0,0,
detail-16-32,detail,111.44912,18.93328,111.49997,19.02544,565,1024,9.47413590898456,10.0188,12,18,source-nodata,578560,578560,0,0,
detail-17-00,detail,108.5,18.84112,108.59216,18.93328,1024,1024,9.479364755381116,10.0188,12,18,available,1048576,386401,0,0,classes/detail/detail-17-00.png
detail-17-01,detail,108.59216,18.84112,108.68432,18.93328,1024,1024,9.479364755381116,10.0188,12,18,available,1048576,0,283,306807,classes/detail/detail-17-01.png
detail-17-02,detail,108.68432,18.84112,108.77648,18.93328,1024,1024,9.479364755381116,10.0188,12,18,available,1048576,0,3,885637,classes/detail/detail-17-02.png
detail-17-03,detail,108.77648,18.84112,108.86864,18.93328,1024,1024,9.479364755381116,10.0188,12,18,available,1048576,0,1,487383,classes/detail/detail-17-03.png
detail-17-04,detail,108.86864,18.84112,108.9608,18.93328,1024,1024,9.479364755381116,10.0188,12,18,available,1048576,0,3,189596,classes/detail/detail-17-04.png
detail-17-05,detail,108.9608,18.84112,109.05296,18.93328,1024,1024,9.479364755381116,10.0188,12,18,available,1048576,0,0,111358,classes/detail/detail-17-05.png
detail-17-06,detail,109.05296,18.84112,109.14512,18.93328,1024,1024,9.479364755381116,10.0188,12,18,available,1048576,0,0,0,classes/detail/detail-17-06.png
detail-17-07,detail,109.14512,18.84112,109.23728,18.93328,1024,1024,9.479364755381116,10.0188,12,18,available,1048576,0,0,9,classes/detail/detail-17-07.png
detail-17-08,detail,109.23728,18.84112,109.32944,18.93328,1024,1024,9.479364755381116,10.0188,12,18,available,1048576,0,0,73849,classes/detail/detail-17-08.png
detail-17-09,detail,109.32944,18.84112,109.4216,18.93328,1024,1024,9.479364755381116,10.0188,12,18,available,1048576,0,0,117569,classes/detail/detail-17-09.png
detail-17-10,detail,109.4216,18.84112,109.51376,18.93328,1024,1024,9.479364755381116,10.0188,12,18,available,1048576,0,0,18387,classes/detail/detail-17-10.png
detail-17-11,detail,109.51376,18.84112,109.60592,18.93328,1024,1024,9.479364755381116,10.0188,12,18,available,1048576,0,0,1152,classes/detail/detail-17-11.png
detail-17-12,detail,109.60592,18.84112,109.69808,18.93328,1024,1024,9.479364755381116,10.0188,12,18,available,1048576,0,32,3450,classes/detail/detail-17-12.png
detail-17-13,detail,109.69808,18.84112,109.79024,18.93328,1024,1024,9.479364755381116,10.0188,12,18,available,1048576,0,22,2804,classes/detail/detail-17-13.png
detail-17-14,detail,109.79024,18.84112,109.8824,18.93328,1024,1024,9.479364755381116,10.0188,12,18,available,1048576,0,32,9671,classes/detail/detail-17-14.png
detail-17-15,detail,109.8824,18.84112,109.97456,18.93328,1024,1024,9.479364755381116,10.0188,12,18,available,1048576,0,11,14628,classes/detail/detail-17-15.png
detail-17-16,detail,109.97456,18.84112,110.06672,18.93328,1024,1024,9.479364755381116,10.0188,12,18,available,1048576,0,14,3409,classes/detail/detail-17-16.png
detail-17-17,detail,110.06672,18.84112,110.15888,18.93328,1024,1024,9.479364755381116,10.0188,12,18,available,1048576,0,751,22885,classes/detail/detail-17-17.png
detail-17-18,detail,110.15888,18.84112,110.25104,18.93328,1024,1024,9.479364755381116,10.0188,12,18,available,1048576,0,1715,11335,classes/detail/detail-17-18.png
detail-17-19,detail,110.25104,18.84112,110.3432,18.93328,1024,1024,9.479364755381116,10.0188,12,18,available,1048576,0,1067,194415,classes/detail/detail-17-19.png
detail-17-20,detail,110.3432,18.84112,110.43536,18.93328,1024,1024,9.479364755381116,10.0188,12,18,available,1048576,0,2411,564088,classes/detail/detail-17-20.png
detail-17-21,detail,110.43536,18.84112,110.52752,18.93328,1024,1024,9.479364755381116,10.0188,12,18,available,1048576,0,124,365006,classes/detail/detail-17-21.png
detail-17-22,detail,110.52752,18.84112,110.61968,18.93328,1024,1024,9.479364755381116,10.0188,12,18,available,1048576,0,0,0,classes/detail/detail-17-22.png
detail-17-23,detail,110.61968,18.84112,110.71184,18.93328,1024,1024,9.479364755381116,10.0188,12,18,available,1048576,750257,0,0,classes/detail/detail-17-23.png
detail-17-24,detail,110.71184,18.84112,110.804,18.93328,1024,1024,9.479364755381116,10.0188,12,18,source-nodata,1048576,1048576,0,0,
detail-17-25,detail,110.804,18.84112,110.89616,18.93328,1024,1024,9.479364755381116,10.0188,12,18,source-nodata,1048576,1048576,0,0,
detail-17-26,detail,110.89616,18.84112,110.98832,18.93328,1024,1024,9.479364755381116,10.0188,12,18,source-nodata,1048576,1048576,0,0,
detail-17-27,detail,110.98832,18.84112,111.08048,18.93328,1024,1024,9.479364755381116,10.0188,12,18,source-nodata,1048576,1048576,0,0,
detail-17-28,detail,111.08048,18.84112,111.17264,18.93328,1024,1024,9.479364755381116,10.0188,12,18,source-nodata,1048576,1048576,0,0,
detail-17-29,detail,111.17264,18.84112,111.2648,18.93328,1024,1024,9.479364755381116,10.0188,12,18,source-nodata,1048576,1048576,0,0,
detail-17-30,detail,111.2648,18.84112,111.35696,18.93328,1024,1024,9.479364755381116,10.0188,12,18,source-nodata,1048576,1048576,0,0,
detail-17-31,detail,111.35696,18.84112,111.44912,18.93328,1024,1024,9.479364755381116,10.0188,12,18,source-nodata,1048576,1048576,0,0,
detail-17-32,detail,111.44912,18.84112,111.49997,18.93328,565,1024,9.479364755381116,10.0188,12,18,source-nodata,578560,578560,0,0,
detail-18-00,detail,108.5,18.74896,108.59216,18.84112,1024,1024,9.48456907622468,10.0188,12,18,available,1048576,372294,0,0,classes/detail/detail-18-00.png
detail-18-01,detail,108.59216,18.74896,108.68432,18.84112,1024,1024,9.48456907622468,10.0188,12,18,available,1048576,0,2315,142036,classes/detail/detail-18-01.png
detail-18-02,detail,108.68432,18.74896,108.77648,18.84112,1024,1024,9.48456907622468,10.0188,12,18,available,1048576,0,1,845954,classes/detail/detail-18-02.png
detail-18-03,detail,108.77648,18.74896,108.86864,18.84112,1024,1024,9.48456907622468,10.0188,12,18,available,1048576,0,21,42909,classes/detail/detail-18-03.png
detail-18-04,detail,108.86864,18.74896,108.9608,18.84112,1024,1024,9.48456907622468,10.0188,12,18,available,1048576,0,17,0,classes/detail/detail-18-04.png
detail-18-05,detail,108.9608,18.74896,109.05296,18.84112,1024,1024,9.48456907622468,10.0188,12,18,available,1048576,0,0,21,classes/detail/detail-18-05.png
detail-18-06,detail,109.05296,18.74896,109.14512,18.84112,1024,1024,9.48456907622468,10.0188,12,18,available,1048576,0,4,225727,classes/detail/detail-18-06.png
detail-18-07,detail,109.14512,18.74896,109.23728,18.84112,1024,1024,9.48456907622468,10.0188,12,18,available,1048576,0,0,501379,classes/detail/detail-18-07.png
detail-18-08,detail,109.23728,18.74896,109.32944,18.84112,1024,1024,9.48456907622468,10.0188,12,18,available,1048576,0,0,438654,classes/detail/detail-18-08.png
detail-18-09,detail,109.32944,18.74896,109.4216,18.84112,1024,1024,9.48456907622468,10.0188,12,18,available,1048576,0,0,1796,classes/detail/detail-18-09.png
detail-18-10,detail,109.4216,18.74896,109.51376,18.84112,1024,1024,9.48456907622468,10.0188,12,18,available,1048576,0,0,12757,classes/detail/detail-18-10.png
detail-18-11,detail,109.51376,18.74896,109.60592,18.84112,1024,1024,9.48456907622468,10.0188,12,18,available,1048576,0,1,2547,classes/detail/detail-18-11.png
detail-18-12,detail,109.60592,18.74896,109.69808,18.84112,1024,1024,9.48456907622468,10.0188,12,18,available,1048576,0,87,2651,classes/detail/detail-18-12.png
detail-18-13,detail,109.69808,18.74896,109.79024,18.84112,1024,1024,9.48456907622468,10.0188,12,18,available,1048576,0,2,194,classes/detail/detail-18-13.png
detail-18-14,detail,109.79024,18.74896,109.8824,18.84112,1024,1024,9.48456907622468,10.0188,12,18,available,1048576,0,209,21980,classes/detail/detail-18-14.png
detail-18-15,detail,109.8824,18.74896,109.97456,18.84112,1024,1024,9.48456907622468,10.0188,12,18,available,1048576,0,289,11726,classes/detail/detail-18-15.png
detail-18-16,detail,109.97456,18.74896,110.06672,18.84112,1024,1024,9.48456907622468,10.0188,12,18,available,1048576,0,197,7303,classes/detail/detail-18-16.png
detail-18-17,detail,110.06672,18.74896,110.15888,18.84112,1024,1024,9.48456907622468,10.0188,12,18,available,1048576,0,20,897,classes/detail/detail-18-17.png
detail-18-18,detail,110.15888,18.74896,110.25104,18.84112,1024,1024,9.48456907622468,10.0188,12,18,available,1048576,0,610,124356,classes/detail/detail-18-18.png
detail-18-19,detail,110.25104,18.74896,110.3432,18.84112,1024,1024,9.48456907622468,10.0188,12,18,available,1048576,0,626,231561,classes/detail/detail-18-19.png
detail-18-20,detail,110.3432,18.74896,110.43536,18.84112,1024,1024,9.48456907622468,10.0188,12,18,available,1048576,0,1435,358541,classes/detail/detail-18-20.png
detail-18-21,detail,110.43536,18.74896,110.52752,18.84112,1024,1024,9.48456907622468,10.0188,12,18,available,1048576,0,3,159445,classes/detail/detail-18-21.png
detail-18-22,detail,110.52752,18.74896,110.61968,18.84112,1024,1024,9.48456907622468,10.0188,12,18,available,1048576,0,0,584,classes/detail/detail-18-22.png
detail-18-23,detail,110.61968,18.74896,110.71184,18.84112,1024,1024,9.48456907622468,10.0188,12,18,available,1048576,527434,0,0,classes/detail/detail-18-23.png
detail-18-24,detail,110.71184,18.74896,110.804,18.84112,1024,1024,9.48456907622468,10.0188,12,18,source-nodata,1048576,1048576,0,0,
detail-18-25,detail,110.804,18.74896,110.89616,18.84112,1024,1024,9.48456907622468,10.0188,12,18,source-nodata,1048576,1048576,0,0,
detail-18-26,detail,110.89616,18.74896,110.98832,18.84112,1024,1024,9.48456907622468,10.0188,12,18,source-nodata,1048576,1048576,0,0,
detail-18-27,detail,110.98832,18.74896,111.08048,18.84112,1024,1024,9.48456907622468,10.0188,12,18,source-nodata,1048576,1048576,0,0,
detail-18-28,detail,111.08048,18.74896,111.17264,18.84112,1024,1024,9.48456907622468,10.0188,12,18,source-nodata,1048576,1048576,0,0,
detail-18-29,detail,111.17264,18.74896,111.2648,18.84112,1024,1024,9.48456907622468,10.0188,12,18,source-nodata,1048576,1048576,0,0,
detail-18-30,detail,111.2648,18.74896,111.35696,18.84112,1024,1024,9.48456907622468,10.0188,12,18,source-nodata,1048576,1048576,0,0,
detail-18-31,detail,111.35696,18.74896,111.44912,18.84112,1024,1024,9.48456907622468,10.0188,12,18,source-nodata,1048576,1048576,0,0,
detail-18-32,detail,111.44912,18.74896,111.49997,18.84112,565,1024,9.48456907622468,10.0188,12,18,source-nodata,578560,578560,0,0,
detail-19-00,detail,108.5,18.6568,108.59216,18.74896,1024,1024,9.489748858050337,10.0188,12,18,available,1048576,954567,0,0,classes/detail/detail-19-00.png
detail-19-01,detail,108.59216,18.6568,108.68432,18.74896,1024,1024,9.489748858050337,10.0188,12,18,available,1048576,5956,0,0,classes/detail/detail-19-01.png
detail-19-02,detail,108.68432,18.6568,108.77648,18.74896,1024,1024,9.489748858050337,10.0188,12,18,available,1048576,0,1,402392,classes/detail/detail-19-02.png
detail-19-03,detail,108.77648,18.6568,108.86864,18.74896,1024,1024,9.489748858050337,10.0188,12,18,available,1048576,0,501,75111,classes/detail/detail-19-03.png
detail-19-04,detail,108.86864,18.6568,108.9608,18.74896,1024,1024,9.489748858050337,10.0188,12,18,available,1048576,0,46,0,classes/detail/detail-19-04.png
detail-19-05,detail,108.9608,18.6568,109.05296,18.74896,1024,1024,9.489748858050337,10.0188,12,18,available,1048576,0,0,24867,classes/detail/detail-19-05.png
detail-19-06,detail,109.05296,18.6568,109.14512,18.74896,1024,1024,9.489748858050337,10.0188,12,18,available,1048576,0,0,393578,classes/detail/detail-19-06.png
detail-19-07,detail,109.14512,18.6568,109.23728,18.74896,1024,1024,9.489748858050337,10.0188,12,18,available,1048576,0,0,703259,classes/detail/detail-19-07.png
detail-19-08,detail,109.23728,18.6568,109.32944,18.74896,1024,1024,9.489748858050337,10.0188,12,18,available,1048576,0,0,368231,classes/detail/detail-19-08.png
detail-19-09,detail,109.32944,18.6568,109.4216,18.74896,1024,1024,9.489748858050337,10.0188,12,18,available,1048576,0,0,256,classes/detail/detail-19-09.png
detail-19-10,detail,109.4216,18.6568,109.51376,18.74896,1024,1024,9.489748858050337,10.0188,12,18,available,1048576,0,83,5552,classes/detail/detail-19-10.png
detail-19-11,detail,109.51376,18.6568,109.60592,18.74896,1024,1024,9.489748858050337,10.0188,12,18,available,1048576,0,72,14551,classes/detail/detail-19-11.png
detail-19-12,detail,109.60592,18.6568,109.69808,18.74896,1024,1024,9.489748858050337,10.0188,12,18,available,1048576,0,3,8062,classes/detail/detail-19-12.png
detail-19-13,detail,109.69808,18.6568,109.79024,18.74896,1024,1024,9.489748858050337,10.0188,12,18,available,1048576,0,0,37588,classes/detail/detail-19-13.png
detail-19-14,detail,109.79024,18.6568,109.8824,18.74896,1024,1024,9.489748858050337,10.0188,12,18,available,1048576,0,33,25959,classes/detail/detail-19-14.png
detail-19-15,detail,109.8824,18.6568,109.97456,18.74896,1024,1024,9.489748858050337,10.0188,12,18,available,1048576,0,10,2715,classes/detail/detail-19-15.png
detail-19-16,detail,109.97456,18.6568,110.06672,18.74896,1024,1024,9.489748858050337,10.0188,12,18,available,1048576,0,5,3312,classes/detail/detail-19-16.png
detail-19-17,detail,110.06672,18.6568,110.15888,18.74896,1024,1024,9.489748858050337,10.0188,12,18,available,1048576,0,199,55615,classes/detail/detail-19-17.png
detail-19-18,detail,110.15888,18.6568,110.25104,18.74896,1024,1024,9.489748858050337,10.0188,12,18,available,1048576,0,1266,85435,classes/detail/detail-19-18.png
detail-19-19,detail,110.25104,18.6568,110.3432,18.74896,1024,1024,9.489748858050337,10.0188,12,18,available,1048576,0,586,164385,classes/detail/detail-19-19.png
detail-19-20,detail,110.3432,18.6568,110.43536,18.74896,1024,1024,9.489748858050337,10.0188,12,18,available,1048576,0,1270,170830,classes/detail/detail-19-20.png
detail-19-21,detail,110.43536,18.6568,110.52752,18.74896,1024,1024,9.489748858050337,10.0188,12,18,available,1048576,0,0,2508,classes/detail/detail-19-21.png
detail-19-22,detail,110.52752,18.6568,110.61968,18.74896,1024,1024,9.489748858050337,10.0188,12,18,available,1048576,131215,0,0,classes/detail/detail-19-22.png
detail-19-23,detail,110.61968,18.6568,110.71184,18.74896,1024,1024,9.489748858050337,10.0188,12,18,available,1048576,990192,0,0,classes/detail/detail-19-23.png
detail-19-24,detail,110.71184,18.6568,110.804,18.74896,1024,1024,9.489748858050337,10.0188,12,18,source-nodata,1048576,1048576,0,0,
detail-19-25,detail,110.804,18.6568,110.89616,18.74896,1024,1024,9.489748858050337,10.0188,12,18,source-nodata,1048576,1048576,0,0,
detail-19-26,detail,110.89616,18.6568,110.98832,18.74896,1024,1024,9.489748858050337,10.0188,12,18,source-nodata,1048576,1048576,0,0,
detail-19-27,detail,110.98832,18.6568,111.08048,18.74896,1024,1024,9.489748858050337,10.0188,12,18,source-nodata,1048576,1048576,0,0,
detail-19-28,detail,111.08048,18.6568,111.17264,18.74896,1024,1024,9.489748858050337,10.0188,12,18,source-nodata,1048576,1048576,0,0,
detail-19-29,detail,111.17264,18.6568,111.2648,18.74896,1024,1024,9.489748858050337,10.0188,12,18,source-nodata,1048576,1048576,0,0,
detail-19-30,detail,111.2648,18.6568,111.35696,18.74896,1024,1024,9.489748858050337,10.0188,12,18,source-nodata,1048576,1048576,0,0,
detail-19-31,detail,111.35696,18.6568,111.44912,18.74896,1024,1024,9.489748858050337,10.0188,12,18,source-nodata,1048576,1048576,0,0,
detail-19-32,detail,111.44912,18.6568,111.49997,18.74896,565,1024,9.489748858050337,10.0188,12,18,source-nodata,578560,578560,0,0,
detail-20-00,detail,108.5,18.56464,108.59216,18.6568,1024,1024,9.494904087456659,10.0188,12,18,available,1048576,981347,0,0,classes/detail/detail-20-00.png
detail-20-01,detail,108.59216,18.56464,108.68432,18.6568,1024,1024,9.494904087456659,10.0188,12,18,available,1048576,11057,0,791,classes/detail/detail-20-01.png
detail-20-02,detail,108.68432,18.56464,108.77648,18.6568,1024,1024,9.494904087456659,10.0188,12,18,available,1048576,0,8,659402,classes/detail/detail-20-02.png
detail-20-03,detail,108.77648,18.56464,108.86864,18.6568,1024,1024,9.494904087456659,10.0188,12,18,available,1048576,0,8,637089,classes/detail/detail-20-03.png
detail-20-04,detail,108.86864,18.56464,108.9608,18.6568,1024,1024,9.494904087456659,10.0188,12,18,available,1048576,0,64,130073,classes/detail/detail-20-04.png
detail-20-05,detail,108.9608,18.56464,109.05296,18.6568,1024,1024,9.494904087456659,10.0188,12,18,available,1048576,0,45,368018,classes/detail/detail-20-05.png
detail-20-06,detail,109.05296,18.56464,109.14512,18.6568,1024,1024,9.494904087456659,10.0188,12,18,available,1048576,0,18,449628,classes/detail/detail-20-06.png
detail-20-07,detail,109.14512,18.56464,109.23728,18.6568,1024,1024,9.494904087456659,10.0188,12,18,available,1048576,0,3,280615,classes/detail/detail-20-07.png
detail-20-08,detail,109.23728,18.56464,109.32944,18.6568,1024,1024,9.494904087456659,10.0188,12,18,available,1048576,0,11,444858,classes/detail/detail-20-08.png
detail-20-09,detail,109.32944,18.56464,109.4216,18.6568,1024,1024,9.494904087456659,10.0188,12,18,available,1048576,0,13,44434,classes/detail/detail-20-09.png
detail-20-10,detail,109.4216,18.56464,109.51376,18.6568,1024,1024,9.494904087456659,10.0188,12,18,available,1048576,0,204,662,classes/detail/detail-20-10.png
detail-20-11,detail,109.51376,18.56464,109.60592,18.6568,1024,1024,9.494904087456659,10.0188,12,18,available,1048576,0,174,13279,classes/detail/detail-20-11.png
detail-20-12,detail,109.60592,18.56464,109.69808,18.6568,1024,1024,9.494904087456659,10.0188,12,18,available,1048576,0,7,92786,classes/detail/detail-20-12.png
detail-20-13,detail,109.69808,18.56464,109.79024,18.6568,1024,1024,9.494904087456659,10.0188,12,18,available,1048576,0,201,102731,classes/detail/detail-20-13.png
detail-20-14,detail,109.79024,18.56464,109.8824,18.6568,1024,1024,9.494904087456659,10.0188,12,18,available,1048576,0,240,37012,classes/detail/detail-20-14.png
detail-20-15,detail,109.8824,18.56464,109.97456,18.6568,1024,1024,9.494904087456659,10.0188,12,18,available,1048576,0,22,342733,classes/detail/detail-20-15.png
detail-20-16,detail,109.97456,18.56464,110.06672,18.6568,1024,1024,9.494904087456659,10.0188,12,18,available,1048576,0,20,402799,classes/detail/detail-20-16.png
detail-20-17,detail,110.06672,18.56464,110.15888,18.6568,1024,1024,9.494904087456659,10.0188,12,18,available,1048576,0,19,99821,classes/detail/detail-20-17.png
detail-20-18,detail,110.15888,18.56464,110.25104,18.6568,1024,1024,9.494904087456659,10.0188,12,18,available,1048576,0,3,38538,classes/detail/detail-20-18.png
detail-20-19,detail,110.25104,18.56464,110.3432,18.6568,1024,1024,9.494904087456659,10.0188,12,18,available,1048576,0,0,0,classes/detail/detail-20-19.png
detail-20-20,detail,110.3432,18.56464,110.43536,18.6568,1024,1024,9.494904087456659,10.0188,12,18,available,1048576,0,0,0,classes/detail/detail-20-20.png
detail-20-21,detail,110.43536,18.56464,110.52752,18.6568,1024,1024,9.494904087456659,10.0188,12,18,available,1048576,232,0,0,classes/detail/detail-20-21.png
detail-20-22,detail,110.52752,18.56464,110.61968,18.6568,1024,1024,9.494904087456659,10.0188,12,18,available,1048576,538524,0,0,classes/detail/detail-20-22.png
detail-20-23,detail,110.61968,18.56464,110.71184,18.6568,1024,1024,9.494904087456659,10.0188,12,18,source-nodata,1048576,1048576,0,0,
detail-20-24,detail,110.71184,18.56464,110.804,18.6568,1024,1024,9.494904087456659,10.0188,12,18,source-nodata,1048576,1048576,0,0,
detail-20-25,detail,110.804,18.56464,110.89616,18.6568,1024,1024,9.494904087456659,10.0188,12,18,source-nodata,1048576,1048576,0,0,
detail-20-26,detail,110.89616,18.56464,110.98832,18.6568,1024,1024,9.494904087456659,10.0188,12,18,source-nodata,1048576,1048576,0,0,
detail-20-27,detail,110.98832,18.56464,111.08048,18.6568,1024,1024,9.494904087456659,10.0188,12,18,source-nodata,1048576,1048576,0,0,
detail-20-28,detail,111.08048,18.56464,111.17264,18.6568,1024,1024,9.494904087456659,10.0188,12,18,source-nodata,1048576,1048576,0,0,
detail-20-29,detail,111.17264,18.56464,111.2648,18.6568,1024,1024,9.494904087456659,10.0188,12,18,source-nodata,1048576,1048576,0,0,
detail-20-30,detail,111.2648,18.56464,111.35696,18.6568,1024,1024,9.494904087456659,10.0188,12,18,source-nodata,1048576,1048576,0,0,
detail-20-31,detail,111.35696,18.56464,111.44912,18.6568,1024,1024,9.494904087456659,10.0188,12,18,source-nodata,1048576,1048576,0,0,
detail-20-32,detail,111.44912,18.56464,111.49997,18.6568,565,1024,9.494904087456659,10.0188,12,18,source-nodata,578560,578560,0,0,
detail-21-00,detail,108.5,18.47248,108.59216,18.56464,1024,1024,9.500034751105742,10.0188,12,18,available,1048576,865794,0,0,classes/detail/detail-21-00.png
detail-21-01,detail,108.59216,18.47248,108.68432,18.56464,1024,1024,9.500034751105742,10.0188,12,18,available,1048576,0,0,7731,classes/detail/detail-21-01.png
detail-21-02,detail,108.68432,18.47248,108.77648,18.56464,1024,1024,9.500034751105742,10.0188,12,18,available,1048576,0,0,271641,classes/detail/detail-21-02.png
detail-21-03,detail,108.77648,18.47248,108.86864,18.56464,1024,1024,9.500034751105742,10.0188,12,18,available,1048576,0,51,576961,classes/detail/detail-21-03.png
detail-21-04,detail,108.86864,18.47248,108.9608,18.56464,1024,1024,9.500034751105742,10.0188,12,18,available,1048576,0,0,781555,classes/detail/detail-21-04.png
detail-21-05,detail,108.9608,18.47248,109.05296,18.56464,1024,1024,9.500034751105742,10.0188,12,18,available,1048576,0,137,398023,classes/detail/detail-21-05.png
detail-21-06,detail,109.05296,18.47248,109.14512,18.56464,1024,1024,9.500034751105742,10.0188,12,18,available,1048576,0,36,433697,classes/detail/detail-21-06.png
detail-21-07,detail,109.14512,18.47248,109.23728,18.56464,1024,1024,9.500034751105742,10.0188,12,18,available,1048576,0,136,109569,classes/detail/detail-21-07.png
detail-21-08,detail,109.23728,18.47248,109.32944,18.56464,1024,1024,9.500034751105742,10.0188,12,18,available,1048576,0,13,176873,classes/detail/detail-21-08.png
detail-21-09,detail,109.32944,18.47248,109.4216,18.56464,1024,1024,9.500034751105742,10.0188,12,18,available,1048576,0,43,51126,classes/detail/detail-21-09.png
detail-21-10,detail,109.4216,18.47248,109.51376,18.56464,1024,1024,9.500034751105742,10.0188,12,18,available,1048576,0,22,1327,classes/detail/detail-21-10.png
detail-21-11,detail,109.51376,18.47248,109.60592,18.56464,1024,1024,9.500034751105742,10.0188,12,18,available,1048576,0,142,27460,classes/detail/detail-21-11.png
detail-21-12,detail,109.60592,18.47248,109.69808,18.56464,1024,1024,9.500034751105742,10.0188,12,18,available,1048576,0,1026,83033,classes/detail/detail-21-12.png
detail-21-13,detail,109.69808,18.47248,109.79024,18.56464,1024,1024,9.500034751105742,10.0188,12,18,available,1048576,0,8096,226352,classes/detail/detail-21-13.png
detail-21-14,detail,109.79024,18.47248,109.8824,18.56464,1024,1024,9.500034751105742,10.0188,12,18,available,1048576,0,665,320787,classes/detail/detail-21-14.png
detail-21-15,detail,109.8824,18.47248,109.97456,18.56464,1024,1024,9.500034751105742,10.0188,12,18,available,1048576,0,29,555601,classes/detail/detail-21-15.png
detail-21-16,detail,109.97456,18.47248,110.06672,18.56464,1024,1024,9.500034751105742,10.0188,12,18,available,1048576,0,107,353773,classes/detail/detail-21-16.png
detail-21-17,detail,110.06672,18.47248,110.15888,18.56464,1024,1024,9.500034751105742,10.0188,12,18,available,1048576,0,0,145429,classes/detail/detail-21-17.png
detail-21-18,detail,110.15888,18.47248,110.25104,18.56464,1024,1024,9.500034751105742,10.0188,12,18,available,1048576,43277,0,0,classes/detail/detail-21-18.png
detail-21-19,detail,110.25104,18.47248,110.3432,18.56464,1024,1024,9.500034751105742,10.0188,12,18,available,1048576,567986,0,0,classes/detail/detail-21-19.png
detail-21-20,detail,110.3432,18.47248,110.43536,18.56464,1024,1024,9.500034751105742,10.0188,12,18,available,1048576,822023,0,0,classes/detail/detail-21-20.png
detail-21-21,detail,110.43536,18.47248,110.52752,18.56464,1024,1024,9.500034751105742,10.0188,12,18,available,1048576,969417,0,0,classes/detail/detail-21-21.png
detail-21-22,detail,110.52752,18.47248,110.61968,18.56464,1024,1024,9.500034751105742,10.0188,12,18,source-nodata,1048576,1048576,0,0,
detail-21-23,detail,110.61968,18.47248,110.71184,18.56464,1024,1024,9.500034751105742,10.0188,12,18,source-nodata,1048576,1048576,0,0,
detail-21-24,detail,110.71184,18.47248,110.804,18.56464,1024,1024,9.500034751105742,10.0188,12,18,source-nodata,1048576,1048576,0,0,
detail-21-25,detail,110.804,18.47248,110.89616,18.56464,1024,1024,9.500034751105742,10.0188,12,18,source-nodata,1048576,1048576,0,0,
detail-21-26,detail,110.89616,18.47248,110.98832,18.56464,1024,1024,9.500034751105742,10.0188,12,18,source-nodata,1048576,1048576,0,0,
detail-21-27,detail,110.98832,18.47248,111.08048,18.56464,1024,1024,9.500034751105742,10.0188,12,18,source-nodata,1048576,1048576,0,0,
detail-21-28,detail,111.08048,18.47248,111.17264,18.56464,1024,1024,9.500034751105742,10.0188,12,18,source-nodata,1048576,1048576,0,0,
detail-21-29,detail,111.17264,18.47248,111.2648,18.56464,1024,1024,9.500034751105742,10.0188,12,18,source-nodata,1048576,1048576,0,0,
detail-21-30,detail,111.2648,18.47248,111.35696,18.56464,1024,1024,9.500034751105742,10.0188,12,18,source-nodata,1048576,1048576,0,0,
detail-21-31,detail,111.35696,18.47248,111.44912,18.56464,1024,1024,9.500034751105742,10.0188,12,18,source-nodata,1048576,1048576,0,0,
detail-21-32,detail,111.44912,18.47248,111.49997,18.56464,565,1024,9.500034751105742,10.0188,12,18,source-nodata,578560,578560,0,0,
detail-22-00,detail,108.5,18.38032,108.59216,18.47248,1024,1024,9.505140835723243,10.0188,12,18,available,1048576,1045222,0,0,classes/detail/detail-22-00.png
detail-22-01,detail,108.59216,18.38032,108.68432,18.47248,1024,1024,9.505140835723243,10.0188,12,18,available,1048576,476823,0,0,classes/detail/detail-22-01.png
detail-22-02,detail,108.68432,18.38032,108.77648,18.47248,1024,1024,9.505140835723243,10.0188,12,18,available,1048576,108556,0,0,classes/detail/detail-22-02.png
detail-22-03,detail,108.77648,18.38032,108.86864,18.47248,1024,1024,9.505140835723243,10.0188,12,18,available,1048576,0,141,37674,classes/detail/detail-22-03.png
detail-22-04,detail,108.86864,18.38032,108.9608,18.47248,1024,1024,9.505140835723243,10.0188,12,18,available,1048576,0,0,303035,classes/detail/detail-22-04.png
detail-22-05,detail,108.9608,18.38032,109.05296,18.47248,1024,1024,9.505140835723243,10.0188,12,18,available,1048576,0,0,553700,classes/detail/detail-22-05.png
detail-22-06,detail,109.05296,18.38032,109.14512,18.47248,1024,1024,9.505140835723243,10.0188,12,18,available,1048576,0,37,265426,classes/detail/detail-22-06.png
detail-22-07,detail,109.14512,18.38032,109.23728,18.47248,1024,1024,9.505140835723243,10.0188,12,18,available,1048576,0,8,457653,classes/detail/detail-22-07.png
detail-22-08,detail,109.23728,18.38032,109.32944,18.47248,1024,1024,9.505140835723243,10.0188,12,18,available,1048576,0,99,292780,classes/detail/detail-22-08.png
detail-22-09,detail,109.32944,18.38032,109.4216,18.47248,1024,1024,9.505140835723243,10.0188,12,18,available,1048576,0,272,32736,classes/detail/detail-22-09.png
detail-22-10,detail,109.4216,18.38032,109.51376,18.47248,1024,1024,9.505140835723243,10.0188,12,18,available,1048576,0,65,16698,classes/detail/detail-22-10.png
detail-22-11,detail,109.51376,18.38032,109.60592,18.47248,1024,1024,9.505140835723243,10.0188,12,18,available,1048576,0,192,12980,classes/detail/detail-22-11.png
detail-22-12,detail,109.60592,18.38032,109.69808,18.47248,1024,1024,9.505140835723243,10.0188,12,18,available,1048576,0,1040,22343,classes/detail/detail-22-12.png
detail-22-13,detail,109.69808,18.38032,109.79024,18.47248,1024,1024,9.505140835723243,10.0188,12,18,available,1048576,0,1301,297688,classes/detail/detail-22-13.png
detail-22-14,detail,109.79024,18.38032,109.8824,18.47248,1024,1024,9.505140835723243,10.0188,12,18,available,1048576,0,111,380039,classes/detail/detail-22-14.png
detail-22-15,detail,109.8824,18.38032,109.97456,18.47248,1024,1024,9.505140835723243,10.0188,12,18,available,1048576,0,4,287265,classes/detail/detail-22-15.png
detail-22-16,detail,109.97456,18.38032,110.06672,18.47248,1024,1024,9.505140835723243,10.0188,12,18,available,1048576,0,0,162558,classes/detail/detail-22-16.png
detail-22-17,detail,110.06672,18.38032,110.15888,18.47248,1024,1024,9.505140835723243,10.0188,12,18,available,1048576,0,0,7469,classes/detail/detail-22-17.png
detail-22-18,detail,110.15888,18.38032,110.25104,18.47248,1024,1024,9.505140835723243,10.0188,12,18,available,1048576,816356,0,0,classes/detail/detail-22-18.png
detail-22-19,detail,110.25104,18.38032,110.3432,18.47248,1024,1024,9.505140835723243,10.0188,12,18,source-nodata,1048576,1048576,0,0,
detail-22-20,detail,110.3432,18.38032,110.43536,18.47248,1024,1024,9.505140835723243,10.0188,12,18,source-nodata,1048576,1048576,0,0,
detail-22-21,detail,110.43536,18.38032,110.52752,18.47248,1024,1024,9.505140835723243,10.0188,12,18,source-nodata,1048576,1048576,0,0,
detail-22-22,detail,110.52752,18.38032,110.61968,18.47248,1024,1024,9.505140835723243,10.0188,12,18,source-nodata,1048576,1048576,0,0,
detail-22-23,detail,110.61968,18.38032,110.71184,18.47248,1024,1024,9.505140835723243,10.0188,12,18,source-nodata,1048576,1048576,0,0,
detail-22-24,detail,110.71184,18.38032,110.804,18.47248,1024,1024,9.505140835723243,10.0188,12,18,source-nodata,1048576,1048576,0,0,
detail-22-25,detail,110.804,18.38032,110.89616,18.47248,1024,1024,9.505140835723243,10.0188,12,18,source-nodata,1048576,1048576,0,0,
detail-22-26,detail,110.89616,18.38032,110.98832,18.47248,1024,1024,9.505140835723243,10.0188,12,18,source-nodata,1048576,1048576,0,0,
detail-22-27,detail,110.98832,18.38032,111.08048,18.47248,1024,1024,9.505140835723243,10.0188,12,18,source-nodata,1048576,1048576,0,0,
detail-22-28,detail,111.08048,18.38032,111.17264,18.47248,1024,1024,9.505140835723243,10.0188,12,18,source-nodata,1048576,1048576,0,0,
detail-22-29,detail,111.17264,18.38032,111.2648,18.47248,1024,1024,9.505140835723243,10.0188,12,18,source-nodata,1048576,1048576,0,0,
detail-22-30,detail,111.2648,18.38032,111.35696,18.47248,1024,1024,9.505140835723243,10.0188,12,18,source-nodata,1048576,1048576,0,0,
detail-22-31,detail,111.35696,18.38032,111.44912,18.47248,1024,1024,9.505140835723243,10.0188,12,18,source-nodata,1048576,1048576,0,0,
detail-22-32,detail,111.44912,18.38032,111.49997,18.47248,565,1024,9.505140835723243,10.0188,12,18,source-nodata,578560,578560,0,0,
detail-23-00,detail,108.5,18.28816,108.59216,18.38032,1024,1024,9.510222328098404,10.0188,12,18,source-nodata,1048576,1048576,0,0,
detail-23-01,detail,108.59216,18.28816,108.68432,18.38032,1024,1024,9.510222328098404,10.0188,12,18,source-nodata,1048576,1048576,0,0,
detail-23-02,detail,108.68432,18.28816,108.77648,18.38032,1024,1024,9.510222328098404,10.0188,12,18,available,1048576,1040518,0,0,classes/detail/detail-23-02.png
detail-23-03,detail,108.77648,18.28816,108.86864,18.38032,1024,1024,9.510222328098404,10.0188,12,18,available,1048576,491041,0,0,classes/detail/detail-23-03.png
detail-23-04,detail,108.86864,18.28816,108.9608,18.38032,1024,1024,9.510222328098404,10.0188,12,18,available,1048576,0,0,0,classes/detail/detail-23-04.png
detail-23-05,detail,108.9608,18.28816,109.05296,18.38032,1024,1024,9.510222328098404,10.0188,12,18,available,1048576,0,0,38607,classes/detail/detail-23-05.png
detail-23-06,detail,109.05296,18.28816,109.14512,18.38032,1024,1024,9.510222328098404,10.0188,12,18,available,1048576,0,0,84256,classes/detail/detail-23-06.png
detail-23-07,detail,109.14512,18.28816,109.23728,18.38032,1024,1024,9.510222328098404,10.0188,12,18,available,1048576,0,0,237088,classes/detail/detail-23-07.png
detail-23-08,detail,109.23728,18.28816,109.32944,18.38032,1024,1024,9.510222328098404,10.0188,12,18,available,1048576,0,13,139493,classes/detail/detail-23-08.png
detail-23-09,detail,109.32944,18.28816,109.4216,18.38032,1024,1024,9.510222328098404,10.0188,12,18,available,1048576,0,11,154628,classes/detail/detail-23-09.png
detail-23-10,detail,109.4216,18.28816,109.51376,18.38032,1024,1024,9.510222328098404,10.0188,12,18,available,1048576,0,48,113821,classes/detail/detail-23-10.png
detail-23-11,detail,109.51376,18.28816,109.60592,18.38032,1024,1024,9.510222328098404,10.0188,12,18,available,1048576,0,222,90833,classes/detail/detail-23-11.png
detail-23-12,detail,109.60592,18.28816,109.69808,18.38032,1024,1024,9.510222328098404,10.0188,12,18,available,1048576,0,185,173246,classes/detail/detail-23-12.png
detail-23-13,detail,109.69808,18.28816,109.79024,18.38032,1024,1024,9.510222328098404,10.0188,12,18,available,1048576,0,0,64068,classes/detail/detail-23-13.png
detail-23-14,detail,109.79024,18.28816,109.8824,18.38032,1024,1024,9.510222328098404,10.0188,12,18,available,1048576,0,0,0,classes/detail/detail-23-14.png
detail-23-15,detail,109.8824,18.28816,109.97456,18.38032,1024,1024,9.510222328098404,10.0188,12,18,available,1048576,0,0,0,classes/detail/detail-23-15.png
detail-23-16,detail,109.97456,18.28816,110.06672,18.38032,1024,1024,9.510222328098404,10.0188,12,18,available,1048576,0,0,235,classes/detail/detail-23-16.png
detail-23-17,detail,110.06672,18.28816,110.15888,18.38032,1024,1024,9.510222328098404,10.0188,12,18,available,1048576,282938,0,0,classes/detail/detail-23-17.png
detail-23-18,detail,110.15888,18.28816,110.25104,18.38032,1024,1024,9.510222328098404,10.0188,12,18,available,1048576,1044317,0,0,classes/detail/detail-23-18.png
detail-23-19,detail,110.25104,18.28816,110.3432,18.38032,1024,1024,9.510222328098404,10.0188,12,18,source-nodata,1048576,1048576,0,0,
detail-23-20,detail,110.3432,18.28816,110.43536,18.38032,1024,1024,9.510222328098404,10.0188,12,18,source-nodata,1048576,1048576,0,0,
detail-23-21,detail,110.43536,18.28816,110.52752,18.38032,1024,1024,9.510222328098404,10.0188,12,18,source-nodata,1048576,1048576,0,0,
detail-23-22,detail,110.52752,18.28816,110.61968,18.38032,1024,1024,9.510222328098404,10.0188,12,18,source-nodata,1048576,1048576,0,0,
detail-23-23,detail,110.61968,18.28816,110.71184,18.38032,1024,1024,9.510222328098404,10.0188,12,18,source-nodata,1048576,1048576,0,0,
detail-23-24,detail,110.71184,18.28816,110.804,18.38032,1024,1024,9.510222328098404,10.0188,12,18,source-nodata,1048576,1048576,0,0,
detail-23-25,detail,110.804,18.28816,110.89616,18.38032,1024,1024,9.510222328098404,10.0188,12,18,source-nodata,1048576,1048576,0,0,
detail-23-26,detail,110.89616,18.28816,110.98832,18.38032,1024,1024,9.510222328098404,10.0188,12,18,source-nodata,1048576,1048576,0,0,
detail-23-27,detail,110.98832,18.28816,111.08048,18.38032,1024,1024,9.510222328098404,10.0188,12,18,source-nodata,1048576,1048576,0,0,
detail-23-28,detail,111.08048,18.28816,111.17264,18.38032,1024,1024,9.510222328098404,10.0188,12,18,source-nodata,1048576,1048576,0,0,
detail-23-29,detail,111.17264,18.28816,111.2648,18.38032,1024,1024,9.510222328098404,10.0188,12,18,source-nodata,1048576,1048576,0,0,
detail-23-30,detail,111.2648,18.28816,111.35696,18.38032,1024,1024,9.510222328098404,10.0188,12,18,source-nodata,1048576,1048576,0,0,
detail-23-31,detail,111.35696,18.28816,111.44912,18.38032,1024,1024,9.510222328098404,10.0188,12,18,source-nodata,1048576,1048576,0,0,
detail-23-32,detail,111.44912,18.28816,111.49997,18.38032,565,1024,9.510222328098404,10.0188,12,18,source-nodata,578560,578560,0,0,
detail-24-00,detail,108.5,18.195999999999998,108.59216,18.28816,1024,1024,9.515279215084103,10.0188,12,18,source-nodata,1048576,1048576,0,0,
detail-24-01,detail,108.59216,18.195999999999998,108.68432,18.28816,1024,1024,9.515279215084103,10.0188,12,18,source-nodata,1048576,1048576,0,0,
detail-24-02,detail,108.68432,18.195999999999998,108.77648,18.28816,1024,1024,9.515279215084103,10.0188,12,18,source-nodata,1048576,1048576,0,0,
detail-24-03,detail,108.77648,18.195999999999998,108.86864,18.28816,1024,1024,9.515279215084103,10.0188,12,18,available,1048576,1032679,0,0,classes/detail/detail-24-03.png
detail-24-04,detail,108.86864,18.195999999999998,108.9608,18.28816,1024,1024,9.515279215084103,10.0188,12,18,available,1048576,429270,0,0,classes/detail/detail-24-04.png
detail-24-05,detail,108.9608,18.195999999999998,109.05296,18.28816,1024,1024,9.515279215084103,10.0188,12,18,available,1048576,338950,0,0,classes/detail/detail-24-05.png
detail-24-06,detail,109.05296,18.195999999999998,109.14512,18.28816,1024,1024,9.515279215084103,10.0188,12,18,available,1048576,177046,0,0,classes/detail/detail-24-06.png
detail-24-07,detail,109.14512,18.195999999999998,109.23728,18.28816,1024,1024,9.515279215084103,10.0188,12,18,available,1048576,0,0,0,classes/detail/detail-24-07.png
detail-24-08,detail,109.23728,18.195999999999998,109.32944,18.28816,1024,1024,9.515279215084103,10.0188,12,18,available,1048576,0,0,0,classes/detail/detail-24-08.png
detail-24-09,detail,109.32944,18.195999999999998,109.4216,18.28816,1024,1024,9.515279215084103,10.0188,12,18,available,1048576,0,0,0,classes/detail/detail-24-09.png
detail-24-10,detail,109.4216,18.195999999999998,109.51376,18.28816,1024,1024,9.515279215084103,10.0188,12,18,available,1048576,0,0,127,classes/detail/detail-24-10.png
detail-24-11,detail,109.51376,18.195999999999998,109.60592,18.28816,1024,1024,9.515279215084103,10.0188,12,18,available,1048576,0,16,7325,classes/detail/detail-24-11.png
detail-24-12,detail,109.60592,18.195999999999998,109.69808,18.28816,1024,1024,9.515279215084103,10.0188,12,18,available,1048576,0,5,25960,classes/detail/detail-24-12.png
detail-24-13,detail,109.69808,18.195999999999998,109.79024,18.28816,1024,1024,9.515279215084103,10.0188,12,18,available,1048576,0,0,6183,classes/detail/detail-24-13.png
detail-24-14,detail,109.79024,18.195999999999998,109.8824,18.28816,1024,1024,9.515279215084103,10.0188,12,18,available,1048576,278853,0,0,classes/detail/detail-24-14.png
detail-24-15,detail,109.8824,18.195999999999998,109.97456,18.28816,1024,1024,9.515279215084103,10.0188,12,18,available,1048576,967973,0,0,classes/detail/detail-24-15.png
detail-24-16,detail,109.97456,18.195999999999998,110.06672,18.28816,1024,1024,9.515279215084103,10.0188,12,18,available,1048576,935985,0,0,classes/detail/detail-24-16.png
detail-24-17,detail,110.06672,18.195999999999998,110.15888,18.28816,1024,1024,9.515279215084103,10.0188,12,18,available,1048576,1045425,0,0,classes/detail/detail-24-17.png
detail-24-18,detail,110.15888,18.195999999999998,110.25104,18.28816,1024,1024,9.515279215084103,10.0188,12,18,source-nodata,1048576,1048576,0,0,
detail-24-19,detail,110.25104,18.195999999999998,110.3432,18.28816,1024,1024,9.515279215084103,10.0188,12,18,source-nodata,1048576,1048576,0,0,
detail-24-20,detail,110.3432,18.195999999999998,110.43536,18.28816,1024,1024,9.515279215084103,10.0188,12,18,source-nodata,1048576,1048576,0,0,
detail-24-21,detail,110.43536,18.195999999999998,110.52752,18.28816,1024,1024,9.515279215084103,10.0188,12,18,source-nodata,1048576,1048576,0,0,
detail-24-22,detail,110.52752,18.195999999999998,110.61968,18.28816,1024,1024,9.515279215084103,10.0188,12,18,source-nodata,1048576,1048576,0,0,
detail-24-23,detail,110.61968,18.195999999999998,110.71184,18.28816,1024,1024,9.515279215084103,10.0188,12,18,source-nodata,1048576,1048576,0,0,
detail-24-24,detail,110.71184,18.195999999999998,110.804,18.28816,1024,1024,9.515279215084103,10.0188,12,18,source-nodata,1048576,1048576,0,0,
detail-24-25,detail,110.804,18.195999999999998,110.89616,18.28816,1024,1024,9.515279215084103,10.0188,12,18,source-nodata,1048576,1048576,0,0,
detail-24-26,detail,110.89616,18.195999999999998,110.98832,18.28816,1024,1024,9.515279215084103,10.0188,12,18,source-nodata,1048576,1048576,0,0,
detail-24-27,detail,110.98832,18.195999999999998,111.08048,18.28816,1024,1024,9.515279215084103,10.0188,12,18,source-nodata,1048576,1048576,0,0,
detail-24-28,detail,111.08048,18.195999999999998,111.17264,18.28816,1024,1024,9.515279215084103,10.0188,12,18,source-nodata,1048576,1048576,0,0,
detail-24-29,detail,111.17264,18.195999999999998,111.2648,18.28816,1024,1024,9.515279215084103,10.0188,12,18,source-nodata,1048576,1048576,0,0,
detail-24-30,detail,111.2648,18.195999999999998,111.35696,18.28816,1024,1024,9.515279215084103,10.0188,12,18,source-nodata,1048576,1048576,0,0,
detail-24-31,detail,111.35696,18.195999999999998,111.44912,18.28816,1024,1024,9.515279215084103,10.0188,12,18,source-nodata,1048576,1048576,0,0,
detail-24-32,detail,111.44912,18.195999999999998,111.49997,18.28816,565,1024,9.515279215084103,10.0188,12,18,source-nodata,578560,578560,0,0,
detail-25-00,detail,108.5,18.103839999999998,108.59216,18.195999999999998,1024,1024,9.520311483596872,10.0188,12,18,source-nodata,1048576,1048576,0,0,
detail-25-01,detail,108.59216,18.103839999999998,108.68432,18.195999999999998,1024,1024,9.520311483596872,10.0188,12,18,source-nodata,1048576,1048576,0,0,
detail-25-02,detail,108.68432,18.103839999999998,108.77648,18.195999999999998,1024,1024,9.520311483596872,10.0188,12,18,source-nodata,1048576,1048576,0,0,
detail-25-03,detail,108.77648,18.103839999999998,108.86864,18.195999999999998,1024,1024,9.520311483596872,10.0188,12,18,source-nodata,1048576,1048576,0,0,
detail-25-04,detail,108.86864,18.103839999999998,108.9608,18.195999999999998,1024,1024,9.520311483596872,10.0188,12,18,source-nodata,1048576,1048576,0,0,
detail-25-05,detail,108.9608,18.103839999999998,109.05296,18.195999999999998,1024,1024,9.520311483596872,10.0188,12,18,source-nodata,1048576,1048576,0,0,
detail-25-06,detail,109.05296,18.103839999999998,109.14512,18.195999999999998,1024,1024,9.520311483596872,10.0188,12,18,available,1048576,1044694,0,0,classes/detail/detail-25-06.png
detail-25-07,detail,109.14512,18.103839999999998,109.23728,18.195999999999998,1024,1024,9.520311483596872,10.0188,12,18,available,1048576,889286,0,0,classes/detail/detail-25-07.png
detail-25-08,detail,109.23728,18.103839999999998,109.32944,18.195999999999998,1024,1024,9.520311483596872,10.0188,12,18,available,1048576,541014,0,0,classes/detail/detail-25-08.png
detail-25-09,detail,109.32944,18.103839999999998,109.4216,18.195999999999998,1024,1024,9.520311483596872,10.0188,12,18,available,1048576,96018,0,0,classes/detail/detail-25-09.png
detail-25-10,detail,109.4216,18.103839999999998,109.51376,18.195999999999998,1024,1024,9.520311483596872,10.0188,12,18,available,1048576,70,0,0,classes/detail/detail-25-10.png
detail-25-11,detail,109.51376,18.103839999999998,109.60592,18.195999999999998,1024,1024,9.520311483596872,10.0188,12,18,available,1048576,0,0,0,classes/detail/detail-25-11.png
detail-25-12,detail,109.60592,18.103839999999998,109.69808,18.195999999999998,1024,1024,9.520311483596872,10.0188,12,18,available,1048576,0,0,0,classes/detail/detail-25-12.png
detail-25-13,detail,109.69808,18.103839999999998,109.79024,18.195999999999998,1024,1024,9.520311483596872,10.0188,12,18,available,1048576,51048,0,0,classes/detail/detail-25-13.png
detail-25-14,detail,109.79024,18.103839999999998,109.8824,18.195999999999998,1024,1024,9.520311483596872,10.0188,12,18,available,1048576,867443,0,0,classes/detail/detail-25-14.png
detail-25-15,detail,109.8824,18.103839999999998,109.97456,18.195999999999998,1024,1024,9.520311483596872,10.0188,12,18,source-nodata,1048576,1048576,0,0,
detail-25-16,detail,109.97456,18.103839999999998,110.06672,18.195999999999998,1024,1024,9.520311483596872,10.0188,12,18,source-nodata,1048576,1048576,0,0,
detail-25-17,detail,110.06672,18.103839999999998,110.15888,18.195999999999998,1024,1024,9.520311483596872,10.0188,12,18,source-nodata,1048576,1048576,0,0,
detail-25-18,detail,110.15888,18.103839999999998,110.25104,18.195999999999998,1024,1024,9.520311483596872,10.0188,12,18,source-nodata,1048576,1048576,0,0,
detail-25-19,detail,110.25104,18.103839999999998,110.3432,18.195999999999998,1024,1024,9.520311483596872,10.0188,12,18,source-nodata,1048576,1048576,0,0,
detail-25-20,detail,110.3432,18.103839999999998,110.43536,18.195999999999998,1024,1024,9.520311483596872,10.0188,12,18,source-nodata,1048576,1048576,0,0,
detail-25-21,detail,110.43536,18.103839999999998,110.52752,18.195999999999998,1024,1024,9.520311483596872,10.0188,12,18,source-nodata,1048576,1048576,0,0,
detail-25-22,detail,110.52752,18.103839999999998,110.61968,18.195999999999998,1024,1024,9.520311483596872,10.0188,12,18,source-nodata,1048576,1048576,0,0,
detail-25-23,detail,110.61968,18.103839999999998,110.71184,18.195999999999998,1024,1024,9.520311483596872,10.0188,12,18,source-nodata,1048576,1048576,0,0,
detail-25-24,detail,110.71184,18.103839999999998,110.804,18.195999999999998,1024,1024,9.520311483596872,10.0188,12,18,source-nodata,1048576,1048576,0,0,
detail-25-25,detail,110.804,18.103839999999998,110.89616,18.195999999999998,1024,1024,9.520311483596872,10.0188,12,18,source-nodata,1048576,1048576,0,0,
detail-25-26,detail,110.89616,18.103839999999998,110.98832,18.195999999999998,1024,1024,9.520311483596872,10.0188,12,18,source-nodata,1048576,1048576,0,0,
detail-25-27,detail,110.98832,18.103839999999998,111.08048,18.195999999999998,1024,1024,9.520311483596872,10.0188,12,18,source-nodata,1048576,1048576,0,0,
detail-25-28,detail,111.08048,18.103839999999998,111.17264,18.195999999999998,1024,1024,9.520311483596872,10.0188,12,18,source-nodata,1048576,1048576,0,0,
detail-25-29,detail,111.17264,18.103839999999998,111.2648,18.195999999999998,1024,1024,9.520311483596872,10.0188,12,18,source-nodata,1048576,1048576,0,0,
detail-25-30,detail,111.2648,18.103839999999998,111.35696,18.195999999999998,1024,1024,9.520311483596872,10.0188,12,18,source-nodata,1048576,1048576,0,0,
detail-25-31,detail,111.35696,18.103839999999998,111.44912,18.195999999999998,1024,1024,9.520311483596872,10.0188,12,18,source-nodata,1048576,1048576,0,0,
detail-25-32,detail,111.44912,18.103839999999998,111.49997,18.195999999999998,565,1024,9.520311483596872,10.0188,12,18,source-nodata,578560,578560,0,0,
detail-26-00,detail,108.5,18.01168,108.59216,18.103839999999998,1024,1024,9.525319120616938,10.0188,12,18,source-nodata,1048576,1048576,0,0,
detail-26-01,detail,108.59216,18.01168,108.68432,18.103839999999998,1024,1024,9.525319120616938,10.0188,12,18,source-nodata,1048576,1048576,0,0,
detail-26-02,detail,108.68432,18.01168,108.77648,18.103839999999998,1024,1024,9.525319120616938,10.0188,12,18,source-nodata,1048576,1048576,0,0,
detail-26-03,detail,108.77648,18.01168,108.86864,18.103839999999998,1024,1024,9.525319120616938,10.0188,12,18,source-nodata,1048576,1048576,0,0,
detail-26-04,detail,108.86864,18.01168,108.9608,18.103839999999998,1024,1024,9.525319120616938,10.0188,12,18,source-nodata,1048576,1048576,0,0,
detail-26-05,detail,108.9608,18.01168,109.05296,18.103839999999998,1024,1024,9.525319120616938,10.0188,12,18,source-nodata,1048576,1048576,0,0,
detail-26-06,detail,109.05296,18.01168,109.14512,18.103839999999998,1024,1024,9.525319120616938,10.0188,12,18,source-nodata,1048576,1048576,0,0,
detail-26-07,detail,109.14512,18.01168,109.23728,18.103839999999998,1024,1024,9.525319120616938,10.0188,12,18,source-nodata,1048576,1048576,0,0,
detail-26-08,detail,109.23728,18.01168,109.32944,18.103839999999998,1024,1024,9.525319120616938,10.0188,12,18,source-nodata,1048576,1048576,0,0,
detail-26-09,detail,109.32944,18.01168,109.4216,18.103839999999998,1024,1024,9.525319120616938,10.0188,12,18,source-nodata,1048576,1048576,0,0,
detail-26-10,detail,109.4216,18.01168,109.51376,18.103839999999998,1024,1024,9.525319120616938,10.0188,12,18,available,1048576,889750,0,0,classes/detail/detail-26-10.png
detail-26-11,detail,109.51376,18.01168,109.60592,18.103839999999998,1024,1024,9.525319120616938,10.0188,12,18,available,1048576,589499,0,0,classes/detail/detail-26-11.png
detail-26-12,detail,109.60592,18.01168,109.69808,18.103839999999998,1024,1024,9.525319120616938,10.0188,12,18,available,1048576,727376,0,0,classes/detail/detail-26-12.png
detail-26-13,detail,109.69808,18.01168,109.79024,18.103839999999998,1024,1024,9.525319120616938,10.0188,12,18,available,1048576,938860,0,0,classes/detail/detail-26-13.png
detail-26-14,detail,109.79024,18.01168,109.8824,18.103839999999998,1024,1024,9.525319120616938,10.0188,12,18,source-nodata,1048576,1048576,0,0,
detail-26-15,detail,109.8824,18.01168,109.97456,18.103839999999998,1024,1024,9.525319120616938,10.0188,12,18,source-nodata,1048576,1048576,0,0,
detail-26-16,detail,109.97456,18.01168,110.06672,18.103839999999998,1024,1024,9.525319120616938,10.0188,12,18,source-nodata,1048576,1048576,0,0,
detail-26-17,detail,110.06672,18.01168,110.15888,18.103839999999998,1024,1024,9.525319120616938,10.0188,12,18,source-nodata,1048576,1048576,0,0,
detail-26-18,detail,110.15888,18.01168,110.25104,18.103839999999998,1024,1024,9.525319120616938,10.0188,12,18,source-nodata,1048576,1048576,0,0,
detail-26-19,detail,110.25104,18.01168,110.3432,18.103839999999998,1024,1024,9.525319120616938,10.0188,12,18,source-nodata,1048576,1048576,0,0,
detail-26-20,detail,110.3432,18.01168,110.43536,18.103839999999998,1024,1024,9.525319120616938,10.0188,12,18,source-nodata,1048576,1048576,0,0,
detail-26-21,detail,110.43536,18.01168,110.52752,18.103839999999998,1024,1024,9.525319120616938,10.0188,12,18,source-nodata,1048576,1048576,0,0,
detail-26-22,detail,110.52752,18.01168,110.61968,18.103839999999998,1024,1024,9.525319120616938,10.0188,12,18,source-nodata,1048576,1048576,0,0,
detail-26-23,detail,110.61968,18.01168,110.71184,18.103839999999998,1024,1024,9.525319120616938,10.0188,12,18,source-nodata,1048576,1048576,0,0,
detail-26-24,detail,110.71184,18.01168,110.804,18.103839999999998,1024,1024,9.525319120616938,10.0188,12,18,source-nodata,1048576,1048576,0,0,
detail-26-25,detail,110.804,18.01168,110.89616,18.103839999999998,1024,1024,9.525319120616938,10.0188,12,18,source-nodata,1048576,1048576,0,0,
detail-26-26,detail,110.89616,18.01168,110.98832,18.103839999999998,1024,1024,9.525319120616938,10.0188,12,18,source-nodata,1048576,1048576,0,0,
detail-26-27,detail,110.98832,18.01168,111.08048,18.103839999999998,1024,1024,9.525319120616938,10.0188,12,18,source-nodata,1048576,1048576,0,0,
detail-26-28,detail,111.08048,18.01168,111.17264,18.103839999999998,1024,1024,9.525319120616938,10.0188,12,18,source-nodata,1048576,1048576,0,0,
detail-26-29,detail,111.17264,18.01168,111.2648,18.103839999999998,1024,1024,9.525319120616938,10.0188,12,18,source-nodata,1048576,1048576,0,0,
detail-26-30,detail,111.2648,18.01168,111.35696,18.103839999999998,1024,1024,9.525319120616938,10.0188,12,18,source-nodata,1048576,1048576,0,0,
detail-26-31,detail,111.35696,18.01168,111.44912,18.103839999999998,1024,1024,9.525319120616938,10.0188,12,18,source-nodata,1048576,1048576,0,0,
detail-26-32,detail,111.44912,18.01168,111.49997,18.103839999999998,565,1024,9.525319120616938,10.0188,12,18,source-nodata,578560,578560,0,0,
detail-27-00,detail,108.5,17.91952,108.59216,18.01168,1024,1024,9.530302113188258,10.0188,12,18,source-nodata,1048576,1048576,0,0,
detail-27-01,detail,108.59216,17.91952,108.68432,18.01168,1024,1024,9.530302113188258,10.0188,12,18,source-nodata,1048576,1048576,0,0,
detail-27-02,detail,108.68432,17.91952,108.77648,18.01168,1024,1024,9.530302113188258,10.0188,12,18,source-nodata,1048576,1048576,0,0,
detail-27-03,detail,108.77648,17.91952,108.86864,18.01168,1024,1024,9.530302113188258,10.0188,12,18,source-nodata,1048576,1048576,0,0,
detail-27-04,detail,108.86864,17.91952,108.9608,18.01168,1024,1024,9.530302113188258,10.0188,12,18,source-nodata,1048576,1048576,0,0,
detail-27-05,detail,108.9608,17.91952,109.05296,18.01168,1024,1024,9.530302113188258,10.0188,12,18,source-nodata,1048576,1048576,0,0,
detail-27-06,detail,109.05296,17.91952,109.14512,18.01168,1024,1024,9.530302113188258,10.0188,12,18,source-nodata,1048576,1048576,0,0,
detail-27-07,detail,109.14512,17.91952,109.23728,18.01168,1024,1024,9.530302113188258,10.0188,12,18,source-nodata,1048576,1048576,0,0,
detail-27-08,detail,109.23728,17.91952,109.32944,18.01168,1024,1024,9.530302113188258,10.0188,12,18,source-nodata,1048576,1048576,0,0,
detail-27-09,detail,109.32944,17.91952,109.4216,18.01168,1024,1024,9.530302113188258,10.0188,12,18,source-nodata,1048576,1048576,0,0,
detail-27-10,detail,109.4216,17.91952,109.51376,18.01168,1024,1024,9.530302113188258,10.0188,12,18,source-nodata,1048576,1048576,0,0,
detail-27-11,detail,109.51376,17.91952,109.60592,18.01168,1024,1024,9.530302113188258,10.0188,12,18,source-nodata,1048576,1048576,0,0,
detail-27-12,detail,109.60592,17.91952,109.69808,18.01168,1024,1024,9.530302113188258,10.0188,12,18,source-nodata,1048576,1048576,0,0,
detail-27-13,detail,109.69808,17.91952,109.79024,18.01168,1024,1024,9.530302113188258,10.0188,12,18,source-nodata,1048576,1048576,0,0,
detail-27-14,detail,109.79024,17.91952,109.8824,18.01168,1024,1024,9.530302113188258,10.0188,12,18,source-nodata,1048576,1048576,0,0,
detail-27-15,detail,109.8824,17.91952,109.97456,18.01168,1024,1024,9.530302113188258,10.0188,12,18,source-nodata,1048576,1048576,0,0,
detail-27-16,detail,109.97456,17.91952,110.06672,18.01168,1024,1024,9.530302113188258,10.0188,12,18,source-nodata,1048576,1048576,0,0,
detail-27-17,detail,110.06672,17.91952,110.15888,18.01168,1024,1024,9.530302113188258,10.0188,12,18,source-nodata,1048576,1048576,0,0,
detail-27-18,detail,110.15888,17.91952,110.25104,18.01168,1024,1024,9.530302113188258,10.0188,12,18,source-nodata,1048576,1048576,0,0,
detail-27-19,detail,110.25104,17.91952,110.3432,18.01168,1024,1024,9.530302113188258,10.0188,12,18,source-nodata,1048576,1048576,0,0,
detail-27-20,detail,110.3432,17.91952,110.43536,18.01168,1024,1024,9.530302113188258,10.0188,12,18,source-nodata,1048576,1048576,0,0,
detail-27-21,detail,110.43536,17.91952,110.52752,18.01168,1024,1024,9.530302113188258,10.0188,12,18,source-nodata,1048576,1048576,0,0,
detail-27-22,detail,110.52752,17.91952,110.61968,18.01168,1024,1024,9.530302113188258,10.0188,12,18,source-nodata,1048576,1048576,0,0,
detail-27-23,detail,110.61968,17.91952,110.71184,18.01168,1024,1024,9.530302113188258,10.0188,12,18,source-nodata,1048576,1048576,0,0,
detail-27-24,detail,110.71184,17.91952,110.804,18.01168,1024,1024,9.530302113188258,10.0188,12,18,source-nodata,1048576,1048576,0,0,
detail-27-25,detail,110.804,17.91952,110.89616,18.01168,1024,1024,9.530302113188258,10.0188,12,18,source-nodata,1048576,1048576,0,0,
detail-27-26,detail,110.89616,17.91952,110.98832,18.01168,1024,1024,9.530302113188258,10.0188,12,18,source-nodata,1048576,1048576,0,0,
detail-27-27,detail,110.98832,17.91952,111.08048,18.01168,1024,1024,9.530302113188258,10.0188,12,18,source-nodata,1048576,1048576,0,0,
detail-27-28,detail,111.08048,17.91952,111.17264,18.01168,1024,1024,9.530302113188258,10.0188,12,18,source-nodata,1048576,1048576,0,0,
detail-27-29,detail,111.17264,17.91952,111.2648,18.01168,1024,1024,9.530302113188258,10.0188,12,18,source-nodata,1048576,1048576,0,0,
detail-27-30,detail,111.2648,17.91952,111.35696,18.01168,1024,1024,9.530302113188258,10.0188,12,18,source-nodata,1048576,1048576,0,0,
detail-27-31,detail,111.35696,17.91952,111.44912,18.01168,1024,1024,9.530302113188258,10.0188,12,18,source-nodata,1048576,1048576,0,0,
detail-27-32,detail,111.44912,17.91952,111.49997,18.01168,565,1024,9.530302113188258,10.0188,12,18,source-nodata,578560,578560,0,0,
detail-28-00,detail,108.5,17.82736,108.59216,17.91952,1024,1024,9.53526044841855,10.0188,12,18,source-nodata,1048576,1048576,0,0,
detail-28-01,detail,108.59216,17.82736,108.68432,17.91952,1024,1024,9.53526044841855,10.0188,12,18,source-nodata,1048576,1048576,0,0,
detail-28-02,detail,108.68432,17.82736,108.77648,17.91952,1024,1024,9.53526044841855,10.0188,12,18,source-nodata,1048576,1048576,0,0,
detail-28-03,detail,108.77648,17.82736,108.86864,17.91952,1024,1024,9.53526044841855,10.0188,12,18,source-nodata,1048576,1048576,0,0,
detail-28-04,detail,108.86864,17.82736,108.9608,17.91952,1024,1024,9.53526044841855,10.0188,12,18,source-nodata,1048576,1048576,0,0,
detail-28-05,detail,108.9608,17.82736,109.05296,17.91952,1024,1024,9.53526044841855,10.0188,12,18,source-nodata,1048576,1048576,0,0,
detail-28-06,detail,109.05296,17.82736,109.14512,17.91952,1024,1024,9.53526044841855,10.0188,12,18,source-nodata,1048576,1048576,0,0,
detail-28-07,detail,109.14512,17.82736,109.23728,17.91952,1024,1024,9.53526044841855,10.0188,12,18,source-nodata,1048576,1048576,0,0,
detail-28-08,detail,109.23728,17.82736,109.32944,17.91952,1024,1024,9.53526044841855,10.0188,12,18,source-nodata,1048576,1048576,0,0,
detail-28-09,detail,109.32944,17.82736,109.4216,17.91952,1024,1024,9.53526044841855,10.0188,12,18,source-nodata,1048576,1048576,0,0,
detail-28-10,detail,109.4216,17.82736,109.51376,17.91952,1024,1024,9.53526044841855,10.0188,12,18,source-nodata,1048576,1048576,0,0,
detail-28-11,detail,109.51376,17.82736,109.60592,17.91952,1024,1024,9.53526044841855,10.0188,12,18,source-nodata,1048576,1048576,0,0,
detail-28-12,detail,109.60592,17.82736,109.69808,17.91952,1024,1024,9.53526044841855,10.0188,12,18,source-nodata,1048576,1048576,0,0,
detail-28-13,detail,109.69808,17.82736,109.79024,17.91952,1024,1024,9.53526044841855,10.0188,12,18,source-nodata,1048576,1048576,0,0,
detail-28-14,detail,109.79024,17.82736,109.8824,17.91952,1024,1024,9.53526044841855,10.0188,12,18,source-nodata,1048576,1048576,0,0,
detail-28-15,detail,109.8824,17.82736,109.97456,17.91952,1024,1024,9.53526044841855,10.0188,12,18,source-nodata,1048576,1048576,0,0,
detail-28-16,detail,109.97456,17.82736,110.06672,17.91952,1024,1024,9.53526044841855,10.0188,12,18,source-nodata,1048576,1048576,0,0,
detail-28-17,detail,110.06672,17.82736,110.15888,17.91952,1024,1024,9.53526044841855,10.0188,12,18,source-nodata,1048576,1048576,0,0,
detail-28-18,detail,110.15888,17.82736,110.25104,17.91952,1024,1024,9.53526044841855,10.0188,12,18,source-nodata,1048576,1048576,0,0,
detail-28-19,detail,110.25104,17.82736,110.3432,17.91952,1024,1024,9.53526044841855,10.0188,12,18,source-nodata,1048576,1048576,0,0,
detail-28-20,detail,110.3432,17.82736,110.43536,17.91952,1024,1024,9.53526044841855,10.0188,12,18,source-nodata,1048576,1048576,0,0,
detail-28-21,detail,110.43536,17.82736,110.52752,17.91952,1024,1024,9.53526044841855,10.0188,12,18,source-nodata,1048576,1048576,0,0,
detail-28-22,detail,110.52752,17.82736,110.61968,17.91952,1024,1024,9.53526044841855,10.0188,12,18,source-nodata,1048576,1048576,0,0,
detail-28-23,detail,110.61968,17.82736,110.71184,17.91952,1024,1024,9.53526044841855,10.0188,12,18,source-nodata,1048576,1048576,0,0,
detail-28-24,detail,110.71184,17.82736,110.804,17.91952,1024,1024,9.53526044841855,10.0188,12,18,source-nodata,1048576,1048576,0,0,
detail-28-25,detail,110.804,17.82736,110.89616,17.91952,1024,1024,9.53526044841855,10.0188,12,18,source-nodata,1048576,1048576,0,0,
detail-28-26,detail,110.89616,17.82736,110.98832,17.91952,1024,1024,9.53526044841855,10.0188,12,18,source-nodata,1048576,1048576,0,0,
detail-28-27,detail,110.98832,17.82736,111.08048,17.91952,1024,1024,9.53526044841855,10.0188,12,18,source-nodata,1048576,1048576,0,0,
detail-28-28,detail,111.08048,17.82736,111.17264,17.91952,1024,1024,9.53526044841855,10.0188,12,18,source-nodata,1048576,1048576,0,0,
detail-28-29,detail,111.17264,17.82736,111.2648,17.91952,1024,1024,9.53526044841855,10.0188,12,18,source-nodata,1048576,1048576,0,0,
detail-28-30,detail,111.2648,17.82736,111.35696,17.91952,1024,1024,9.53526044841855,10.0188,12,18,source-nodata,1048576,1048576,0,0,
detail-28-31,detail,111.35696,17.82736,111.44912,17.91952,1024,1024,9.53526044841855,10.0188,12,18,source-nodata,1048576,1048576,0,0,
detail-28-32,detail,111.44912,17.82736,111.49997,17.91952,565,1024,9.53526044841855,10.0188,12,18,source-nodata,578560,578560,0,0,
detail-29-00,detail,108.5,17.8,108.59216,17.82736,1024,304,9.538462434640953,10.0188,12,18,source-nodata,311296,311296,0,0,
detail-29-01,detail,108.59216,17.8,108.68432,17.82736,1024,304,9.538462434640953,10.0188,12,18,source-nodata,311296,311296,0,0,
detail-29-02,detail,108.68432,17.8,108.77648,17.82736,1024,304,9.538462434640953,10.0188,12,18,source-nodata,311296,311296,0,0,
detail-29-03,detail,108.77648,17.8,108.86864,17.82736,1024,304,9.538462434640953,10.0188,12,18,source-nodata,311296,311296,0,0,
detail-29-04,detail,108.86864,17.8,108.9608,17.82736,1024,304,9.538462434640953,10.0188,12,18,source-nodata,311296,311296,0,0,
detail-29-05,detail,108.9608,17.8,109.05296,17.82736,1024,304,9.538462434640953,10.0188,12,18,source-nodata,311296,311296,0,0,
detail-29-06,detail,109.05296,17.8,109.14512,17.82736,1024,304,9.538462434640953,10.0188,12,18,source-nodata,311296,311296,0,0,
detail-29-07,detail,109.14512,17.8,109.23728,17.82736,1024,304,9.538462434640953,10.0188,12,18,source-nodata,311296,311296,0,0,
detail-29-08,detail,109.23728,17.8,109.32944,17.82736,1024,304,9.538462434640953,10.0188,12,18,source-nodata,311296,311296,0,0,
detail-29-09,detail,109.32944,17.8,109.4216,17.82736,1024,304,9.538462434640953,10.0188,12,18,source-nodata,311296,311296,0,0,
detail-29-10,detail,109.4216,17.8,109.51376,17.82736,1024,304,9.538462434640953,10.0188,12,18,source-nodata,311296,311296,0,0,
detail-29-11,detail,109.51376,17.8,109.60592,17.82736,1024,304,9.538462434640953,10.0188,12,18,source-nodata,311296,311296,0,0,
detail-29-12,detail,109.60592,17.8,109.69808,17.82736,1024,304,9.538462434640953,10.0188,12,18,source-nodata,311296,311296,0,0,
detail-29-13,detail,109.69808,17.8,109.79024,17.82736,1024,304,9.538462434640953,10.0188,12,18,source-nodata,311296,311296,0,0,
detail-29-14,detail,109.79024,17.8,109.8824,17.82736,1024,304,9.538462434640953,10.0188,12,18,source-nodata,311296,311296,0,0,
detail-29-15,detail,109.8824,17.8,109.97456,17.82736,1024,304,9.538462434640953,10.0188,12,18,source-nodata,311296,311296,0,0,
detail-29-16,detail,109.97456,17.8,110.06672,17.82736,1024,304,9.538462434640953,10.0188,12,18,source-nodata,311296,311296,0,0,
detail-29-17,detail,110.06672,17.8,110.15888,17.82736,1024,304,9.538462434640953,10.0188,12,18,source-nodata,311296,311296,0,0,
detail-29-18,detail,110.15888,17.8,110.25104,17.82736,1024,304,9.538462434640953,10.0188,12,18,source-nodata,311296,311296,0,0,
detail-29-19,detail,110.25104,17.8,110.3432,17.82736,1024,304,9.538462434640953,10.0188,12,18,source-nodata,311296,311296,0,0,
detail-29-20,detail,110.3432,17.8,110.43536,17.82736,1024,304,9.538462434640953,10.0188,12,18,source-nodata,311296,311296,0,0,
detail-29-21,detail,110.43536,17.8,110.52752,17.82736,1024,304,9.538462434640953,10.0188,12,18,source-nodata,311296,311296,0,0,
detail-29-22,detail,110.52752,17.8,110.61968,17.82736,1024,304,9.538462434640953,10.0188,12,18,source-nodata,311296,311296,0,0,
detail-29-23,detail,110.61968,17.8,110.71184,17.82736,1024,304,9.538462434640953,10.0188,12,18,source-nodata,311296,311296,0,0,
detail-29-24,detail,110.71184,17.8,110.804,17.82736,1024,304,9.538462434640953,10.0188,12,18,source-nodata,311296,311296,0,0,
detail-29-25,detail,110.804,17.8,110.89616,17.82736,1024,304,9.538462434640953,10.0188,12,18,source-nodata,311296,311296,0,0,
detail-29-26,detail,110.89616,17.8,110.98832,17.82736,1024,304,9.538462434640953,10.0188,12,18,source-nodata,311296,311296,0,0,
detail-29-27,detail,110.98832,17.8,111.08048,17.82736,1024,304,9.538462434640953,10.0188,12,18,source-nodata,311296,311296,0,0,
detail-29-28,detail,111.08048,17.8,111.17264,17.82736,1024,304,9.538462434640953,10.0188,12,18,source-nodata,311296,311296,0,0,
detail-29-29,detail,111.17264,17.8,111.2648,17.82736,1024,304,9.538462434640953,10.0188,12,18,source-nodata,311296,311296,0,0,
detail-29-30,detail,111.2648,17.8,111.35696,17.82736,1024,304,9.538462434640953,10.0188,12,18,source-nodata,311296,311296,0,0,
detail-29-31,detail,111.35696,17.8,111.44912,17.82736,1024,304,9.538462434640953,10.0188,12,18,source-nodata,311296,311296,0,0,
detail-29-32,detail,111.44912,17.8,111.49997,17.82736,565,304,9.538462434640953,10.0188,12,18,source-nodata,171760,171760,0,0,
