{"type":"FeatureCollection","source":"OpenStreetMap contributors","license":"ODbL-1.0","sourceUrl":"https://api.openstreetmap.org/api/0.6/map?bbox=109.145,18.365,109.205,18.397","retrievedAt":"2026-09-29T12:17:45.104523+00:00","bbox":[109.145,18.365,109.205,18.397],"features":[{"type":"Feature","id":"217135389","properties":{"osm_id":"217135389","name":"","highway":"trunk","waterway":null,"natural":null,"landuse":null,"provenance":"OpenStreetMap / ODbL 1.0"},"geometry":{"type":"LineString","coordinates":[[109.162534,18.3681136],[109.1628511,18.3692001],[109.1630999,18.3706731]]}},{"type":"Feature","id":"217135390","properties":{"osm_id":"217135390","name":"","highway":"trunk","waterway":null,"natural":null,"landuse":null,"provenance":"OpenStreetMap / ODbL 1.0"},"geometry":{"type":"LineString","coordinates":[[109.1617061,18.3660008],[109.162534,18.3681136]]}},{"type":"Feature","id":"316797031","properties":{"osm_id":"316797031","name":"","highway":"trunk","waterway":null,"natural":null,"landuse":null,"provenance":"OpenStreetMap / ODbL 1.0"},"geometry":{"type":"LineString","coordinates":[[109.1675418,18.3590231],[109.167419,18.3591843],[109.166984,18.3604847],[109.166723,18.3612648],[109.1663305,18.362438],[109.1662305,18.3626786],[109.166123,18.3628536],[109.1659724,18.3629702],[109.1658095,18.3630869],[109.1654969,18.3632271],[109.1645589,18.3636387],[109.1617763,18.3647977],[109.1617044,18.3648277],[109.1616037,18.365274],[109.1616066,18.3656909],[109.1617061,18.3660008]]}},{"type":"Feature","id":"316797035","properties":{"osm_id":"316797035","name":"海南环岛旅游公路","highway":"primary","waterway":null,"natural":null,"landuse":null,"provenance":"OpenStreetMap / ODbL 1.0"},"geometry":{"type":"LineString","coordinates":[[109.1461592,18.3673289],[109.1424747,18.373256]]}},{"type":"Feature","id":"316797052","properties":{"osm_id":"316797052","name":"","highway":"primary","waterway":null,"natural":null,"landuse":null,"provenance":"OpenStreetMap / ODbL 1.0"},"geometry":{"type":"LineString","coordinates":[[109.1480516,18.3642949],[109.1479863,18.3644285],[109.1461592,18.3673289]]}},{"type":"Feature","id":"316799666","properties":{"osm_id":"316799666","name":"","highway":"trunk","waterway":null,"natural":null,"landuse":null,"provenance":"OpenStreetMap / ODbL 1.0"},"geometry":{"type":"LineString","coordinates":[[109.162878,18.3715075],[109.1618206,18.3716456],[109.161045,18.3716439],[109.1600709,18.3716015],[109.1595883,18.3714981],[109.1588364,18.3711986],[109.1582328,18.3712314],[109.1579612,18.371296],[109.1575952,18.3714299],[109.1563476,18.3724633],[109.1552189,18.3733284],[109.1548009,18.3736883],[109.1545735,18.3738448],[109.1530636,18.3743598],[109.1510078,18.3749754],[109.150433,18.3751631],[109.1475121,18.376117],[109.1468456,18.3762771],[109.1462677,18.3763311],[109.145641,18.3762969],[109.1451681,18.376178],[109.1447886,18.3760825],[109.1441747,18.3757985],[109.1435601,18.3753088],[109.1421094,18.3738091],[109.1420453,18.373751]]}},{"type":"Feature","id":"316799667","properties":{"osm_id":"316799667","name":"","highway":"trunk","waterway":null,"natural":null,"landuse":null,"provenance":"OpenStreetMap / ODbL 1.0"},"geometry":{"type":"LineString","coordinates":[[109.1630999,18.3706731],[109.1631864,18.371039],[109.1632903,18.3714784]]}},{"type":"Feature","id":"316799668","properties":{"osm_id":"316799668","name":"","highway":"tertiary","waterway":null,"natural":null,"landuse":null,"provenance":"OpenStreetMap / ODbL 1.0"},"geometry":{"type":"LineString","coordinates":[[109.1640836,18.371441],[109.1632903,18.3714784]]}},{"type":"Feature","id":"316799669","properties":{"osm_id":"316799669","name":"","highway":"secondary","waterway":null,"natural":null,"landuse":null,"provenance":"OpenStreetMap / ODbL 1.0"},"geometry":{"type":"LineString","coordinates":[[109.1628212,18.3724096],[109.162878,18.3715075]]}},{"type":"Feature","id":"316799670","properties":{"osm_id":"316799670","name":"","highway":"tertiary","waterway":null,"natural":null,"landuse":null,"provenance":"OpenStreetMap / ODbL 1.0"},"geometry":{"type":"LineString","coordinates":[[109.1480516,18.3642949],[109.148622,18.3648644],[109.1499676,18.366208],[109.1501504,18.3663704],[109.1503433,18.3664436],[109.1505278,18.3664993],[109.1508061,18.3665534],[109.1512875,18.3666123],[109.1515273,18.3666807],[109.1518057,18.3667889],[109.152084,18.3668813],[109.152344,18.3668797],[109.1528068,18.3668478],[109.1532429,18.366816],[109.1534894,18.3667635],[109.153694,18.3666759],[109.1538919,18.3665534],[109.1540411,18.3663688],[109.1541451,18.3662271],[109.1543027,18.3660393],[109.1545174,18.3658228],[109.1549532,18.3654914],[109.1552058,18.3653504],[109.1556992,18.3653267],[109.159839,18.3654135],[109.1601734,18.3653425],[109.1604915,18.3652426],[109.1617044,18.3648277]]}},{"type":"Feature","id":"389402042","properties":{"osm_id":"389402042","name":"","highway":"trunk","waterway":null,"natural":null,"landuse":null,"provenance":"OpenStreetMap / ODbL 1.0"},"geometry":{"type":"LineString","coordinates":[[109.1632903,18.3714784],[109.162878,18.3715075]]}},{"type":"Feature","id":"389402044","properties":{"osm_id":"389402044","name":"","highway":"trunk","waterway":null,"natural":null,"landuse":null,"provenance":"OpenStreetMap / ODbL 1.0"},"geometry":{"type":"LineString","coordinates":[[109.162878,18.3715075],[109.1630999,18.3706731]]}},{"type":"Feature","id":"389402046","properties":{"osm_id":"389402046","name":"宁远河","highway":null,"waterway":"river","natural":null,"landuse":null,"provenance":"OpenStreetMap / ODbL 1.0"},"geometry":{"type":"LineString","coordinates":[[109.1981811,18.4060513],[109.1984202,18.4055678],[109.1980374,18.4048993],[109.1975597,18.404682],[109.1964014,18.4049686],[109.19525,18.4027972],[109.194677,18.4021352],[109.1926893,18.4007695],[109.1920626,18.3998401],[109.1919505,18.3982366],[109.1916751,18.3973752],[109.1901794,18.395029],[109.1888984,18.3935751],[109.187061,18.3921688],[109.1854846,18.391287],[109.1835029,18.3898253],[109.1829696,18.389041],[109.1790739,18.3870406],[109.1767473,18.3860594],[109.1759599,18.3853077],[109.1755029,18.3828164],[109.1764888,18.3809079],[109.1772313,18.3792034],[109.1775173,18.3781326],[109.1776826,18.3759082],[109.1765321,18.3726926],[109.1751171,18.3710959],[109.1739353,18.3698178],[109.171886,18.3681618],[109.1696566,18.3671708],[109.1662626,18.3656619],[109.1642111,18.3657062],[109.1606706,18.3673961],[109.155988,18.3689617],[109.1512916,18.3699419],[109.1463587,18.3689016],[109.1444104,18.3678969],[109.1413331,18.3656357],[109.1385887,18.3647852],[109.1365312,18.363156],[109.1348665,18.3581108],[109.1343005,18.3555995],[109.1337102,18.3542643],[109.1321755,18.352957],[109.1298538,18.3513759],[109.1254728,18.349359],[109.1231511,18.3500438],[109.1216219,18.3503114]]}},{"type":"Feature","id":"389402054","properties":{"osm_id":"389402054","name":"","highway":"tertiary","waterway":null,"natural":null,"landuse":null,"provenance":"OpenStreetMap / ODbL 1.0"},"geometry":{"type":"LineString","coordinates":[[109.1654198,18.3776349],[109.1651476,18.3772005],[109.1647478,18.3766132],[109.1644302,18.375974],[109.1640961,18.3753659],[109.16403,18.3752209],[109.1640085,18.3751736],[109.1639373,18.3748877],[109.1639592,18.3744564],[109.1640632,18.3734273],[109.164129,18.372814],[109.1641016,18.3724034],[109.1640836,18.371441]]}},{"type":"Feature","id":"389402057","properties":{"osm_id":"389402057","name":"","highway":"tertiary","waterway":null,"natural":null,"landuse":null,"provenance":"OpenStreetMap / ODbL 1.0"},"geometry":{"type":"LineString","coordinates":[[109.1693261,18.368838],[109.1670972,18.3678297],[109.1668015,18.3677518],[109.1657555,18.3675127],[109.1648902,18.3674503],[109.1644728,18.3674918],[109.1644192,18.3674971],[109.1627763,18.367783],[109.1626941,18.3678349],[109.162727,18.3681468],[109.1629088,18.3689539],[109.1629071,18.3690772],[109.1628511,18.3692001]]}},{"type":"Feature","id":"389402060","properties":{"osm_id":"389402060","name":"","highway":"tertiary","waterway":null,"natural":null,"landuse":null,"provenance":"OpenStreetMap / ODbL 1.0"},"geometry":{"type":"LineString","coordinates":[[109.1662264,18.3734481],[109.1661936,18.3736404],[109.1661756,18.3739301],[109.1661717,18.3739938],[109.1661929,18.3744252],[109.1662155,18.3748825],[109.1662538,18.3753399],[109.1662226,18.3756069],[109.1662155,18.3756673],[109.1661388,18.3760779],[109.1661279,18.3764157],[109.1661498,18.3767691],[109.1662319,18.3770914],[109.1662374,18.3774032],[109.166213,18.3775403]]}},{"type":"Feature","id":"389402063","properties":{"osm_id":"389402063","name":"","highway":"residential","waterway":null,"natural":null,"landuse":null,"provenance":"OpenStreetMap / ODbL 1.0"},"geometry":{"type":"LineString","coordinates":[[109.1755255,18.3759688],[109.1750928,18.3756881],[109.1746493,18.375501],[109.1740414,18.3753867],[109.1733568,18.3752983],[109.1728365,18.3752308],[109.1724039,18.375132],[109.1721246,18.3749813],[109.1719274,18.3749189],[109.1718124,18.3749241],[109.1715167,18.3750541],[109.1713743,18.3750904],[109.170991,18.3751112],[109.170876,18.3750904],[109.1707281,18.3750073]]}},{"type":"Feature","id":"389402065","properties":{"osm_id":"389402065","name":"","highway":"tertiary","waterway":null,"natural":null,"landuse":null,"provenance":"OpenStreetMap / ODbL 1.0"},"geometry":{"type":"LineString","coordinates":[[109.1693261,18.368838],[109.1691125,18.369337],[109.1690359,18.3697996],[109.1690578,18.3701322],[109.1692659,18.371312],[109.1692706,18.3716078],[109.1692714,18.371655],[109.1693261,18.3718577],[109.1693864,18.3720708],[109.1694466,18.372523],[109.1695233,18.3728296],[109.1696821,18.3731207],[109.1699231,18.3735001],[109.1705419,18.374498],[109.1706898,18.3748202],[109.1707281,18.3750073]]}},{"type":"Feature","id":"389402068","properties":{"osm_id":"389402068","name":"","highway":"tertiary","waterway":null,"natural":null,"landuse":null,"provenance":"OpenStreetMap / ODbL 1.0"},"geometry":{"type":"LineString","coordinates":[[109.1699231,18.3735001],[109.1687785,18.3735209],[109.1684554,18.3735209],[109.1680392,18.373552],[109.1672396,18.373682],[109.1668781,18.3736716],[109.1666427,18.3736092],[109.1664291,18.3735001],[109.1662264,18.3734481],[109.1660567,18.3733961],[109.1658431,18.373287],[109.1657719,18.3731622],[109.1657336,18.3729855],[109.1657117,18.3727309],[109.1656678,18.3725386],[109.1656788,18.3723151]]}},{"type":"Feature","id":"389402069","properties":{"osm_id":"389402069","name":"","highway":"tertiary","waterway":null,"natural":null,"landuse":null,"provenance":"OpenStreetMap / ODbL 1.0"},"geometry":{"type":"LineString","coordinates":[[109.1888977,18.4074416],[109.1870493,18.4056346],[109.1789866,18.3980036],[109.1758946,18.3950542],[109.1737511,18.3930096],[109.1716729,18.3910276],[109.1704926,18.3899019],[109.1695974,18.3890469],[109.1688113,18.3882961],[109.1686142,18.3880467],[109.1685266,18.3878284],[109.1682106,18.3859564],[109.1678386,18.3838889],[109.1676612,18.3831514]]}},{"type":"Feature","id":"389402070","properties":{"osm_id":"389402070","name":"","highway":"tertiary","waterway":null,"natural":null,"landuse":null,"provenance":"OpenStreetMap / ODbL 1.0"},"geometry":{"type":"LineString","coordinates":[[109.1679671,18.3714462],[109.1679844,18.3716602],[109.1680392,18.3717642],[109.1680939,18.3720084],[109.1683185,18.3722735],[109.168428,18.3724346],[109.1684499,18.3726321],[109.168428,18.3729336],[109.1684554,18.3733857],[109.1684554,18.3735209],[109.1685047,18.3739834],[109.1685649,18.3742537],[109.1686635,18.3749241],[109.1687347,18.3752567],[109.1688886,18.3761678],[109.1689428,18.3764885],[109.1689975,18.3767224]]}},{"type":"Feature","id":"389402071","properties":{"osm_id":"389402071","name":"","highway":"residential","waterway":null,"natural":null,"landuse":null,"provenance":"OpenStreetMap / ODbL 1.0"},"geometry":{"type":"LineString","coordinates":[[109.1650052,18.3735053],[109.1647697,18.3748929]]}},{"type":"Feature","id":"389402072","properties":{"osm_id":"389402072","name":"","highway":"residential","waterway":null,"natural":null,"landuse":null,"provenance":"OpenStreetMap / ODbL 1.0"},"geometry":{"type":"LineString","coordinates":[[109.1663273,18.3713574],[109.1653831,18.37139],[109.1640836,18.371441]]}},{"type":"Feature","id":"389402073","properties":{"osm_id":"389402073","name":"","highway":"secondary","waterway":null,"natural":null,"landuse":null,"provenance":"OpenStreetMap / ODbL 1.0"},"geometry":{"type":"LineString","coordinates":[[109.1616038,18.3784439],[109.1618614,18.3811998]]}},{"type":"Feature","id":"389402076","properties":{"osm_id":"389402076","name":"","highway":"residential","waterway":null,"natural":null,"landuse":null,"provenance":"OpenStreetMap / ODbL 1.0"},"geometry":{"type":"LineString","coordinates":[[109.1655638,18.3739263],[109.1654405,18.3745917]]}},{"type":"Feature","id":"389402078","properties":{"osm_id":"389402078","name":"","highway":"residential","waterway":null,"natural":null,"landuse":null,"provenance":"OpenStreetMap / ODbL 1.0"},"geometry":{"type":"LineString","coordinates":[[109.16739,18.3812646],[109.1669457,18.3812031]]}},{"type":"Feature","id":"389402079","properties":{"osm_id":"389402079","name":"","highway":"residential","waterway":null,"natural":null,"landuse":null,"provenance":"OpenStreetMap / ODbL 1.0"},"geometry":{"type":"LineString","coordinates":[[109.1631864,18.371039],[109.1641163,18.3709588]]}},{"type":"Feature","id":"389402080","properties":{"osm_id":"389402080","name":"","highway":"tertiary","waterway":null,"natural":null,"landuse":null,"provenance":"OpenStreetMap / ODbL 1.0"},"geometry":{"type":"LineString","coordinates":[[109.1615677,18.3777517],[109.1620753,18.3776942],[109.1626174,18.3776942],[109.1630337,18.377689],[109.1632363,18.3776786],[109.1636525,18.3777982],[109.1640359,18.377819],[109.1643863,18.3777878],[109.1647149,18.3777566],[109.165279,18.3776631],[109.1654198,18.3776349],[109.1657993,18.3775591],[109.165991,18.3775227],[109.166213,18.3775403],[109.166451,18.3775591],[109.1667193,18.3775539],[109.1670315,18.3774967],[109.1673765,18.3773824],[109.1680227,18.377055],[109.1684116,18.3768835],[109.1689975,18.3767224]]}},{"type":"Feature","id":"389402081","properties":{"osm_id":"389402081","name":"","highway":"residential","waterway":null,"natural":null,"landuse":null,"provenance":"OpenStreetMap / ODbL 1.0"},"geometry":{"type":"LineString","coordinates":[[109.1669457,18.3812031],[109.1667536,18.3812042],[109.1665362,18.38132]]}},{"type":"Feature","id":"389402083","properties":{"osm_id":"389402083","name":"","highway":"tertiary","waterway":null,"natural":null,"landuse":null,"provenance":"OpenStreetMap / ODbL 1.0"},"geometry":{"type":"LineString","coordinates":[[109.1643973,18.3689987],[109.1632691,18.3691551],[109.1628511,18.3692001]]}},{"type":"Feature","id":"389402084","properties":{"osm_id":"389402084","name":"","highway":"tertiary","waterway":null,"natural":null,"landuse":null,"provenance":"OpenStreetMap / ODbL 1.0"},"geometry":{"type":"LineString","coordinates":[[109.1692706,18.3716078],[109.1690578,18.3716134],[109.1679671,18.3714462],[109.1678037,18.3714211],[109.1671739,18.3713328],[109.1671465,18.3715251],[109.1671739,18.3719253],[109.1672451,18.3722059],[109.1672396,18.3723047],[109.1671903,18.3724034],[109.1664455,18.372393],[109.1663994,18.3723818],[109.1662319,18.3723411],[109.1660129,18.3722527],[109.1657664,18.3722111],[109.1657062,18.3722371],[109.1656788,18.3723151],[109.165635,18.3723878],[109.1655474,18.3724086],[109.1641016,18.3724034],[109.1636303,18.3724149],[109.1634608,18.372419],[109.1628212,18.3724096]]}},{"type":"Feature","id":"389402085","properties":{"osm_id":"389402085","name":"","highway":"residential","waterway":null,"natural":null,"landuse":null,"provenance":"OpenStreetMap / ODbL 1.0"},"geometry":{"type":"LineString","coordinates":[[109.1577708,18.3742121],[109.1578146,18.3739678],[109.1578091,18.3737807],[109.1578201,18.3736401]]}},{"type":"Feature","id":"389402086","properties":{"osm_id":"389402086","name":"","highway":"residential","waterway":null,"natural":null,"landuse":null,"provenance":"OpenStreetMap / ODbL 1.0"},"geometry":{"type":"LineString","coordinates":[[109.1673929,18.3751476],[109.1673272,18.3753347],[109.1673272,18.375501],[109.1672727,18.3756886]]}},{"type":"Feature","id":"389402087","properties":{"osm_id":"389402087","name":"","highway":"residential","waterway":null,"natural":null,"landuse":null,"provenance":"OpenStreetMap / ODbL 1.0"},"geometry":{"type":"LineString","coordinates":[[109.1665287,18.3799437],[109.167321,18.3801726],[109.1679309,18.3804494],[109.1684559,18.3807362]]}},{"type":"Feature","id":"389402088","properties":{"osm_id":"389402088","name":"","highway":"primary","waterway":null,"natural":null,"landuse":null,"provenance":"OpenStreetMap / ODbL 1.0"},"geometry":{"type":"LineString","coordinates":[[109.1460842,18.3672855],[109.1479028,18.3643659],[109.1480516,18.3642949]]}},{"type":"Feature","id":"389402089","properties":{"osm_id":"389402089","name":"","highway":"residential","waterway":null,"natural":null,"landuse":null,"provenance":"OpenStreetMap / ODbL 1.0"},"geometry":{"type":"LineString","coordinates":[[109.1663994,18.3723818],[109.1662976,18.3728504],[109.1663141,18.3730947],[109.1662264,18.3734481]]}},{"type":"Feature","id":"389402090","properties":{"osm_id":"389402090","name":"","highway":"tertiary","waterway":null,"natural":null,"landuse":null,"provenance":"OpenStreetMap / ODbL 1.0"},"geometry":{"type":"LineString","coordinates":[[109.1663076,18.3793349],[109.1661443,18.3791079],[109.1658595,18.3784634],[109.1655638,18.3779229],[109.1654198,18.3776349]]}},{"type":"Feature","id":"389402091","properties":{"osm_id":"389402091","name":"","highway":"residential","waterway":null,"natural":null,"landuse":null,"provenance":"OpenStreetMap / ODbL 1.0"},"geometry":{"type":"LineString","coordinates":[[109.1586744,18.3728764],[109.1586306,18.3726529],[109.1586141,18.3725334],[109.1587072,18.3724762],[109.1593206,18.3724398]]}},{"type":"Feature","id":"389402092","properties":{"osm_id":"389402092","name":"","highway":"tertiary","waterway":null,"natural":null,"landuse":null,"provenance":"OpenStreetMap / ODbL 1.0"},"geometry":{"type":"LineString","coordinates":[[109.1582328,18.3712314],[109.1582144,18.3714471],[109.1579953,18.3720188],[109.1579515,18.3722839],[109.1579022,18.3731051],[109.1579022,18.3736404]]}},{"type":"Feature","id":"389402093","properties":{"osm_id":"389402093","name":"","highway":"residential","waterway":null,"natural":null,"landuse":null,"provenance":"OpenStreetMap / ODbL 1.0"},"geometry":{"type":"LineString","coordinates":[[109.1608711,18.3723972],[109.1608266,18.3726893],[109.1607281,18.3728816],[109.1605857,18.3731259],[109.1605966,18.3734013],[109.1605857,18.3737132]]}},{"type":"Feature","id":"389402095","properties":{"osm_id":"389402095","name":"","highway":"tertiary","waterway":null,"natural":null,"landuse":null,"provenance":"OpenStreetMap / ODbL 1.0"},"geometry":{"type":"LineString","coordinates":[[109.1707281,18.3750073],[109.170635,18.3750333],[109.169578,18.3748722],[109.1692878,18.374815],[109.1689811,18.3748618],[109.1686635,18.3749241]]}},{"type":"Feature","id":"389402096","properties":{"osm_id":"389402096","name":"","highway":"residential","waterway":null,"natural":null,"landuse":null,"provenance":"OpenStreetMap / ODbL 1.0"},"geometry":{"type":"LineString","coordinates":[[109.1652953,18.3801776],[109.1660165,18.3802682],[109.1661438,18.3802632],[109.1661809,18.3800971],[109.1664354,18.3801776],[109.1665919,18.3801859]]}},{"type":"Feature","id":"389402097","properties":{"osm_id":"389402097","name":"","highway":"residential","waterway":null,"natural":null,"landuse":null,"provenance":"OpenStreetMap / ODbL 1.0"},"geometry":{"type":"LineString","coordinates":[[109.1757531,18.3758613],[109.1756637,18.3745108],[109.1753955,18.3732451],[109.1752241,18.3727714],[109.17483,18.3720864],[109.1744631,18.3714679],[109.1741728,18.3710677],[109.1739209,18.3708234],[109.1735426,18.3706504],[109.172853,18.3703349],[109.1693261,18.368838]]}},{"type":"Feature","id":"389402098","properties":{"osm_id":"389402098","name":"","highway":"tertiary","waterway":null,"natural":null,"landuse":null,"provenance":"OpenStreetMap / ODbL 1.0"},"geometry":{"type":"LineString","coordinates":[[109.1661929,18.3744252],[109.1657883,18.3744356],[109.1654405,18.3745917],[109.1649833,18.374797],[109.1647697,18.3748929],[109.1641125,18.3751528],[109.1640085,18.3751736]]}},{"type":"Feature","id":"389402099","properties":{"osm_id":"389402099","name":"","highway":"tertiary","waterway":null,"natural":null,"landuse":null,"provenance":"OpenStreetMap / ODbL 1.0"},"geometry":{"type":"LineString","coordinates":[[109.1644728,18.3674918],[109.1643973,18.3689987],[109.1643918,18.3691083],[109.1643535,18.3694409],[109.1641399,18.3706104],[109.1641163,18.3709588],[109.1640836,18.371441]]}},{"type":"Feature","id":"389402100","properties":{"osm_id":"389402100","name":"","highway":"residential","waterway":null,"natural":null,"landuse":null,"provenance":"OpenStreetMap / ODbL 1.0"},"geometry":{"type":"LineString","coordinates":[[109.1682911,18.374737],[109.168187,18.3748981],[109.1678858,18.3751008],[109.1677434,18.375158],[109.1676175,18.3751788],[109.1673929,18.3751476],[109.1669165,18.3750852]]}},{"type":"Feature","id":"389402101","properties":{"osm_id":"389402101","name":"","highway":"secondary","waterway":null,"natural":null,"landuse":null,"provenance":"OpenStreetMap / ODbL 1.0"},"geometry":{"type":"LineString","coordinates":[[109.1614913,18.3723967],[109.1613927,18.373804],[109.1613647,18.3740016],[109.1612718,18.3754261],[109.1613195,18.3766392],[109.1613761,18.3768781],[109.1614383,18.3770133],[109.1615677,18.3777517],[109.1616038,18.3784439]]}},{"type":"Feature","id":"389402103","properties":{"osm_id":"389402103","name":"","highway":"secondary","waterway":null,"natural":null,"landuse":null,"provenance":"OpenStreetMap / ODbL 1.0"},"geometry":{"type":"LineString","coordinates":[[109.1618136,18.3859782],[109.161867,18.3874994],[109.1619534,18.3894913],[109.1618584,18.3897224],[109.1617384,18.3899145],[109.161566,18.3901564],[109.161506,18.3903841],[109.161581,18.391494],[109.161476,18.3921201],[109.1613711,18.3924758],[109.1608312,18.3937494],[109.1605449,18.3949323],[109.160519,18.3951883],[109.1626157,18.3971787],[109.1639564,18.3984103],[109.1660766,18.400358],[109.1688014,18.4028774],[109.1700461,18.4035106],[109.170166,18.4036387],[109.1703685,18.4038806],[109.1719955,18.4047914],[109.1720557,18.4050948],[109.1722507,18.4054079],[109.1724231,18.4057209],[109.1727605,18.4061549],[109.1731354,18.4063967],[109.1740351,18.4070868],[109.1749274,18.4076346],[109.1753023,18.407969],[109.1757297,18.408218],[109.1761195,18.4084101],[109.1765994,18.4086733],[109.1771243,18.4091428],[109.1775141,18.4095697],[109.1776791,18.4097262],[109.1785788,18.4101459],[109.1788563,18.4103665],[109.1792312,18.4108716],[109.179621,18.4115972],[109.179816,18.412081],[109.1798385,18.4124367],[109.1800259,18.412771],[109.1808651,18.4137068],[109.1810735,18.4140287],[109.181413,18.4154245],[109.1816155,18.4157944],[109.1819004,18.416079],[109.1823803,18.416641],[109.1825827,18.416954],[109.1830176,18.4179001],[109.1830026,18.4181207],[109.1826127,18.4190881],[109.1821028,18.4205322],[109.181563,18.4216918],[109.1811356,18.4222751],[109.1803483,18.4234559],[109.1794261,18.4249996],[109.1788488,18.4260666],[109.1778665,18.4276529],[109.1777616,18.4279445],[109.1776991,18.4286158],[109.1775991,18.4296901],[109.1775639,18.4304787],[109.1776105,18.4316709],[109.1775871,18.4323154],[109.1774998,18.4327969],[109.1776845,18.4334285],[109.1778714,18.4342305],[109.1780449,18.4352578],[109.1781471,18.4360289],[109.178216,18.4363271],[109.1782475,18.4374381]]}},{"type":"Feature","id":"389402104","properties":{"osm_id":"389402104","name":"","highway":"tertiary","waterway":null,"natural":null,"landuse":null,"provenance":"OpenStreetMap / ODbL 1.0"},"geometry":{"type":"LineString","coordinates":[[109.1662226,18.3756069],[109.1667741,18.3756933],[109.1672727,18.3756886],[109.1673272,18.3756881],[109.1682965,18.3759948],[109.1685813,18.3761091],[109.1686909,18.3761767],[109.1688886,18.3761678]]}},{"type":"Feature","id":"389402105","properties":{"osm_id":"389402105","name":"","highway":"residential","waterway":null,"natural":null,"landuse":null,"provenance":"OpenStreetMap / ODbL 1.0"},"geometry":{"type":"LineString","coordinates":[[109.1636303,18.3724149],[109.1635977,18.3730947],[109.163543,18.3733286],[109.1632746,18.3736716],[109.1631487,18.3738535],[109.1630884,18.3740042],[109.1630775,18.3744824],[109.1630337,18.3746227]]}},{"type":"Feature","id":"389402106","properties":{"osm_id":"389402106","name":"","highway":"tertiary","waterway":null,"natural":null,"landuse":null,"provenance":"OpenStreetMap / ODbL 1.0"},"geometry":{"type":"LineString","coordinates":[[109.1661756,18.3739301],[109.1666043,18.3741082],[109.1672341,18.3743108],[109.1677818,18.3744772],[109.1680118,18.3746071],[109.1682911,18.374737],[109.1685539,18.3748358],[109.1686635,18.3749241]]}},{"type":"Feature","id":"389402107","properties":{"osm_id":"389402107","name":"","highway":"tertiary","waterway":null,"natural":null,"landuse":null,"provenance":"OpenStreetMap / ODbL 1.0"},"geometry":{"type":"LineString","coordinates":[[109.1613927,18.373804],[109.1611005,18.3737547],[109.1605857,18.3737132],[109.1604194,18.3737079],[109.1595452,18.3736805],[109.1592604,18.3736716],[109.1579022,18.3736404],[109.1578201,18.3736401],[109.1564564,18.3736352],[109.1550818,18.3737132],[109.1550076,18.3737066],[109.1548009,18.3736883]]}},{"type":"Feature","id":"389404526","properties":{"osm_id":"389404526","name":"","highway":null,"waterway":null,"natural":"wood","landuse":null,"provenance":"OpenStreetMap / ODbL 1.0"},"geometry":{"type":"Polygon","coordinates":[[[109.1595022,18.3693723],[109.1594125,18.3693473],[109.1593488,18.3692316],[109.1588928,18.369302],[109.1588503,18.3693876],[109.158792,18.3696292],[109.1589087,18.3696292],[109.1589246,18.3697197],[109.1591526,18.3697047],[109.1591897,18.3696191],[109.15937,18.3696443],[109.1593753,18.369448],[109.1594655,18.369453],[109.1595022,18.3693723]]]}},{"type":"Feature","id":"389404528","properties":{"osm_id":"389404528","name":"","highway":null,"waterway":null,"natural":"wood","landuse":null,"provenance":"OpenStreetMap / ODbL 1.0"},"geometry":{"type":"Polygon","coordinates":[[[109.1581981,18.3697499],[109.1579435,18.3698657],[109.1579594,18.3699714],[109.1585375,18.370072],[109.1585417,18.3703395],[109.159195,18.370369],[109.1592746,18.3699915],[109.1590837,18.3699613],[109.1590253,18.3700469],[109.1588291,18.3700267],[109.1588397,18.3698808],[109.1586117,18.3698556],[109.1585746,18.3699261],[109.1582193,18.3698556],[109.1581981,18.3697499]]]}},{"type":"Feature","id":"389404529","properties":{"osm_id":"389404529","name":"","highway":null,"waterway":null,"natural":"wood","landuse":null,"provenance":"OpenStreetMap / ODbL 1.0"},"geometry":{"type":"Polygon","coordinates":[[[109.1606684,18.3688821],[109.1606079,18.3684592],[109.1602956,18.3684994],[109.1603087,18.3686629],[109.16042,18.3689699],[109.1606684,18.3688821]]]}},{"type":"Feature","id":"389404532","properties":{"osm_id":"389404532","name":"","highway":null,"waterway":null,"natural":"wetland","landuse":null,"provenance":"OpenStreetMap / ODbL 1.0"},"geometry":{"type":"Polygon","coordinates":[[[109.1514739,18.3709528],[109.1514686,18.3707011],[109.1500951,18.3704294],[109.1499997,18.3708169],[109.1500686,18.3710182],[109.1502966,18.3710434],[109.1514739,18.3709528]]]}},{"type":"Feature","id":"389404539","properties":{"osm_id":"389404539","name":"","highway":"residential","waterway":null,"natural":null,"landuse":null,"provenance":"OpenStreetMap / ODbL 1.0"},"geometry":{"type":"LineString","coordinates":[[109.1550076,18.3737066],[109.1551489,18.3745864],[109.1553345,18.3750041],[109.1554511,18.3751903],[109.155833,18.375608],[109.1560133,18.375769],[109.1563049,18.375915],[109.1566602,18.3760005],[109.1567239,18.376076],[109.156814,18.3761364],[109.1569778,18.3761173],[109.1571254,18.3759518],[109.1574982,18.375738],[109.1579112,18.3757202],[109.1584289,18.3756464],[109.1588185,18.3755476],[109.1595609,18.3755073],[109.1604678,18.3754469],[109.1612718,18.3754261]]}},{"type":"Feature","id":"389404540","properties":{"osm_id":"389404540","name":"","highway":"residential","waterway":null,"natural":null,"landuse":null,"provenance":"OpenStreetMap / ODbL 1.0"},"geometry":{"type":"LineString","coordinates":[[109.1629793,18.3753624],[109.1628594,18.3760206]]}},{"type":"Feature","id":"389404541","properties":{"osm_id":"389404541","name":"","highway":"residential","waterway":null,"natural":null,"landuse":null,"provenance":"OpenStreetMap / ODbL 1.0"},"geometry":{"type":"LineString","coordinates":[[109.1617564,18.3683659],[109.1619603,18.3693079]]}},{"type":"Feature","id":"389404542","properties":{"osm_id":"389404542","name":"","highway":"residential","waterway":null,"natural":null,"landuse":null,"provenance":"OpenStreetMap / ODbL 1.0"},"geometry":{"type":"LineString","coordinates":[[109.1647632,18.3754671],[109.1649833,18.374797]]}},{"type":"Feature","id":"389404544","properties":{"osm_id":"389404544","name":"","highway":"residential","waterway":null,"natural":null,"landuse":null,"provenance":"OpenStreetMap / ODbL 1.0"},"geometry":{"type":"LineString","coordinates":[[109.162345,18.370681],[109.1619367,18.370686],[109.1616393,18.3707374]]}},{"type":"Feature","id":"389404545","properties":{"osm_id":"389404545","name":"","highway":"secondary","waterway":null,"natural":null,"landuse":null,"provenance":"OpenStreetMap / ODbL 1.0"},"geometry":{"type":"LineString","coordinates":[[109.1628212,18.3724096],[109.1618617,18.3723827],[109.1614913,18.3723967]]}},{"type":"Feature","id":"389404547","properties":{"osm_id":"389404547","name":"","highway":"residential","waterway":null,"natural":null,"landuse":null,"provenance":"OpenStreetMap / ODbL 1.0"},"geometry":{"type":"LineString","coordinates":[[109.1588185,18.3745058],[109.159614,18.3745612],[109.1599534,18.3745209],[109.1603182,18.374462]]}},{"type":"Feature","id":"389404548","properties":{"osm_id":"389404548","name":"","highway":"residential","waterway":null,"natural":null,"landuse":null,"provenance":"OpenStreetMap / ODbL 1.0"},"geometry":{"type":"LineString","coordinates":[[109.1618206,18.3716456],[109.1616393,18.3707374],[109.1615708,18.3703941],[109.161364,18.3693876]]}},{"type":"Feature","id":"389404549","properties":{"osm_id":"389404549","name":"","highway":"residential","waterway":null,"natural":null,"landuse":null,"provenance":"OpenStreetMap / ODbL 1.0"},"geometry":{"type":"LineString","coordinates":[[109.1632783,18.3761012],[109.1633579,18.3757992],[109.1634162,18.3756734],[109.1635011,18.3753262]]}},{"type":"Feature","id":"389404550","properties":{"osm_id":"389404550","name":"","highway":"residential","waterway":null,"natural":null,"landuse":null,"provenance":"OpenStreetMap / ODbL 1.0"},"geometry":{"type":"LineString","coordinates":[[109.1604194,18.3737079],[109.1603988,18.373912],[109.1603776,18.3741032],[109.1603182,18.374462],[109.1602609,18.3748078]]}},{"type":"Feature","id":"389404551","properties":{"osm_id":"389404551","name":"","highway":"residential","waterway":null,"natural":null,"landuse":null,"provenance":"OpenStreetMap / ODbL 1.0"},"geometry":{"type":"LineString","coordinates":[[109.1613647,18.3740016],[109.1621679,18.3740493],[109.1622867,18.3740579],[109.1627693,18.3740227],[109.1630884,18.3740042]]}},{"type":"Feature","id":"389404552","properties":{"osm_id":"389404552","name":"","highway":"residential","waterway":null,"natural":null,"landuse":null,"provenance":"OpenStreetMap / ODbL 1.0"},"geometry":{"type":"LineString","coordinates":[[109.1609291,18.3694278],[109.161364,18.3693876],[109.1619603,18.3693079],[109.162117,18.3692869],[109.1628511,18.3692001]]}},{"type":"Feature","id":"389404553","properties":{"osm_id":"389404553","name":"","highway":"tertiary","waterway":null,"natural":null,"landuse":null,"provenance":"OpenStreetMap / ODbL 1.0"},"geometry":{"type":"LineString","coordinates":[[109.1614913,18.3723967],[109.1611114,18.3723878],[109.1608711,18.3723972],[109.1603118,18.372419],[109.1593206,18.3724398],[109.1592604,18.3736716]]}},{"type":"Feature","id":"389404554","properties":{"osm_id":"389404554","name":"","highway":"tertiary","waterway":null,"natural":null,"landuse":null,"provenance":"OpenStreetMap / ODbL 1.0"},"geometry":{"type":"LineString","coordinates":[[109.16403,18.3752209],[109.1635011,18.3753262],[109.1629793,18.3753624],[109.1625306,18.3753916],[109.1616821,18.3754067],[109.1612718,18.3754261]]}},{"type":"Feature","id":"389404555","properties":{"osm_id":"389404555","name":"","highway":"residential","waterway":null,"natural":null,"landuse":null,"provenance":"OpenStreetMap / ODbL 1.0"},"geometry":{"type":"LineString","coordinates":[[109.1595452,18.3736805],[109.1595503,18.3739875],[109.1595822,18.3743649],[109.159614,18.3745612],[109.1595344,18.3750947],[109.1595609,18.3755073]]}},{"type":"Feature","id":"389404556","properties":{"osm_id":"389404556","name":"","highway":"residential","waterway":null,"natural":null,"landuse":null,"provenance":"OpenStreetMap / ODbL 1.0"},"geometry":{"type":"LineString","coordinates":[[109.1621679,18.3740493],[109.1621329,18.3743599],[109.1621223,18.3745763],[109.1623609,18.3746317],[109.1627693,18.3746115],[109.1630337,18.3746227]]}},{"type":"Feature","id":"389404558","properties":{"osm_id":"389404558","name":"","highway":null,"waterway":null,"natural":null,"landuse":"farmland","provenance":"OpenStreetMap / ODbL 1.0"},"geometry":{"type":"Polygon","coordinates":[[[109.1606684,18.3688821],[109.16042,18.3689699],[109.1603087,18.3686629],[109.1597519,18.3690001],[109.159789,18.3692165],[109.1595663,18.3692316],[109.1595022,18.3693723],[109.1594655,18.369453],[109.1593753,18.369448],[109.15937,18.3696443],[109.1591897,18.3696191],[109.1591526,18.3697047],[109.1589246,18.3697197],[109.1589087,18.3696292],[109.158792,18.3696292],[109.1588503,18.3693876],[109.158389,18.3695738],[109.1583996,18.3697399],[109.1581981,18.3697499],[109.1582193,18.3698556],[109.1585746,18.3699261],[109.1586117,18.3698556],[109.1588397,18.3698808],[109.1588291,18.3700267],[109.1590253,18.3700469],[109.1590837,18.3699613],[109.1592746,18.3699915],[109.159195,18.370369],[109.1596359,18.3704723],[109.159667,18.370379],[109.1599162,18.3704294],[109.1598938,18.3705565],[109.1602981,18.3707666],[109.1603352,18.3701375],[109.1604818,18.3700732],[109.1605049,18.3699513],[109.1605844,18.3698556],[109.1607555,18.369786],[109.1607492,18.3695887],[109.1605473,18.3695839],[109.1604837,18.3692819],[109.1607148,18.3692067],[109.1606684,18.3688821]]]}},{"type":"Feature","id":"402790318","properties":{"osm_id":"402790318","name":"","highway":"tertiary","waterway":null,"natural":null,"landuse":null,"provenance":"OpenStreetMap / ODbL 1.0"},"geometry":{"type":"LineString","coordinates":[[109.1420023,18.3804213],[109.1453962,18.3805167],[109.1474539,18.3805727],[109.1489646,18.380526],[109.1493779,18.3805132],[109.1521526,18.3804273],[109.155869,18.3802744],[109.1570395,18.3803477],[109.1613311,18.3805819],[109.1615939,18.3806379],[109.1615885,18.3811215],[109.1616422,18.382048],[109.1616955,18.3824762]]}},{"type":"Feature","id":"496129569","properties":{"osm_id":"496129569","name":"","highway":"tertiary","waterway":null,"natural":null,"landuse":null,"provenance":"OpenStreetMap / ODbL 1.0"},"geometry":{"type":"LineString","coordinates":[[109.0837294,18.4331002],[109.0839794,18.4331049],[109.0847436,18.4324666],[109.0853416,18.431584],[109.0860227,18.4313791],[109.0863716,18.4311821],[109.0877172,18.4307724],[109.0891707,18.4311349],[109.0898186,18.4311821],[109.0903668,18.4314422],[109.0912307,18.4314107],[109.0919201,18.4317101],[109.0925846,18.4317495],[109.093357,18.4316549],[109.0938637,18.4314501],[109.094088,18.4311349],[109.0945116,18.4307566],[109.095118,18.4305439],[109.0959569,18.4298662],[109.0971779,18.4292988],[109.097236,18.4289993],[109.0976181,18.4288102],[109.0974437,18.4280616],[109.0977012,18.4279119],[109.0978341,18.4266037],[109.0981248,18.4265249],[109.0989471,18.4269505],[109.0998026,18.4268402],[109.1014888,18.4269978],[109.1027845,18.4269347],[109.1031998,18.4270608],[109.1034075,18.4269741],[109.1037314,18.4265407],[109.1040305,18.4263201],[109.1044042,18.4263279],[109.1045371,18.4258315],[109.1051933,18.4256266],[109.1054508,18.4254059],[109.105916,18.4250671],[109.1061236,18.4245943],[109.1069958,18.4244051],[109.1072845,18.4244254],[109.1074562,18.4244382],[109.1076815,18.4244763],[109.1078827,18.424484],[109.1081589,18.424428],[109.1083762,18.4243847],[109.1086471,18.4243338],[109.1089046,18.4242295],[109.1090575,18.4241608],[109.1091701,18.4239521],[109.1092962,18.4238172],[109.1091889,18.4235679],[109.1091192,18.4231505],[109.1091514,18.4228248],[109.1091943,18.4223464],[109.109543,18.4216135],[109.1100579,18.4207228],[109.1109323,18.4192418],[109.1112408,18.4188371],[109.1119082,18.4182862],[109.1122044,18.4181316],[109.1127424,18.4179299],[109.1133137,18.4178968],[109.113598,18.4179808],[109.1140942,18.4181946],[109.1142068,18.4182098],[109.1143356,18.4181615],[109.1145475,18.4178459],[109.1146575,18.4174668],[109.1147942,18.4173548],[109.1158484,18.4168433],[109.1166181,18.4166219],[109.1172002,18.4162198],[109.1173343,18.4161969],[109.1195444,18.4161383],[109.1198368,18.4160544],[109.1200916,18.4158839],[109.1204054,18.4155683],[109.1206388,18.415436],[109.1210304,18.4152502],[109.1218994,18.4150237],[109.1222213,18.4148736],[109.1225378,18.4147692],[109.1230286,18.4147005],[109.1232271,18.4146827],[109.1236321,18.4147896],[109.1238762,18.4148456],[109.1241847,18.4148048],[109.1243724,18.4146954],[109.1248445,18.4143213],[109.1251878,18.4141483],[109.1254637,18.4139482],[109.1256062,18.4138123],[109.1261024,18.4136418],[109.1263821,18.4134148],[109.126596,18.4133441],[109.1269393,18.4134306],[109.1275562,18.4135884],[109.1279988,18.4138963],[109.1281677,18.4140134],[109.1284896,18.4141126],[109.1291119,18.4144715],[109.1294767,18.4147412],[109.1297985,18.4148634],[109.1304262,18.4151128],[109.1306997,18.4151459],[109.1312496,18.4151],[109.1318987,18.4150466],[109.1325263,18.4149194],[109.1329796,18.4149143],[109.1333605,18.4148227],[109.1335804,18.4146878],[109.1340632,18.4140541],[109.1341678,18.4136317],[109.13442,18.4133721],[109.1359736,18.4120507],[109.1360166,18.4103202],[109.1364071,18.4086751],[109.1366544,18.4084703],[109.1370765,18.4085733],[109.1372125,18.4086065],[109.1377761,18.4088746],[109.1389233,18.4087243],[109.1396728,18.4088637],[109.1402437,18.4092615],[109.1422865,18.4089398],[109.1433336,18.4084878],[109.1441919,18.4081213],[109.1446211,18.4078363],[109.1456081,18.4076734],[109.1460802,18.4074698],[109.146933,18.4072502],[109.1472146,18.4073546],[109.147751,18.4074513],[109.1480246,18.4075302],[109.1484323,18.4073317],[109.1486979,18.4072426],[109.1490734,18.4072044],[109.1493335,18.4071255],[109.149642,18.4069474],[109.1499183,18.4067082],[109.1500738,18.4064995],[109.1503313,18.4063799],[109.1505969,18.4062984],[109.1508517,18.4062322],[109.1510689,18.4060643],[109.1512942,18.4058505],[109.1514552,18.4056851],[109.1516107,18.4056393],[109.151997,18.4055553],[109.1522196,18.405456],[109.1524154,18.4052499],[109.1526273,18.4048859],[109.152976,18.4040155],[109.1531195,18.4034569],[109.1531168,18.4032253],[109.1530269,18.4030586],[109.1529467,18.4029499],[109.1526568,18.4029135],[109.1522464,18.4029097],[109.1520976,18.4027736],[109.1520238,18.402631],[109.1517274,18.4018434],[109.1516899,18.4017021],[109.1517261,18.4015367],[109.1522171,18.4005473],[109.152292,18.4001445],[109.1522786,18.3999027],[109.1521928,18.3996635],[109.1518602,18.3991138],[109.1517073,18.3986785],[109.151541,18.3984062],[109.151313,18.3981415],[109.150908,18.3977903],[109.1508259,18.3976918],[109.1506344,18.397462],[109.1505191,18.3971947],[109.1504842,18.3968817],[109.1505057,18.3964719],[109.1509777,18.3946114],[109.151085,18.3940133],[109.1511011,18.393685],[109.1510716,18.3933897],[109.1508624,18.3925702],[109.1508356,18.3922979],[109.1534083,18.3861479],[109.1539181,18.3849709],[109.1542319,18.3843055],[109.1542813,18.3840422],[109.15429,18.3830318],[109.1543379,18.3826146],[109.1544223,18.3824234]]}},{"type":"Feature","id":"524267366","properties":{"osm_id":"524267366","name":"","highway":null,"waterway":null,"natural":null,"landuse":"residential","provenance":"OpenStreetMap / ODbL 1.0"},"geometry":{"type":"Polygon","coordinates":[[[109.1773678,18.3642023],[109.1779638,18.3614281],[109.1761518,18.3573503],[109.1798878,18.3545136],[109.181924,18.3573858],[109.1826338,18.3610735],[109.1844458,18.3626513],[109.1845392,18.3635023],[109.1825063,18.3639771],[109.1838733,18.3700135],[109.1838137,18.3707649],[109.1833646,18.3704197],[109.1829675,18.3711098],[109.1827125,18.3710897],[109.1827377,18.3703617],[109.1819002,18.3702886],[109.1819053,18.3695123],[109.1810236,18.3683943],[109.1802349,18.3680445],[109.1795137,18.3674339],[109.1792393,18.3669523],[109.178067,18.3659558],[109.1775016,18.3651302],[109.1773678,18.3642023]]]}},{"type":"Feature","id":"548385042","properties":{"osm_id":"548385042","name":"","highway":null,"waterway":"ditch","natural":null,"landuse":null,"provenance":"OpenStreetMap / ODbL 1.0"},"geometry":{"type":"LineString","coordinates":[[109.1511029,18.3941832],[109.1526675,18.3952121],[109.1560847,18.3974722],[109.158166,18.3988618],[109.1614973,18.401076],[109.1639382,18.402659],[109.1681439,18.4054382]]}},{"type":"Feature","id":"548385043","properties":{"osm_id":"548385043","name":"","highway":null,"waterway":"ditch","natural":null,"landuse":null,"provenance":"OpenStreetMap / ODbL 1.0"},"geometry":{"type":"LineString","coordinates":[[109.1509803,18.3941025],[109.1511029,18.3941832]]}},{"type":"Feature","id":"548385044","properties":{"osm_id":"548385044","name":"","highway":null,"waterway":"ditch","natural":null,"landuse":null,"provenance":"OpenStreetMap / ODbL 1.0"},"geometry":{"type":"LineString","coordinates":[[109.149819,18.3933388],[109.1509803,18.3941025]]}},{"type":"Feature","id":"548385045","properties":{"osm_id":"548385045","name":"","highway":null,"waterway":"ditch","natural":null,"landuse":null,"provenance":"OpenStreetMap / ODbL 1.0"},"geometry":{"type":"LineString","coordinates":[[109.146013,18.3924862],[109.1474667,18.3926389],[109.1482794,18.3927204],[109.1488481,18.3928018],[109.1493335,18.3930232],[109.1495991,18.3931912],[109.149819,18.3933388]]}},{"type":"Feature","id":"548385046","properties":{"osm_id":"548385046","name":"","highway":null,"waterway":"ditch","natural":null,"landuse":null,"provenance":"OpenStreetMap / ODbL 1.0"},"geometry":{"type":"LineString","coordinates":[[109.1447791,18.3923666],[109.146013,18.3924862]]}},{"type":"Feature","id":"791385859","properties":{"osm_id":"791385859","name":"","highway":"unclassified","waterway":null,"natural":null,"landuse":null,"provenance":"OpenStreetMap / ODbL 1.0"},"geometry":{"type":"LineString","coordinates":[[109.1542911,18.3768249],[109.1542241,18.3775936],[109.154199,18.3776581],[109.1541534,18.377709],[109.1540841,18.3777451],[109.1540041,18.3777574],[109.1531681,18.3776919],[109.1530934,18.3776673],[109.1530376,18.3776211],[109.153003,18.377559],[109.1529899,18.3774861],[109.1529969,18.3773948],[109.1530485,18.3767298]]}},{"type":"Feature","id":"791385860","properties":{"osm_id":"791385860","name":"","highway":"unclassified","waterway":null,"natural":null,"landuse":null,"provenance":"OpenStreetMap / ODbL 1.0"},"geometry":{"type":"LineString","coordinates":[[109.1517984,18.3762277],[109.1517993,18.3764703],[109.1518244,18.3765432],[109.1518798,18.3765975],[109.1519568,18.3766315],[109.1520515,18.3766484],[109.1530485,18.3767298],[109.1542911,18.3768249],[109.1546476,18.3768509],[109.1548383,18.3768648],[109.1549027,18.3768601],[109.1549599,18.3768385],[109.1550064,18.3767982],[109.1550332,18.3767528],[109.1550492,18.376605],[109.1550825,18.3762955]]}},{"type":"Feature","id":"791385861","properties":{"osm_id":"791385861","name":"","highway":"unclassified","waterway":null,"natural":null,"landuse":null,"provenance":"OpenStreetMap / ODbL 1.0"},"geometry":{"type":"LineString","coordinates":[[109.1530636,18.3743598],[109.1534024,18.3749795],[109.1536343,18.3755509],[109.1536698,18.3759264],[109.1536586,18.3762013]]}},{"type":"Feature","id":"791385862","properties":{"osm_id":"791385862","name":"","highway":"secondary","waterway":null,"natural":null,"landuse":null,"provenance":"OpenStreetMap / ODbL 1.0"},"geometry":{"type":"LineString","coordinates":[[109.1613761,18.3768781],[109.1603761,18.3766943],[109.1550825,18.3762955],[109.1536586,18.3762013],[109.1532252,18.3762033],[109.1517984,18.3762277],[109.151458,18.3762498],[109.1510996,18.3763042],[109.1507524,18.3764092],[109.1504249,18.3765465],[109.1500139,18.3767621]]}},{"type":"Feature","id":"843987959","properties":{"osm_id":"843987959","name":"","highway":"tertiary","waterway":null,"natural":null,"landuse":null,"provenance":"OpenStreetMap / ODbL 1.0"},"geometry":{"type":"LineString","coordinates":[[109.1665287,18.3799437],[109.1663076,18.3793349]]}},{"type":"Feature","id":"865030561","properties":{"osm_id":"865030561","name":"","highway":null,"waterway":"drain","natural":null,"landuse":null,"provenance":"OpenStreetMap / ODbL 1.0"},"geometry":{"type":"LineString","coordinates":[[109.1924933,18.378844],[109.1926113,18.3790044],[109.1930083,18.3791368],[109.1933033,18.3792946],[109.1935447,18.3794931],[109.194167,18.3800277],[109.1942314,18.3802109],[109.194226,18.3805215],[109.1943976,18.3812494],[109.1948536,18.3817992],[109.1959158,18.3830261],[109.1963503,18.3840442],[109.1966239,18.3845431],[109.1974339,18.3853831],[109.1976217,18.3857394],[109.197788,18.3861416],[109.198024,18.3863401],[109.1987589,18.3868084],[109.1992846,18.387516],[109.1997192,18.3878113],[109.2003414,18.3885799],[109.2009261,18.3893231],[109.201763,18.3898067],[109.2023692,18.3901529],[109.2026696,18.3910844],[109.2031846,18.3935024],[109.2031792,18.3939503],[109.2032919,18.3941947],[109.2037049,18.3949073],[109.2039034,18.3958236],[109.204118,18.396526],[109.2041931,18.3967398],[109.2041555,18.3970351],[109.2033723,18.3997685],[109.2030612,18.400476],[109.203029,18.4006236],[109.203088,18.4007967],[109.2033026,18.4009392],[109.2037907,18.4011886],[109.2043111,18.4013617],[109.2050246,18.4018809],[109.205384,18.4019369],[109.2057166,18.4018809],[109.2060545,18.4021456],[109.2065266,18.4027768],[109.2067197,18.4030058],[109.2088708,18.4052912],[109.2104426,18.4072712],[109.2112473,18.4084318],[109.2117515,18.4099282],[109.212583,18.4115009],[109.2127386,18.4116995],[109.2157976,18.4144893],[109.2159085,18.414805],[109.2160256,18.4149833],[109.2173659,18.4158925],[109.2184412,18.4164859],[109.2189465,18.4167607],[109.2196212,18.416787],[109.2204223,18.4170354],[109.2209707,18.4174856],[109.2209461,18.4177136]]}},{"type":"Feature","id":"865030571","properties":{"osm_id":"865030571","name":"","highway":"unclassified","waterway":null,"natural":null,"landuse":null,"provenance":"OpenStreetMap / ODbL 1.0"},"geometry":{"type":"LineString","coordinates":[[109.2285508,18.3681794],[109.2283739,18.3677625],[109.2282322,18.3670666],[109.2279796,18.3667508],[109.2269382,18.3667099],[109.2257304,18.3666397],[109.2249909,18.3664935],[109.2211951,18.3661133],[109.2164133,18.3660549],[109.2152918,18.3661075],[109.2139423,18.3660022],[109.2126544,18.3662829],[109.2121306,18.3665052],[109.2117917,18.3667683],[109.2106517,18.3679438],[109.2097706,18.3687567],[109.2094255,18.3689556],[109.2066189,18.3688935],[109.203516,18.368821],[109.2022329,18.3688039],[109.2021542,18.368862],[109.2020803,18.3690023],[109.2020987,18.3694702],[109.2021542,18.3700082],[109.202148,18.3702831],[109.2021089,18.3704322],[109.2019324,18.3705462],[109.2015257,18.3705111],[109.2009957,18.3705462],[109.2006445,18.3703123],[109.2000961,18.3699907],[109.1998003,18.3699848],[109.1994552,18.3701603],[109.1991286,18.3702421],[109.1987404,18.370634],[109.1982166,18.3709673],[109.1976559,18.3714644],[109.1973663,18.3719205],[109.1972999,18.3720751],[109.1972307,18.3722363],[109.1971444,18.3723416],[109.1959107,18.372559],[109.195684,18.3725989],[109.1951726,18.3728504],[109.1945995,18.3733299],[109.194403,18.3734745],[109.1936936,18.3739966],[109.1931514,18.3744585],[109.1929854,18.3749048],[109.1928926,18.3751544],[109.1927693,18.3766047],[109.1924427,18.3768796],[109.1922209,18.3769439],[109.1918204,18.3766632],[109.1897006,18.3756281],[109.1893811,18.3754163]]}},{"type":"Feature","id":"865030577","properties":{"osm_id":"865030577","name":"","highway":"tertiary","waterway":null,"natural":null,"landuse":null,"provenance":"OpenStreetMap / ODbL 1.0"},"geometry":{"type":"LineString","coordinates":[[109.1839608,18.3705147],[109.1826235,18.3690385],[109.1813656,18.3675341],[109.181233,18.3673658],[109.1810038,18.3671848],[109.1805625,18.3668364],[109.1800702,18.3666027],[109.1798651,18.3665054],[109.1788673,18.3663374],[109.1788647,18.3653315],[109.1788626,18.3644972],[109.1788605,18.3622873],[109.178857,18.3620412],[109.17885,18.3617485],[109.1788419,18.3616652],[109.1788185,18.3614226],[109.1787554,18.3612164],[109.1783176,18.3599179],[109.1782783,18.3598012],[109.1781066,18.3594187],[109.1779454,18.3590529],[109.1777947,18.3587702],[109.177637,18.3585108],[109.1770553,18.3577192],[109.1767902,18.3573971],[109.1765672,18.3570419],[109.1764533,18.3567734],[109.1765163,18.3565271],[109.1764709,18.3563806],[109.1760766,18.3557451],[109.1756082,18.3551496],[109.1753184,18.3549536],[109.1751449,18.3547678],[109.1748922,18.3545679],[109.1746147,18.3543868],[109.1731791,18.3538436],[109.1729881,18.3537621],[109.1721962,18.3532599],[109.1707052,18.3525897],[109.1704774,18.3525132],[109.1702777,18.352465],[109.1700587,18.3524268],[109.1699229,18.3523604],[109.1698279,18.3523235]]}},{"type":"Feature","id":"865030578","properties":{"osm_id":"865030578","name":"","highway":"tertiary","waterway":null,"natural":null,"landuse":null,"provenance":"OpenStreetMap / ODbL 1.0"},"geometry":{"type":"LineString","coordinates":[[109.1842854,18.3709143],[109.1839608,18.3705147]]}},{"type":"Feature","id":"865030579","properties":{"osm_id":"865030579","name":"","highway":"tertiary","waterway":null,"natural":null,"landuse":null,"provenance":"OpenStreetMap / ODbL 1.0"},"geometry":{"type":"LineString","coordinates":[[109.1897228,18.379185],[109.1897594,18.376196],[109.1896362,18.3757921],[109.1893811,18.3754163],[109.1871183,18.3743001],[109.1856251,18.3732935],[109.1848889,18.3724876],[109.1847871,18.3722243],[109.1846932,18.3718923],[109.1846165,18.3715547],[109.1844909,18.3712351],[109.1842854,18.3709143]]}},{"type":"Feature","id":"865030580","properties":{"osm_id":"865030580","name":"","highway":"tertiary","waterway":null,"natural":null,"landuse":null,"provenance":"OpenStreetMap / ODbL 1.0"},"geometry":{"type":"LineString","coordinates":[[109.1897184,18.3793862],[109.1897228,18.379185]]}},{"type":"Feature","id":"865030581","properties":{"osm_id":"865030581","name":"","highway":"tertiary","waterway":null,"natural":null,"landuse":null,"provenance":"OpenStreetMap / ODbL 1.0"},"geometry":{"type":"LineString","coordinates":[[109.2164718,18.4153493],[109.2164042,18.4153465],[109.216159,18.4152812],[109.2138541,18.4136686],[109.2124057,18.4119482],[109.2121267,18.4112662],[109.2113972,18.4091895],[109.2107963,18.4078763],[109.2088437,18.4055451],[109.2078888,18.4047307],[109.2039084,18.4019312],[109.202739,18.4012796],[109.2020202,18.4007299],[109.2009902,18.3994472],[109.2005498,18.3988743],[109.1990177,18.3970109],[109.1978428,18.3955603],[109.1964543,18.3935656],[109.1958873,18.3922777],[109.1953044,18.3913593],[109.1941774,18.3891749],[109.1913699,18.383587],[109.1910768,18.3831629],[109.1903237,18.3823371],[109.190193,18.3821248],[109.1897328,18.3801193],[109.1897184,18.3793862]]}},{"type":"Feature","id":"866250462","properties":{"osm_id":"866250462","name":"","highway":null,"waterway":"river","natural":null,"landuse":null,"provenance":"OpenStreetMap / ODbL 1.0"},"geometry":{"type":"LineString","coordinates":[[109.1762494,18.3871805],[109.1760348,18.3870624],[109.1758675,18.3868262],[109.1754726,18.3866104],[109.175022,18.386142],[109.1746744,18.3861583],[109.1736745,18.3858895],[109.1733741,18.3855678],[109.1731509,18.3850954],[109.1728849,18.3850221],[109.1725759,18.3850424],[109.1724557,18.3849162],[109.172224,18.3846922],[109.172078,18.3846678],[109.1716403,18.384904],[109.1714171,18.3849895],[109.1713056,18.3848795],[109.1711554,18.3846352],[109.1699709,18.384004],[109.1696061,18.3838126],[109.169383,18.3838614],[109.1690868,18.3839103],[109.1688594,18.3837596],[109.1686319,18.3833035],[109.1684345,18.3831691],[109.1667909,18.3830551],[109.1653918,18.3828922],[109.1651858,18.3828881],[109.1646537,18.3831528],[109.1636237,18.3842483],[109.1626238,18.3854945],[109.1619886,18.3858814],[109.1601605,18.3860565],[109.1594137,18.3856574],[109.1579546,18.3847574],[109.1573459,18.3846859],[109.1567623,18.3843098],[109.1566886,18.3839917],[109.1566068,18.383661],[109.1568356,18.3834588],[109.1569469,18.3832261],[109.1568679,18.3829923],[109.1566414,18.3828905],[109.1563496,18.3828569],[109.1562723,18.3831796],[109.1563059,18.3834311],[109.1562993,18.3836585],[109.1561006,18.3836612],[109.1560073,18.3834826],[109.1559587,18.3830148],[109.1554329,18.3829132],[109.1550239,18.38302],[109.1548665,18.3834271],[109.1546713,18.3834196],[109.1544228,18.3832053],[109.1544205,18.3827929],[109.15454,18.3825582],[109.1547746,18.382322],[109.1543411,18.3821387],[109.1539935,18.3822976],[109.1532983,18.3833564],[109.1532983,18.3838696],[109.1532597,18.3840773],[109.1528606,18.3841058],[109.1526202,18.384285],[109.1524657,18.3848795],[109.1523957,18.385916],[109.1515292,18.3862522],[109.1503715,18.3863619],[109.1497406,18.3861339],[109.1474852,18.3849352],[109.1467118,18.3842616],[109.1462816,18.3842565],[109.1456293,18.3844845],[109.1448248,18.385469],[109.1436914,18.3865816],[109.1424922,18.3870583],[109.140929,18.3869574],[109.1394477,18.3864791],[109.1387371,18.3859791],[109.1370677,18.3853479],[109.1363768,18.385018],[109.1358832,18.3851076],[109.1348318,18.3849814],[109.1342997,18.384737],[109.1335401,18.3839469],[109.1326088,18.3834745],[109.1325144,18.3832831],[109.1325015,18.382941],[109.1323213,18.38277],[109.1307763,18.3824645],[109.1301927,18.3824075],[109.1293902,18.3826315],[109.1287593,18.3826722],[109.1279396,18.3825623],[109.1270813,18.3826112],[109.12715,18.3828107],[109.1266178,18.3828799],[109.1260041,18.3829818],[109.1256951,18.3833931],[109.1254334,18.3839551],[109.1252274,18.3840895],[109.1248282,18.3842117],[109.1248411,18.3843461],[109.1249184,18.3844764],[109.1249055,18.3845741],[109.1241759,18.3844764],[109.1238712,18.3842239],[109.1237339,18.3838981],[109.1235966,18.3833849],[109.1233949,18.3831365],[109.1231288,18.3830999],[109.1230687,18.3832628],[109.1229357,18.3832343],[109.1227554,18.3828881],[109.1226009,18.382432],[109.1226567,18.3821306],[109.1228241,18.3819025],[109.1228713,18.3817437],[109.1227254,18.3816297],[109.1225967,18.3815727],[109.1226653,18.3812183],[109.1231331,18.3806523],[109.1233005,18.3804527],[109.1231889,18.3801839],[109.1232575,18.3782901],[109.1233734,18.3773575],[109.1232747,18.3764411],[109.1233264,18.3761094]]}},{"type":"Feature","id":"866250463","properties":{"osm_id":"866250463","name":"","highway":"secondary","waterway":null,"natural":null,"landuse":null,"provenance":"OpenStreetMap / ODbL 1.0"},"geometry":{"type":"LineString","coordinates":[[109.1618614,18.3811998],[109.1618649,18.3817001],[109.1617951,18.38202],[109.1616955,18.3824762],[109.161654,18.3826966],[109.1618082,18.3857534]]}},{"type":"Feature","id":"866250464","properties":{"osm_id":"866250464","name":"","highway":"secondary","waterway":null,"natural":null,"landuse":null,"provenance":"OpenStreetMap / ODbL 1.0"},"geometry":{"type":"LineString","coordinates":[[109.1618082,18.3857534],[109.1618136,18.3859782]]}},{"type":"Feature","id":"866250465","properties":{"osm_id":"866250465","name":"","highway":"tertiary","waterway":null,"natural":null,"landuse":null,"provenance":"OpenStreetMap / ODbL 1.0"},"geometry":{"type":"LineString","coordinates":[[109.1676299,18.3830272],[109.1672736,18.382019],[109.1669457,18.3812031],[109.1667923,18.3807885],[109.1665919,18.3801859],[109.1665287,18.3799437]]}},{"type":"Feature","id":"866250466","properties":{"osm_id":"866250466","name":"","highway":"tertiary","waterway":null,"natural":null,"landuse":null,"provenance":"OpenStreetMap / ODbL 1.0"},"geometry":{"type":"LineString","coordinates":[[109.1676612,18.3831514],[109.1676299,18.3830272]]}},{"type":"Feature","id":"866250468","properties":{"osm_id":"866250468","name":"","highway":"service","waterway":null,"natural":null,"landuse":null,"provenance":"OpenStreetMap / ODbL 1.0"},"geometry":{"type":"LineString","coordinates":[[109.1544594,18.3819958],[109.1543978,18.3823428]]}},{"type":"Feature","id":"1035768954","properties":{"osm_id":"1035768954","name":"","highway":"service","waterway":null,"natural":null,"landuse":null,"provenance":"OpenStreetMap / ODbL 1.0"},"geometry":{"type":"LineString","coordinates":[[109.1549082,18.3766966],[109.1549177,18.3765971],[109.154929,18.3764782],[109.1549237,18.3764576],[109.1549119,18.376439],[109.154894,18.3764267],[109.1548715,18.3764188],[109.1543752,18.3763882],[109.1543523,18.376389],[109.1543289,18.3763966],[109.1543132,18.3764104],[109.154305,18.3764296],[109.1542959,18.376555],[109.1542894,18.3766458],[109.1542943,18.3766711],[109.154306,18.3766908],[109.1543239,18.3767042],[109.1543468,18.3767146],[109.1548279,18.376753],[109.1548565,18.3767494],[109.1548794,18.3767365],[109.1548976,18.3767191],[109.1549082,18.3766966]]}},{"type":"Feature","id":"1035768955","properties":{"osm_id":"1035768955","name":"","highway":"service","waterway":null,"natural":null,"landuse":null,"provenance":"OpenStreetMap / ODbL 1.0"},"geometry":{"type":"LineString","coordinates":[[109.1542959,18.376555],[109.1549177,18.3765971],[109.1550492,18.376605]]}},{"type":"Feature","id":"1035768956","properties":{"osm_id":"1035768956","name":"","highway":"service","waterway":null,"natural":null,"landuse":null,"provenance":"OpenStreetMap / ODbL 1.0"},"geometry":{"type":"LineString","coordinates":[[109.1550332,18.3767528],[109.1550423,18.3770479],[109.1550359,18.3771291],[109.155022,18.3773057],[109.1550079,18.3774845],[109.1549941,18.3776598],[109.1549801,18.3778373],[109.1549709,18.377954]]}},{"type":"Feature","id":"1035768957","properties":{"osm_id":"1035768957","name":"","highway":"service","waterway":null,"natural":null,"landuse":null,"provenance":"OpenStreetMap / ODbL 1.0"},"geometry":{"type":"LineString","coordinates":[[109.1546578,18.3782767],[109.1547097,18.3779535],[109.1547454,18.3779365],[109.1549709,18.377954],[109.1553623,18.3779883],[109.1555876,18.3780511],[109.1564129,18.3781198]]}},{"type":"Feature","id":"1035768958","properties":{"osm_id":"1035768958","name":"","highway":"service","waterway":null,"natural":null,"landuse":null,"provenance":"OpenStreetMap / ODbL 1.0"},"geometry":{"type":"LineString","coordinates":[[109.1549801,18.3778373],[109.1545678,18.3778072],[109.1544434,18.3777982],[109.1544061,18.3777724],[109.1543877,18.3777316],[109.1544339,18.377167],[109.1544529,18.377119],[109.1545015,18.3770908],[109.1546299,18.3771],[109.1550359,18.3771291]]}},{"type":"Feature","id":"1035768959","properties":{"osm_id":"1035768959","name":"","highway":"service","waterway":null,"natural":null,"landuse":null,"provenance":"OpenStreetMap / ODbL 1.0"},"geometry":{"type":"LineString","coordinates":[[109.1545678,18.3778072],[109.1545836,18.377627],[109.1545993,18.3774483],[109.1546146,18.3772744],[109.1546299,18.3771],[109.1546476,18.3768509]]}},{"type":"Feature","id":"1035768960","properties":{"osm_id":"1035768960","name":"","highway":"service","waterway":null,"natural":null,"landuse":null,"provenance":"OpenStreetMap / ODbL 1.0"},"geometry":{"type":"LineString","coordinates":[[109.1549941,18.3776598],[109.1545836,18.377627]]}},{"type":"Feature","id":"1035768961","properties":{"osm_id":"1035768961","name":"","highway":"service","waterway":null,"natural":null,"landuse":null,"provenance":"OpenStreetMap / ODbL 1.0"},"geometry":{"type":"LineString","coordinates":[[109.1550079,18.3774845],[109.1545993,18.3774483]]}},{"type":"Feature","id":"1035768962","properties":{"osm_id":"1035768962","name":"","highway":"service","waterway":null,"natural":null,"landuse":null,"provenance":"OpenStreetMap / ODbL 1.0"},"geometry":{"type":"LineString","coordinates":[[109.155022,18.3773057],[109.1546146,18.3772744]]}},{"type":"Feature","id":"1035768966","properties":{"osm_id":"1035768966","name":"","highway":"service","waterway":null,"natural":null,"landuse":null,"provenance":"OpenStreetMap / ODbL 1.0"},"geometry":{"type":"LineString","coordinates":[[109.1529969,18.3773948],[109.152811,18.3773795],[109.1518211,18.377298],[109.1517621,18.3772683],[109.1517246,18.3772165],[109.1517058,18.3771622],[109.1516995,18.3771062],[109.1517514,18.376581],[109.1517993,18.3764703]]}},{"type":"Feature","id":"1035768967","properties":{"osm_id":"1035768967","name":"","highway":"service","waterway":null,"natural":null,"landuse":null,"provenance":"OpenStreetMap / ODbL 1.0"},"geometry":{"type":"LineString","coordinates":[[109.152811,18.3773795],[109.1527742,18.3778461],[109.1527563,18.3778927],[109.1527161,18.3779479],[109.1526669,18.3779997],[109.1526294,18.3780192],[109.1525757,18.3780285],[109.1517165,18.3779606],[109.1516647,18.3779394],[109.1516244,18.3779097],[109.1515967,18.3778681],[109.1515922,18.3778104],[109.151662,18.3771546],[109.1516995,18.3771062]]}},{"type":"Feature","id":"1083148489","properties":{"osm_id":"1083148489","name":"","highway":"construction","waterway":null,"natural":null,"landuse":null,"provenance":"OpenStreetMap / ODbL 1.0"},"geometry":{"type":"LineString","coordinates":[[109.150433,18.3751631],[109.1509015,18.3723284],[109.15102,18.3712209]]}},{"type":"Feature","id":"1083148490","properties":{"osm_id":"1083148490","name":"","highway":"tertiary","waterway":null,"natural":null,"landuse":null,"provenance":"OpenStreetMap / ODbL 1.0"},"geometry":{"type":"LineString","coordinates":[[109.1730862,18.3706495],[109.1741484,18.3672162]]}},{"type":"Feature","id":"1113419994","properties":{"osm_id":"1113419994","name":"","highway":"unclassified","waterway":null,"natural":null,"landuse":null,"provenance":"OpenStreetMap / ODbL 1.0"},"geometry":{"type":"LineString","coordinates":[[109.1884387,18.3583699],[109.1888468,18.3594212],[109.1890864,18.3603802],[109.1898054,18.3627163],[109.1900621,18.3630506],[109.1901358,18.3631467],[109.1913924,18.3640135],[109.19193,18.3641672],[109.1924093,18.3642102],[109.1942295,18.3641856],[109.1956175,18.364168],[109.1971443,18.3641487],[109.1987767,18.3641426],[109.2000203,18.3641426],[109.2008559,18.3641487],[109.2011021,18.3642348],[109.2014583,18.3642348],[109.2016526,18.3642409],[109.2020218,18.3644438],[109.2024429,18.3646528],[109.2022809,18.3653229],[109.2022226,18.3656426],[109.2022329,18.3688039]]}},{"type":"Feature","id":"1113419998","properties":{"osm_id":"1113419998","name":"","highway":"unclassified","waterway":null,"natural":null,"landuse":null,"provenance":"OpenStreetMap / ODbL 1.0"},"geometry":{"type":"LineString","coordinates":[[109.1986924,18.3589109],[109.1987637,18.360454],[109.1987702,18.3620032],[109.1987767,18.3641426],[109.1977856,18.3661958],[109.1971365,18.366239],[109.195661,18.3663372]]}},{"type":"Feature","id":"1113419999","properties":{"osm_id":"1113419999","name":"","highway":"unclassified","waterway":null,"natural":null,"landuse":null,"provenance":"OpenStreetMap / ODbL 1.0"},"geometry":{"type":"LineString","coordinates":[[109.1971365,18.366239],[109.1971443,18.3641487],[109.1971184,18.3620155],[109.1971379,18.3604478]]}},{"type":"Feature","id":"1113422429","properties":{"osm_id":"1113422429","name":"","highway":null,"waterway":null,"natural":null,"landuse":"residential","provenance":"OpenStreetMap / ODbL 1.0"},"geometry":{"type":"Polygon","coordinates":[[[109.2008571,18.3862472],[109.2005138,18.3848211],[109.2022368,18.3854665],[109.2016797,18.3862349],[109.2008571,18.3862472]]]}},{"type":"Feature","id":"1113422433","properties":{"osm_id":"1113422433","name":"","highway":"unclassified","waterway":null,"natural":null,"landuse":null,"provenance":"OpenStreetMap / ODbL 1.0"},"geometry":{"type":"LineString","coordinates":[[109.1903237,18.3823371],[109.1903313,18.3831061],[109.1898066,18.3833213],[109.1894503,18.3833274],[109.1887508,18.3834627],[109.1883038,18.3834319],[109.1878958,18.383604],[109.1875848,18.3835979],[109.1869889,18.3837946],[109.1869112,18.3840159],[109.1870407,18.3844953],[109.1875006,18.385067],[109.1882715,18.3860013],[109.1890293,18.3871446],[109.189405,18.3879314],[109.1887896,18.3886751],[109.1883621,18.3895541],[109.1897159,18.391521],[109.191264,18.3935555],[109.1927992,18.3958174],[109.1937967,18.3967517],[109.1950598,18.3977781],[109.1976767,18.4001506],[109.1999302,18.3989311],[109.2001187,18.3988292],[109.2005498,18.3988743]]}},{"type":"Feature","id":"1113422435","properties":{"osm_id":"1113422435","name":"","highway":null,"waterway":null,"natural":null,"landuse":"residential","provenance":"OpenStreetMap / ODbL 1.0"},"geometry":{"type":"Polygon","coordinates":[[[109.1964265,18.394416],[109.1957723,18.3925045],[109.1969771,18.3926151],[109.1976378,18.3940104],[109.1964265,18.394416]]]}},{"type":"Feature","id":"1113422436","properties":{"osm_id":"1113422436","name":"","highway":null,"waterway":null,"natural":null,"landuse":"residential","provenance":"OpenStreetMap / ODbL 1.0"},"geometry":{"type":"Polygon","coordinates":[[[109.1937514,18.3808564],[109.193,18.3802909],[109.1923911,18.3796884],[109.1927797,18.3794118],[109.1935182,18.3796208],[109.1940623,18.3800573],[109.1941011,18.3802171],[109.1937514,18.3808564]]]}},{"type":"Feature","id":"1113422437","properties":{"osm_id":"1113422437","name":"","highway":null,"waterway":null,"natural":null,"landuse":"residential","provenance":"OpenStreetMap / ODbL 1.0"},"geometry":{"type":"Polygon","coordinates":[[[109.191073,18.378423],[109.1901751,18.377391],[109.1898405,18.3769412],[109.1905543,18.3769517],[109.1907105,18.376703],[109.1913797,18.3767453],[109.191402,18.376957],[109.1922051,18.3770311],[109.1921102,18.3774598],[109.1915247,18.3778197],[109.191073,18.378423]]]}},{"type":"Feature","id":"1113525145","properties":{"osm_id":"1113525145","name":"","highway":"unclassified","waterway":null,"natural":null,"landuse":null,"provenance":"OpenStreetMap / ODbL 1.0"},"geometry":{"type":"LineString","coordinates":[[109.153367,18.3556453],[109.1535755,18.3576452],[109.1537575,18.3588088],[109.1541056,18.3607268],[109.1546627,18.3638045],[109.1548418,18.3647561],[109.1549532,18.3654914]]}},{"type":"Feature","id":"1113525146","properties":{"osm_id":"1113525146","name":"","highway":"unclassified","waterway":null,"natural":null,"landuse":null,"provenance":"OpenStreetMap / ODbL 1.0"},"geometry":{"type":"LineString","coordinates":[[109.1515474,18.3654188],[109.1522546,18.3652064],[109.153678,18.364926],[109.1548418,18.3647561],[109.1562115,18.3646966],[109.1567217,18.3646031],[109.1571156,18.3644927],[109.1575901,18.3642378],[109.1586196,18.3637365],[109.1592283,18.3634307],[109.1595327,18.3634307],[109.1604637,18.3635581],[109.1613183,18.3637987],[109.1613882,18.3638042],[109.1616096,18.3638215],[109.1636596,18.3630144],[109.1649845,18.3621223]]}},{"type":"Feature","id":"1113525147","properties":{"osm_id":"1113525147","name":"","highway":"footway","waterway":null,"natural":null,"landuse":null,"provenance":"OpenStreetMap / ODbL 1.0"},"geometry":{"type":"LineString","coordinates":[[109.1654231,18.3650704],[109.1649934,18.3673644]]}},{"type":"Feature","id":"1113525149","properties":{"osm_id":"1113525149","name":"","highway":"tertiary","waterway":null,"natural":null,"landuse":null,"provenance":"OpenStreetMap / ODbL 1.0"},"geometry":{"type":"LineString","coordinates":[[109.172902,18.372204],[109.1729115,18.3715737],[109.1729796,18.3710549],[109.1730862,18.3706495]]}},{"type":"Feature","id":"1113525150","properties":{"osm_id":"1113525150","name":"","highway":"tertiary","waterway":null,"natural":null,"landuse":null,"provenance":"OpenStreetMap / ODbL 1.0"},"geometry":{"type":"LineString","coordinates":[[109.1741484,18.3672162],[109.1743608,18.3669558]]}},{"type":"Feature","id":"1113525151","properties":{"osm_id":"1113525151","name":"","highway":"tertiary","waterway":null,"natural":null,"landuse":null,"provenance":"OpenStreetMap / ODbL 1.0"},"geometry":{"type":"LineString","coordinates":[[109.1742323,18.3672561],[109.1731624,18.3706821]]}},{"type":"Feature","id":"1113525152","properties":{"osm_id":"1113525152","name":"","highway":"tertiary","waterway":null,"natural":null,"landuse":null,"provenance":"OpenStreetMap / ODbL 1.0"},"geometry":{"type":"LineString","coordinates":[[109.1743608,18.3669558],[109.1742323,18.3672561]]}},{"type":"Feature","id":"1113525153","properties":{"osm_id":"1113525153","name":"","highway":"unclassified","waterway":null,"natural":null,"landuse":null,"provenance":"OpenStreetMap / ODbL 1.0"},"geometry":{"type":"LineString","coordinates":[[109.1799043,18.3861438],[109.179838,18.3860179],[109.1787696,18.3850356],[109.1781592,18.3841792],[109.177416,18.3826994],[109.1772766,18.3813708],[109.1774359,18.380231],[109.1775354,18.3799791],[109.1783383,18.3784552],[109.1785706,18.3772714],[109.1785042,18.3769691],[109.178471,18.3757789],[109.1787497,18.3740787],[109.1790682,18.3739968],[109.1790616,18.3733293],[109.1783848,18.3719817],[109.1776358,18.3706039],[109.1765799,18.3697993],[109.1760481,18.3691629],[109.1756088,18.3688557],[109.1750924,18.3684973],[109.1740519,18.3681462],[109.1737051,18.3679999],[109.1729112,18.367583],[109.1701597,18.3664492],[109.1677737,18.3654642],[109.1668996,18.3651033]]}},{"type":"Feature","id":"1113525154","properties":{"osm_id":"1113525154","name":"","highway":"residential","waterway":null,"natural":null,"landuse":null,"provenance":"OpenStreetMap / ODbL 1.0"},"geometry":{"type":"LineString","coordinates":[[109.1645589,18.3636387],[109.1657981,18.3637808],[109.1659706,18.3639508],[109.1676627,18.3648073],[109.1677556,18.3650592],[109.1678873,18.3651118],[109.1681338,18.3652103],[109.1687642,18.3654748],[109.1691689,18.3655252],[109.1693813,18.3655819],[109.1700714,18.3657897],[109.1709207,18.3658464],[109.1711065,18.3658338],[109.1713321,18.3656953],[109.1715644,18.3656449],[109.1717767,18.3655126],[109.1721616,18.3654874],[109.1726592,18.3656197],[109.1734489,18.3657267],[109.1737873,18.3658023],[109.1740262,18.3658968],[109.1748357,18.365966],[109.1754064,18.3660101],[109.175559,18.3660479],[109.175851,18.3661739]]}},{"type":"Feature","id":"1113525156","properties":{"osm_id":"1113525156","name":"","highway":"residential","waterway":null,"natural":null,"landuse":null,"provenance":"OpenStreetMap / ODbL 1.0"},"geometry":{"type":"LineString","coordinates":[[109.1676627,18.3648073],[109.1680343,18.3650088],[109.16824,18.3650844],[109.1686845,18.3651663],[109.1696069,18.3652166]]}},{"type":"Feature","id":"1113525159","properties":{"osm_id":"1113525159","name":"","highway":"residential","waterway":null,"natural":null,"landuse":null,"provenance":"OpenStreetMap / ODbL 1.0"},"geometry":{"type":"LineString","coordinates":[[109.1678873,18.3651118],[109.1677737,18.3654642]]}},{"type":"Feature","id":"1113525160","properties":{"osm_id":"1113525160","name":"","highway":"residential","waterway":null,"natural":null,"landuse":null,"provenance":"OpenStreetMap / ODbL 1.0"},"geometry":{"type":"LineString","coordinates":[[109.1743608,18.3669558],[109.1744438,18.3668667],[109.1745902,18.3667532],[109.1748755,18.3666714],[109.1752737,18.3665706],[109.1755855,18.3663754],[109.175851,18.3661739],[109.1763221,18.3661739],[109.1766207,18.3662494],[109.1771515,18.366262],[109.1781601,18.3663817],[109.1783327,18.3664573],[109.178691,18.3663754],[109.1788673,18.3663374]]}},{"type":"Feature","id":"1113525161","properties":{"osm_id":"1113525161","name":"","highway":"unclassified","waterway":null,"natural":null,"landuse":null,"provenance":"OpenStreetMap / ODbL 1.0"},"geometry":{"type":"LineString","coordinates":[[109.1737051,18.3679999],[109.1737807,18.3679246],[109.1740195,18.3671437],[109.1741987,18.3669485],[109.1744438,18.3668667]]}},{"type":"Feature","id":"1113525162","properties":{"osm_id":"1113525162","name":"","highway":null,"waterway":null,"natural":null,"landuse":"commercial","provenance":"OpenStreetMap / ODbL 1.0"},"geometry":{"type":"Polygon","coordinates":[[[109.1774169,18.3663754],[109.1770454,18.3671437],[109.1749021,18.3667658],[109.173502,18.3662243],[109.1729512,18.3664699],[109.1722014,18.3660164],[109.1722412,18.3652607],[109.1729778,18.3650907],[109.1730906,18.3646876],[109.1774169,18.3663754]]]}},{"type":"Feature","id":"1113525164","properties":{"osm_id":"1113525164","name":"","highway":null,"waterway":"stream","natural":null,"landuse":null,"provenance":"OpenStreetMap / ODbL 1.0"},"geometry":{"type":"LineString","coordinates":[[109.1838817,18.3730332],[109.183459,18.3726971],[109.1829105,18.3723935],[109.1820422,18.3716887],[109.1819736,18.3713308],[109.1818137,18.3710435],[109.1816251,18.369932],[109.1816251,18.3694983],[109.1813909,18.3690049],[109.1809853,18.3684952],[109.1806768,18.3683272],[109.1802883,18.3681754],[109.1794657,18.367541],[109.1792257,18.3670801],[109.1787459,18.3666843],[109.1785116,18.3665217],[109.1782552,18.3662776],[109.1779453,18.3659648],[109.1776453,18.3654047],[109.1774338,18.365358],[109.1773403,18.3651339],[109.1774289,18.3648119],[109.1772321,18.3642797],[109.1771583,18.3638736],[109.177055,18.3636075],[109.1767108,18.3634581],[109.1761648,18.3634815],[109.1758514,18.363385],[109.1755593,18.3632243],[109.1754237,18.3630193],[109.1752755,18.3627339],[109.175284,18.3624084],[109.1753094,18.3621592],[109.1752162,18.3617413],[109.1750934,18.3614881],[109.1747547,18.3611464],[109.1745684,18.3609214],[109.174454,18.3607486],[109.1744286,18.3605717],[109.1744456,18.3603266],[109.1745684,18.3599689],[109.1747293,18.3594745],[109.1749325,18.3589802],[109.1752882,18.3583492],[109.175754,18.3577383],[109.1764019,18.3570068],[109.1768339,18.3567898]]}},{"type":"Feature","id":"1113525179","properties":{"osm_id":"1113525179","name":"","highway":"unclassified","waterway":null,"natural":null,"landuse":null,"provenance":"OpenStreetMap / ODbL 1.0"},"geometry":{"type":"LineString","coordinates":[[109.1898054,18.3627163],[109.189624,18.3627925],[109.1879916,18.364008],[109.1878788,18.3642095],[109.1874807,18.3659539],[109.1872352,18.3665018],[109.1871953,18.3675724],[109.1870759,18.3676417],[109.1869565,18.3676858],[109.1865451,18.3676291],[109.185401,18.3675752]]}},{"type":"Feature","id":"1113525180","properties":{"osm_id":"1113525180","name":"","highway":"unclassified","waterway":null,"natural":null,"landuse":null,"provenance":"OpenStreetMap / ODbL 1.0"},"geometry":{"type":"LineString","coordinates":[[109.1847866,18.3675409],[109.1839041,18.367648],[109.1835591,18.3676417],[109.182796,18.3676291],[109.1820594,18.3675472],[109.1813656,18.3675341]]}},{"type":"Feature","id":"1113525181","properties":{"osm_id":"1113525181","name":"","highway":"unclassified","waterway":null,"natural":null,"landuse":null,"provenance":"OpenStreetMap / ODbL 1.0"},"geometry":{"type":"LineString","coordinates":[[109.185401,18.3675752],[109.1847866,18.3675409]]}},{"type":"Feature","id":"1113525182","properties":{"osm_id":"1113525182","name":"","highway":"unclassified","waterway":null,"natural":null,"landuse":null,"provenance":"OpenStreetMap / ODbL 1.0"},"geometry":{"type":"LineString","coordinates":[[109.1869565,18.3676858],[109.1870626,18.3677613],[109.1874342,18.3678369],[109.1912364,18.3680699],[109.1915748,18.3681014],[109.1931408,18.3682777]]}},{"type":"Feature","id":"1113525184","properties":{"osm_id":"1113525184","name":"","highway":"service","waterway":null,"natural":null,"landuse":null,"provenance":"OpenStreetMap / ODbL 1.0"},"geometry":{"type":"LineString","coordinates":[[109.1826235,18.3690385],[109.1825404,18.369137],[109.1824813,18.3698979]]}},{"type":"Feature","id":"1113525187","properties":{"osm_id":"1113525187","name":"","highway":"residential","waterway":null,"natural":null,"landuse":null,"provenance":"OpenStreetMap / ODbL 1.0"},"geometry":{"type":"LineString","coordinates":[[109.1788647,18.3653315],[109.1801034,18.3653315],[109.1811403,18.3653381],[109.1820808,18.3653441]]}},{"type":"Feature","id":"1113525189","properties":{"osm_id":"1113525189","name":"","highway":null,"waterway":null,"natural":null,"landuse":"residential","provenance":"OpenStreetMap / ODbL 1.0"},"geometry":{"type":"Polygon","coordinates":[[[109.1731427,18.3778948],[109.1733484,18.3762323],[109.1737531,18.3759049],[109.1744963,18.3756908],[109.1746821,18.3753003],[109.1749873,18.3750673],[109.1756575,18.3754767],[109.176195,18.3766039],[109.176122,18.3776177],[109.1756111,18.3776177],[109.1754983,18.3766165],[109.1745627,18.3765913],[109.174629,18.3776744],[109.1731427,18.3778948]]]}},{"type":"Feature","id":"1113525190","properties":{"osm_id":"1113525190","name":"","highway":null,"waterway":null,"natural":null,"landuse":"residential","provenance":"OpenStreetMap / ODbL 1.0"},"geometry":{"type":"Polygon","coordinates":[[[109.1931604,18.3749345],[109.1939087,18.3751947],[109.1955312,18.3751893],[109.1966795,18.3754496],[109.1970166,18.3750592],[109.1973993,18.3745821],[109.1973422,18.3740345],[109.1982448,18.3746417],[109.198759,18.3745008],[109.1992789,18.3739207],[109.1997359,18.3739152],[109.199873,18.3734978],[109.1993588,18.3729827],[109.1989646,18.371264],[109.199253,18.3703255],[109.1975954,18.3707222],[109.1968968,18.371949],[109.1967026,18.3721388],[109.1957199,18.3718731],[109.1950401,18.3722635],[109.1935947,18.3739334],[109.1931604,18.3749345]]]}},{"type":"Feature","id":"1113525192","properties":{"osm_id":"1113525192","name":"","highway":"residential","waterway":null,"natural":null,"landuse":null,"provenance":"OpenStreetMap / ODbL 1.0"},"geometry":{"type":"LineString","coordinates":[[109.1972999,18.3720751],[109.1974537,18.372351],[109.1978767,18.3733639],[109.1979308,18.373714],[109.1980041,18.3746978],[109.1979023,18.3747303],[109.1972567,18.3746978],[109.1969596,18.3749093],[109.1957371,18.3750014],[109.1950401,18.3749852],[109.1940575,18.3750828],[109.1934291,18.3749418],[109.1929854,18.3749048]]}},{"type":"Feature","id":"1113525193","properties":{"osm_id":"1113525193","name":"","highway":"residential","waterway":null,"natural":null,"landuse":null,"provenance":"OpenStreetMap / ODbL 1.0"},"geometry":{"type":"LineString","coordinates":[[109.1965483,18.3746761],[109.196554,18.3743346],[109.1966397,18.373993],[109.1966226,18.3738249],[109.1962627,18.3731689],[109.1959107,18.372559]]}},{"type":"Feature","id":"1113525194","properties":{"osm_id":"1113525194","name":"","highway":"residential","waterway":null,"natural":null,"landuse":null,"provenance":"OpenStreetMap / ODbL 1.0"},"geometry":{"type":"LineString","coordinates":[[109.194403,18.3734745],[109.1952699,18.3743675]]}},{"type":"Feature","id":"1113525195","properties":{"osm_id":"1113525195","name":"","highway":null,"waterway":null,"natural":null,"landuse":"residential","provenance":"OpenStreetMap / ODbL 1.0"},"geometry":{"type":"Polygon","coordinates":[[[109.1985259,18.3699844],[109.1982456,18.3696157],[109.1982505,18.3690742],[109.1996424,18.368416],[109.199908,18.3686214],[109.2000851,18.3689575],[109.199785,18.369443],[109.1985259,18.3699844]]]}},{"type":"Feature","id":"1113525196","properties":{"osm_id":"1113525196","name":"","highway":"residential","waterway":null,"natural":null,"landuse":null,"provenance":"OpenStreetMap / ODbL 1.0"},"geometry":{"type":"LineString","coordinates":[[109.1991286,18.3702421],[109.1991555,18.3698024],[109.1990522,18.3696297],[109.1988505,18.3694616],[109.1988407,18.3692702],[109.199244,18.3691722],[109.1994063,18.3690789],[109.1996916,18.3689202],[109.200213,18.3688128],[109.2009311,18.3687801],[109.2022329,18.3688039]]}},{"type":"Feature","id":"1113525197","properties":{"osm_id":"1113525197","name":"","highway":"residential","waterway":null,"natural":null,"landuse":null,"provenance":"OpenStreetMap / ODbL 1.0"},"geometry":{"type":"LineString","coordinates":[[109.199244,18.3691722],[109.1992981,18.3694756],[109.1991555,18.3698024]]}},{"type":"Feature","id":"1113525198","properties":{"osm_id":"1113525198","name":"","highway":"residential","waterway":null,"natural":null,"landuse":null,"provenance":"OpenStreetMap / ODbL 1.0"},"geometry":{"type":"LineString","coordinates":[[109.1980041,18.3746978],[109.198285,18.3745406],[109.198565,18.3739713],[109.1990391,18.3737653],[109.1995133,18.373646]]}},{"type":"Feature","id":"1113525200","properties":{"osm_id":"1113525200","name":"","highway":"residential","waterway":null,"natural":null,"landuse":null,"provenance":"OpenStreetMap / ODbL 1.0"},"geometry":{"type":"LineString","coordinates":[[109.1788419,18.3616652],[109.1791208,18.3616239],[109.1800688,18.363694],[109.1801034,18.3653315],[109.1800702,18.3666027]]}},{"type":"Feature","id":"1113525201","properties":{"osm_id":"1113525201","name":"","highway":"residential","waterway":null,"natural":null,"landuse":null,"provenance":"OpenStreetMap / ODbL 1.0"},"geometry":{"type":"LineString","coordinates":[[109.1800688,18.363694],[109.1811941,18.363694],[109.1811403,18.3653381],[109.1810038,18.3671848]]}},{"type":"Feature","id":"1113525206","properties":{"osm_id":"1113525206","name":"","highway":null,"waterway":null,"natural":null,"landuse":"residential","provenance":"OpenStreetMap / ODbL 1.0"},"geometry":{"type":"Polygon","coordinates":[[[109.1682921,18.3650033],[109.1688162,18.364089],[109.1699954,18.3643084],[109.1699569,18.3656616],[109.1687931,18.3653983],[109.1682921,18.3650033]]]}},{"type":"Feature","id":"1113525207","properties":{"osm_id":"1113525207","name":"","highway":"tertiary","waterway":null,"natural":null,"landuse":null,"provenance":"OpenStreetMap / ODbL 1.0"},"geometry":{"type":"LineString","coordinates":[[109.1731624,18.3706821],[109.1730421,18.371107],[109.1730074,18.3714545],[109.1730064,18.3716446],[109.1729856,18.3722776]]}},{"type":"Feature","id":"1113525208","properties":{"osm_id":"1113525208","name":"","highway":"tertiary_link","waterway":null,"natural":null,"landuse":null,"provenance":"OpenStreetMap / ODbL 1.0"},"geometry":{"type":"LineString","coordinates":[[109.1729115,18.3715737],[109.1728224,18.3714727],[109.1728648,18.3711765],[109.1728841,18.371001],[109.1729342,18.37084],[109.1729495,18.370749],[109.172965,18.3706572],[109.172853,18.3703349]]}},{"type":"Feature","id":"1113525209","properties":{"osm_id":"1113525209","name":"","highway":"tertiary_link","waterway":null,"natural":null,"landuse":null,"provenance":"OpenStreetMap / ODbL 1.0"},"geometry":{"type":"LineString","coordinates":[[109.1735426,18.3706504],[109.1733658,18.3707084],[109.1732463,18.3707962],[109.1731731,18.3710412],[109.173123,18.3714983],[109.1730064,18.3716446]]}},{"type":"Feature","id":"1113525212","properties":{"osm_id":"1113525212","name":"","highway":"residential","waterway":null,"natural":null,"landuse":null,"provenance":"OpenStreetMap / ODbL 1.0"},"geometry":{"type":"LineString","coordinates":[[109.1736436,18.3734501],[109.1734824,18.3731485],[109.173281,18.3730508],[109.1731602,18.3728851],[109.1729856,18.3722776],[109.172902,18.372204],[109.1727349,18.3720568],[109.172453,18.3718061],[109.1722247,18.3714748],[109.1718353,18.3714323],[109.1716383,18.3717976],[109.1707386,18.3719421],[109.1692706,18.3716078]]}},{"type":"Feature","id":"1113525213","properties":{"osm_id":"1113525213","name":"","highway":"residential","waterway":null,"natural":null,"landuse":null,"provenance":"OpenStreetMap / ODbL 1.0"},"geometry":{"type":"LineString","coordinates":[[109.1718353,18.3714323],[109.1720546,18.3712029],[109.1723276,18.3710075],[109.1725783,18.3708631],[109.1727931,18.3708079],[109.1729495,18.370749]]}},{"type":"Feature","id":"1113525215","properties":{"osm_id":"1113525215","name":"","highway":null,"waterway":null,"natural":"water","landuse":null,"provenance":"OpenStreetMap / ODbL 1.0"},"geometry":{"type":"Polygon","coordinates":[[[109.1734488,18.3691357],[109.1735336,18.3688318],[109.1740165,18.3690052],[109.1749155,18.3694632],[109.1764105,18.3705139],[109.1774893,18.371843],[109.1783787,18.3734504],[109.1785869,18.3740431],[109.1783693,18.3757583],[109.1783504,18.3770604],[109.1780949,18.3775902],[109.1781706,18.3784253],[109.1772149,18.3805894],[109.1759658,18.3832474],[109.1766093,18.3844597],[109.1772054,18.385654],[109.178303,18.3862466],[109.1793628,18.3862556],[109.1829964,18.3884465],[109.1846145,18.3899281],[109.1848984,18.3905477],[109.1863178,18.3915085],[109.1865165,18.392164],[109.1847565,18.3909697],[109.1833466,18.3898653],[109.1808863,18.3881053],[109.178691,18.3876204],[109.1771202,18.3868303],[109.1755778,18.3855462],[109.1750858,18.3844866],[109.1749155,18.3831846],[109.1750763,18.3819813],[109.1752561,18.3812001],[109.1755116,18.3807421],[109.1758049,18.3806792],[109.175928,18.3802213],[109.1756157,18.3799249],[109.1762308,18.3786498],[109.1765525,18.3774914],[109.1767512,18.3760007],[109.1763916,18.3744292],[109.1755211,18.3725344],[109.1744707,18.3708821],[109.1735434,18.3702984],[109.1720389,18.3696158],[109.1712522,18.3690854],[109.1720615,18.3689862],[109.1722426,18.3692987],[109.1734488,18.3691357]]]}},{"type":"Feature","id":"1113525221","properties":{"osm_id":"1113525221","name":"","highway":null,"waterway":"weir","natural":null,"landuse":null,"provenance":"OpenStreetMap / ODbL 1.0"},"geometry":{"type":"LineString","coordinates":[[109.1609977,18.3683527],[109.1606706,18.3673961],[109.160389,18.3665728]]}},{"type":"Feature","id":"1113525222","properties":{"osm_id":"1113525222","name":"","highway":null,"waterway":null,"natural":null,"landuse":"residential","provenance":"OpenStreetMap / ODbL 1.0"},"geometry":{"type":"Polygon","coordinates":[[[109.161906,18.3659697],[109.1617128,18.3656029],[109.1618396,18.3649267],[109.1645872,18.363746],[109.1659398,18.3633391],[109.1657888,18.3642848],[109.1653178,18.3641816],[109.1652514,18.3648006],[109.1637357,18.3652591],[109.1630292,18.3648693],[109.1626427,18.3652361],[109.1625642,18.365792],[109.1622381,18.3659869],[109.161906,18.3659697]]]}},{"type":"Feature","id":"1113525226","properties":{"osm_id":"1113525226","name":"","highway":null,"waterway":null,"natural":null,"landuse":"residential","provenance":"OpenStreetMap / ODbL 1.0"},"geometry":{"type":"Polygon","coordinates":[[[109.1574541,18.363814],[109.1593083,18.3632104],[109.1596144,18.3632776],[109.1610382,18.3634707],[109.1615362,18.3647421],[109.1613819,18.3654078],[109.1615011,18.3661134],[109.1602456,18.3663929],[109.1594881,18.3667324],[109.1578819,18.3671385],[109.1552096,18.368097],[109.1551465,18.3676843],[109.153386,18.3678774],[109.1532317,18.3684432],[109.1522638,18.3684698],[109.1519972,18.3678907],[109.1507628,18.3677908],[109.1501175,18.3677176],[109.1490865,18.3684631],[109.1484272,18.3685364],[109.1482588,18.3678441],[109.1476065,18.3680771],[109.1470244,18.3679173],[109.1470384,18.367225],[109.1466737,18.3670786],[109.1471015,18.3662398],[109.1481536,18.3645357],[109.1486586,18.3650217],[109.149886,18.3648153],[109.1502858,18.3637369],[109.1510854,18.3648619],[109.1518429,18.3651348],[109.1524602,18.3652746],[109.1520674,18.3660401],[109.1521375,18.366546],[109.1528038,18.3659736],[109.1537718,18.3658138],[109.1536736,18.3650683],[109.1544311,18.3634107],[109.1547958,18.3633841],[109.1553078,18.3636837],[109.1553499,18.3644292],[109.1565563,18.3644758],[109.1574821,18.3641696],[109.1574541,18.363814]]]}},{"type":"Feature","id":"1113525228","properties":{"osm_id":"1113525228","name":"","highway":"construction","waterway":null,"natural":null,"landuse":null,"provenance":"OpenStreetMap / ODbL 1.0"},"geometry":{"type":"LineString","coordinates":[[109.1511024,18.3686628],[109.1511417,18.3677583]]}},{"type":"Feature","id":"1113525229","properties":{"osm_id":"1113525229","name":"","highway":"construction","waterway":null,"natural":null,"landuse":null,"provenance":"OpenStreetMap / ODbL 1.0"},"geometry":{"type":"LineString","coordinates":[[109.15102,18.3712209],[109.1511024,18.3686628]]}},{"type":"Feature","id":"1113525230","properties":{"osm_id":"1113525230","name":"","highway":null,"waterway":null,"natural":null,"landuse":"industrial","provenance":"OpenStreetMap / ODbL 1.0"},"geometry":{"type":"Polygon","coordinates":[[[109.1550922,18.3778941],[109.1551767,18.3764442],[109.1595366,18.3767479],[109.1594702,18.3778597],[109.1591723,18.3778319],[109.156468,18.3776207],[109.1564321,18.3780356],[109.1550922,18.3778941]]]}},{"type":"Feature","id":"1113525231","properties":{"osm_id":"1113525231","name":"","highway":null,"waterway":null,"natural":null,"landuse":"industrial","provenance":"OpenStreetMap / ODbL 1.0"},"geometry":{"type":"Polygon","coordinates":[[[109.1563861,18.3785666],[109.1564321,18.3780356],[109.156468,18.3776207],[109.1591723,18.3778319],[109.1590904,18.3787773],[109.1563861,18.3785666]]]}},{"type":"Feature","id":"1113525233","properties":{"osm_id":"1113525233","name":"","highway":"unclassified","waterway":null,"natural":null,"landuse":null,"provenance":"OpenStreetMap / ODbL 1.0"},"geometry":{"type":"LineString","coordinates":[[109.146366,18.3717743],[109.1451681,18.376178]]}},{"type":"Feature","id":"1113525234","properties":{"osm_id":"1113525234","name":"","highway":"tertiary","waterway":null,"natural":null,"landuse":null,"provenance":"OpenStreetMap / ODbL 1.0"},"geometry":{"type":"LineString","coordinates":[[109.140445,18.3828519],[109.145193,18.3829606],[109.1488804,18.383045],[109.1520413,18.3831171],[109.1530747,18.3831407]]}},{"type":"Feature","id":"1113525235","properties":{"osm_id":"1113525235","name":"","highway":"tertiary","waterway":null,"natural":null,"landuse":null,"provenance":"OpenStreetMap / ODbL 1.0"},"geometry":{"type":"LineString","coordinates":[[109.1489646,18.380526],[109.1488804,18.383045],[109.1487892,18.3853039]]}},{"type":"Feature","id":"1113530425","properties":{"osm_id":"1113530425","name":"","highway":"service","waterway":null,"natural":null,"landuse":null,"provenance":"OpenStreetMap / ODbL 1.0"},"geometry":{"type":"LineString","coordinates":[[109.1548107,18.3816791],[109.1545409,18.3818733],[109.1544594,18.3819958]]}},{"type":"Feature","id":"1113530426","properties":{"osm_id":"1113530426","name":"","highway":"service","waterway":null,"natural":null,"landuse":null,"provenance":"OpenStreetMap / ODbL 1.0"},"geometry":{"type":"LineString","coordinates":[[109.1543978,18.3823428],[109.1543379,18.3826146]]}},{"type":"Feature","id":"1113530427","properties":{"osm_id":"1113530427","name":"","highway":"tertiary","waterway":null,"natural":null,"landuse":null,"provenance":"OpenStreetMap / ODbL 1.0"},"geometry":{"type":"LineString","coordinates":[[109.1520413,18.3831171],[109.1521526,18.3804273],[109.1521887,18.3791314]]}},{"type":"Feature","id":"1113530428","properties":{"osm_id":"1113530428","name":"","highway":"tertiary","waterway":null,"natural":null,"landuse":null,"provenance":"OpenStreetMap / ODbL 1.0"},"geometry":{"type":"LineString","coordinates":[[109.155869,18.3802744],[109.1557878,18.3803694],[109.1556645,18.3806543],[109.155052,18.3812773],[109.1548107,18.3816791],[109.1545789,18.3820921]]}},{"type":"Feature","id":"1113530429","properties":{"osm_id":"1113530429","name":"","highway":"tertiary","waterway":null,"natural":null,"landuse":null,"provenance":"OpenStreetMap / ODbL 1.0"},"geometry":{"type":"LineString","coordinates":[[109.1545789,18.3820921],[109.1544223,18.3824234]]}},{"type":"Feature","id":"1113530430","properties":{"osm_id":"1113530430","name":"","highway":"unclassified","waterway":null,"natural":null,"landuse":null,"provenance":"OpenStreetMap / ODbL 1.0"},"geometry":{"type":"LineString","coordinates":[[109.1617951,18.38202],[109.1653381,18.3817126],[109.1657437,18.3820037]]}},{"type":"Feature","id":"1113530431","properties":{"osm_id":"1113530431","name":"","highway":null,"waterway":null,"natural":null,"landuse":"residential","provenance":"OpenStreetMap / ODbL 1.0"},"geometry":{"type":"Polygon","coordinates":[[[109.165229,18.3807505],[109.1653901,18.3799957],[109.1663363,18.3798921],[109.1675737,18.3800302],[109.1688578,18.3802177],[109.1687175,18.3806223],[109.1680676,18.3806617],[109.1679948,18.3809578],[109.1675477,18.3808394],[109.1675737,18.3815498],[109.1671786,18.3815498],[109.1674489,18.3819741],[109.1671318,18.3821122],[109.1668822,18.3814067],[109.1663935,18.381461],[109.1663623,18.3810071],[109.165229,18.3807505]]]}},{"type":"Feature","id":"1113530433","properties":{"osm_id":"1113530433","name":"","highway":"residential","waterway":null,"natural":null,"landuse":null,"provenance":"OpenStreetMap / ODbL 1.0"},"geometry":{"type":"LineString","coordinates":[[109.1689975,18.3767224],[109.1691698,18.3770552],[109.1694505,18.3771686],[109.1698976,18.3772525],[109.1701992,18.3772969],[109.1706567,18.3772772],[109.1711662,18.3771785],[109.1712078,18.376468],[109.1711506,18.3762263],[109.171031,18.3757625],[109.1710518,18.3753776],[109.170991,18.3751112]]}},{"type":"Feature","id":"1113530434","properties":{"osm_id":"1113530434","name":"","highway":"residential","waterway":null,"natural":null,"landuse":null,"provenance":"OpenStreetMap / ODbL 1.0"},"geometry":{"type":"LineString","coordinates":[[109.1698976,18.3772525],[109.169971,18.3775105],[109.1698099,18.3785682],[109.1698502,18.3787806],[109.1702127,18.3795155],[109.1713989,18.3792011],[109.1756825,18.3780288]]}},{"type":"Feature","id":"1113530439","properties":{"osm_id":"1113530439","name":"","highway":"tertiary","waterway":null,"natural":null,"landuse":null,"provenance":"OpenStreetMap / ODbL 1.0"},"geometry":{"type":"LineString","coordinates":[[109.1455545,18.3786128],[109.1453962,18.3805167],[109.145193,18.3829606],[109.1450636,18.3845168]]}},{"type":"Feature","id":"1113530448","properties":{"osm_id":"1113530448","name":"","highway":null,"waterway":null,"natural":"water","landuse":null,"provenance":"OpenStreetMap / ODbL 1.0"},"geometry":{"type":"Polygon","coordinates":[[[109.1462138,18.3846388],[109.1462138,18.384925],[109.1455756,18.3851114],[109.145302,18.3855174],[109.1449934,18.385544],[109.1447129,18.3858435],[109.1446708,18.3861763],[109.1439624,18.3868219],[109.1435415,18.3869617],[109.1435275,18.3872013],[109.1426508,18.3874276],[109.1414233,18.3873943],[109.1404063,18.387188],[109.1399995,18.3870549],[109.1393612,18.3870283],[109.1391228,18.3868419],[109.139242,18.3867687],[109.1394875,18.3860166],[109.1399785,18.3861231],[109.1400556,18.3858901],[109.140764,18.3864625],[109.1418862,18.3867021],[109.1427349,18.3865624],[109.1435836,18.3863294],[109.1439834,18.3858701],[109.1447199,18.3852844],[109.1453652,18.384539],[109.1458421,18.3842993],[109.1467539,18.3841529],[109.1473501,18.3846987],[109.1482619,18.3850714],[109.149321,18.3857636],[109.1504643,18.3862362],[109.1511025,18.3862029],[109.1521616,18.3859434],[109.15233,18.3857503],[109.152358,18.385158],[109.1531857,18.3851979],[109.1531997,18.3853709],[109.1529542,18.3854109],[109.1528139,18.3857237],[109.1526737,18.3857237],[109.1524773,18.3860166],[109.1515164,18.3863693],[109.150338,18.3864891],[109.1497138,18.3862229],[109.1487248,18.3857703],[109.1473361,18.3849916],[109.1466627,18.3843326],[109.1456317,18.3846388],[109.1462138,18.3846388]]]}},{"type":"Feature","id":"1113530449","properties":{"osm_id":"1113530449","name":"","highway":null,"waterway":null,"natural":null,"landuse":"residential","provenance":"OpenStreetMap / ODbL 1.0"},"geometry":{"type":"Polygon","coordinates":[[[109.1438291,18.3748743],[109.1427279,18.373776],[109.1420265,18.3744549],[109.1414724,18.3758927],[109.1419985,18.3769777],[109.1428051,18.377184],[109.1443201,18.3774968],[109.1445024,18.3768978],[109.1448952,18.3766448],[109.1456597,18.3767513],[109.1459263,18.3759193],[109.1454914,18.3758594],[109.1455615,18.3755865],[109.1441486,18.3748057],[109.1441064,18.375075],[109.1438291,18.3748743]]]}},{"type":"Feature","id":"1113530450","properties":{"osm_id":"1113530450","name":"","highway":null,"waterway":null,"natural":null,"landuse":"residential","provenance":"OpenStreetMap / ODbL 1.0"},"geometry":{"type":"Polygon","coordinates":[[[109.1463165,18.3756424],[109.1458636,18.3768343],[109.1457368,18.3776653],[109.1476993,18.3777971],[109.1482851,18.377373],[109.148424,18.3768286],[109.1495049,18.3769604],[109.14968,18.3762498],[109.1505617,18.376204],[109.1503563,18.3753959],[109.1498551,18.3755507],[109.1493962,18.3744848],[109.148116,18.3752527],[109.1463165,18.3756424]]]}},{"type":"Feature","id":"1113530451","properties":{"osm_id":"1113530451","name":"","highway":"service","waterway":null,"natural":null,"landuse":null,"provenance":"OpenStreetMap / ODbL 1.0"},"geometry":{"type":"LineString","coordinates":[[109.1493779,18.3805132],[109.1496015,18.3792412],[109.1497102,18.3790521],[109.1499216,18.3789833],[109.1500846,18.3790063]]}},{"type":"Feature","id":"1113530452","properties":{"osm_id":"1113530452","name":"海南环岛旅游公路","highway":"primary","waterway":null,"natural":null,"landuse":null,"provenance":"OpenStreetMap / ODbL 1.0"},"geometry":{"type":"LineString","coordinates":[[109.1423675,18.3732047],[109.1460842,18.3672855]]}},{"type":"Feature","id":"1114717563","properties":{"osm_id":"1114717563","name":"","highway":"unclassified","waterway":null,"natural":null,"landuse":null,"provenance":"OpenStreetMap / ODbL 1.0"},"geometry":{"type":"LineString","coordinates":[[109.1870493,18.4056346],[109.1876501,18.4038327],[109.1874999,18.4029979],[109.1871673,18.4016541],[109.1826612,18.3956782],[109.1818243,18.3943548],[109.1797215,18.3913107]]}},{"type":"Feature","id":"1114717564","properties":{"osm_id":"1114717564","name":"","highway":"unclassified","waterway":null,"natural":null,"landuse":null,"provenance":"OpenStreetMap / ODbL 1.0"},"geometry":{"type":"LineString","coordinates":[[109.1758946,18.3950542],[109.1797215,18.3913107],[109.1809446,18.3901195]]}},{"type":"Feature","id":"1114717565","properties":{"osm_id":"1114717565","name":"","highway":"unclassified","waterway":null,"natural":null,"landuse":null,"provenance":"OpenStreetMap / ODbL 1.0"},"geometry":{"type":"LineString","coordinates":[[109.1605449,18.3949323],[109.1648406,18.394314],[109.1659027,18.3931534],[109.1667718,18.3917281],[109.1675443,18.3909646],[109.1695974,18.3890469],[109.169969,18.3886942],[109.1750652,18.3873401],[109.178553,18.3884575],[109.1792601,18.388684],[109.1809446,18.3901195],[109.1816205,18.3906082],[109.1846353,18.3941817],[109.1902143,18.3992618],[109.1907615,18.3999133],[109.1918129,18.4039854],[109.1891411,18.4075117]]}},{"type":"Feature","id":"1114717566","properties":{"osm_id":"1114717566","name":"","highway":"unclassified","waterway":null,"natural":null,"landuse":null,"provenance":"OpenStreetMap / ODbL 1.0"},"geometry":{"type":"LineString","coordinates":[[109.1844307,18.4067589],[109.1717423,18.3948912],[109.1696653,18.3929484],[109.1675443,18.3909646]]}},{"type":"Feature","id":"1114717567","properties":{"osm_id":"1114717567","name":"","highway":"unclassified","waterway":null,"natural":null,"landuse":null,"provenance":"OpenStreetMap / ODbL 1.0"},"geometry":{"type":"LineString","coordinates":[[109.178553,18.3884575],[109.1737511,18.3930096],[109.1717423,18.3948912],[109.1660766,18.400358]]}},{"type":"Feature","id":"1114717568","properties":{"osm_id":"1114717568","name":"","highway":"unclassified","waterway":null,"natural":null,"landuse":null,"provenance":"OpenStreetMap / ODbL 1.0"},"geometry":{"type":"LineString","coordinates":[[109.1639564,18.3984103],[109.1696653,18.3929484],[109.1716729,18.3910276]]}},{"type":"Feature","id":"1114717569","properties":{"osm_id":"1114717569","name":"","highway":null,"waterway":null,"natural":null,"landuse":"residential","provenance":"OpenStreetMap / ODbL 1.0"},"geometry":{"type":"Polygon","coordinates":[[[109.1601736,18.3950369],[109.1585964,18.3944057],[109.1591221,18.392451],[109.1612786,18.3923593],[109.1601736,18.3950369]]]}},{"type":"Feature","id":"1114717571","properties":{"osm_id":"1114717571","name":"","highway":"residential","waterway":null,"natural":null,"landuse":null,"provenance":"OpenStreetMap / ODbL 1.0"},"geometry":{"type":"LineString","coordinates":[[109.1618584,18.3897224],[109.1622721,18.390256],[109.1624632,18.3903697],[109.1635352,18.390591],[109.1637133,18.3907354],[109.1638655,18.3908092],[109.1645003,18.3909075]]}},{"type":"Feature","id":"1114717596","properties":{"osm_id":"1114717596","name":"","highway":null,"waterway":null,"natural":null,"landuse":"residential","provenance":"OpenStreetMap / ODbL 1.0"},"geometry":{"type":"Polygon","coordinates":[[[109.1530976,18.4002301],[109.1532907,18.3989168],[109.1532907,18.3980311],[109.1524003,18.3975323],[109.1523466,18.3964939],[109.1527221,18.396331],[109.1534624,18.3967687],[109.153478,18.3989301],[109.1540681,18.3993679],[109.153875,18.4000703],[109.1530976,18.4002301]]]}},{"type":"Feature","id":"1114717597","properties":{"osm_id":"1114717597","name":"","highway":null,"waterway":null,"natural":null,"landuse":"residential","provenance":"OpenStreetMap / ODbL 1.0"},"geometry":{"type":"Polygon","coordinates":[[[109.1511176,18.3912132],[109.1512786,18.3898693],[109.1516863,18.3892178],[109.1522334,18.3893501],[109.1535424,18.3900017],[109.153478,18.3903682],[109.1520189,18.3912336],[109.1511176,18.3912132]]]}},{"type":"Feature","id":"1376751186","properties":{"osm_id":"1376751186","name":"","highway":null,"waterway":"drain","natural":null,"landuse":null,"provenance":"OpenStreetMap / ODbL 1.0"},"geometry":{"type":"LineString","coordinates":[[109.1785215,18.3461382],[109.1792003,18.3464152],[109.1794899,18.3466189],[109.1797689,18.347123],[109.1806218,18.3488796],[109.1809276,18.3490527],[109.1817805,18.3492462],[109.1851279,18.3495364],[109.185364,18.3496026],[109.1884324,18.3527951],[109.1886255,18.353182],[109.1887972,18.3535842],[109.1888455,18.3539457],[109.1888455,18.3541494],[109.1877833,18.3576371],[109.1879121,18.3576523],[109.1880623,18.3577745],[109.1882768,18.3581971],[109.188529,18.3587826],[109.1887114,18.3593427],[109.189221,18.3611857],[109.1896287,18.3624891],[109.1898111,18.3629117],[109.1900954,18.3631764],[109.1921553,18.3646987],[109.1923431,18.3649482],[109.1927615,18.3664144],[109.1929332,18.3670763],[109.1938183,18.3740256],[109.1932872,18.3744532],[109.1930673,18.3748401],[109.1929117,18.3754205],[109.1929707,18.3766881],[109.192783,18.3774619],[109.192504,18.3779404],[109.1924343,18.378475],[109.192445,18.3786302]]}},{"type":"Feature","id":"1376751187","properties":{"osm_id":"1376751187","name":"","highway":null,"waterway":"drain","natural":null,"landuse":null,"provenance":"OpenStreetMap / ODbL 1.0"},"geometry":{"type":"LineString","coordinates":[[109.192445,18.3786302],[109.1924933,18.378844]]}},{"type":"Feature","id":"1560007104","properties":{"osm_id":"1560007104","name":"","highway":"residential","waterway":null,"natural":null,"landuse":null,"provenance":"OpenStreetMap / ODbL 1.0"},"geometry":{"type":"LineString","coordinates":[[109.148622,18.3648644],[109.1490755,18.3649032],[109.1500695,18.3651644]]}}]}